# Blender 4.1.1
# www.blender.org
mtllib Ghost.mtl
o 平面
v 0.682689 -1.925834 -0.495791
v -0.295456 -1.919805 -0.611052
v 0.546881 -1.959023 0.548754
v -0.703972 -1.927410 0.348101
v 0.570548 -1.916866 0.512500
v 0.583027 -1.875080 0.470669
v 0.581338 -1.834043 0.426334
v 0.565370 -1.793836 0.384124
v 0.536731 -1.754519 0.348242
v 0.498485 -1.716118 0.321471
v 0.454170 -1.678632 0.304578
v 0.406746 -1.642022 0.296503
v 0.358107 -1.606150 0.295000
v 0.309275 -1.570544 0.296005
v 0.261270 -1.534181 0.291009
v 0.220661 -1.496681 0.266614
v 0.199372 -1.459731 0.223829
v 0.221823 -1.428478 0.177227
v 0.272236 -1.402436 0.156388
v 0.327377 -1.377962 0.160309
v 0.379491 -1.353500 0.178776
v 0.428344 -1.328792 0.204436
v 0.475513 -1.303929 0.232933
v 0.522916 -1.279035 0.260994
v 0.572560 -1.254267 0.284979
v 0.625886 -1.229929 0.299698
v 0.681669 -1.206733 0.298092
v 0.732571 -1.186188 0.272811
v 0.762636 -1.170685 0.222733
v 0.755361 -1.161854 0.163390
v 0.712887 -1.158208 0.120547
v 0.654331 -1.156633 0.105655
v 0.593983 -1.154974 0.108671
v 0.533935 -1.153257 0.115368
v 0.473985 -1.151624 0.107851
v 0.429158 -1.151084 0.067316
v 0.431913 -1.153379 0.006985
v 0.476957 -1.157812 -0.033068
v 0.533765 -1.162478 -0.053174
v 0.590190 -1.167053 -0.074361
v 0.633621 -1.171869 -0.116119
v 0.633235 -1.179790 -0.176031
v 0.585490 -1.191669 -0.211123
v 0.526441 -1.204541 -0.211037
v 0.469703 -1.217096 -0.194408
v 0.414479 -1.229426 -0.173121
v 0.359061 -1.241663 -0.152260
v 0.302125 -1.253857 -0.135984
v 0.243135 -1.266382 -0.131731
v 0.188040 -1.282175 -0.150938
v 0.160437 -1.306330 -0.198970
v 0.180386 -1.339699 -0.245225
v 0.219637 -1.374365 -0.275362
v 0.260639 -1.408896 -0.303304
v 0.308163 -1.443408 -0.317550
v 0.357879 -1.477332 -0.312125
v 0.404588 -1.510052 -0.292128
v 0.450233 -1.542341 -0.269147
v 0.497694 -1.575145 -0.251088
v 0.547139 -1.608888 -0.242665
v 0.596357 -1.643724 -0.246896
v 0.641416 -1.679806 -0.264823
v 0.678164 -1.717264 -0.294823
v 0.703632 -1.756178 -0.333429
v 0.716396 -1.796577 -0.376534
v 0.716312 -1.838441 -0.420121
v 0.704133 -1.881687 -0.460533
v 0.653081 -1.884774 -0.528796
v 0.615951 -1.844538 -0.554373
v 0.572541 -1.805398 -0.569735
v 0.525884 -1.767217 -0.573993
v 0.478911 -1.729835 -0.566978
v 0.434296 -1.693104 -0.549263
v 0.394176 -1.656918 -0.522160
v 0.359735 -1.621218 -0.487616
v 0.330849 -1.585966 -0.447901
v 0.305813 -1.551026 -0.405397
v 0.281120 -1.516070 -0.362714
v 0.252095 -1.480742 -0.323191
v 0.215751 -1.445046 -0.290675
v 0.172812 -1.409225 -0.267731
v 0.123842 -1.373837 -0.266567
v 0.088776 -1.343420 -0.305266
v 0.086900 -1.318874 -0.360475
v 0.105671 -1.296969 -0.413608
v 0.132507 -1.275273 -0.463258
v 0.161177 -1.253544 -0.511861
v 0.188187 -1.231597 -0.561293
v 0.209116 -1.209224 -0.613396
v 0.215004 -1.186376 -0.669035
v 0.192290 -1.164361 -0.720529
v 0.139010 -1.146989 -0.743151
v 0.084503 -1.136714 -0.719147
v 0.057899 -1.131377 -0.665138
v 0.059999 -1.127566 -0.604852
v 0.073702 -1.123729 -0.546100
v 0.084887 -1.119795 -0.486831
v 0.071138 -1.115697 -0.428117
v 0.018781 -1.113477 -0.398002
v -0.036053 -1.115435 -0.423344
v -0.059125 -1.119998 -0.479021
v -0.061103 -1.124913 -0.539232
v -0.059916 -1.129755 -0.599479
v -0.068059 -1.134403 -0.659191
v -0.101750 -1.139884 -0.709072
v -0.158924 -1.149637 -0.726061
v -0.210278 -1.165436 -0.698399
v -0.234084 -1.185148 -0.646468
v -0.236177 -1.206081 -0.589814
v -0.227560 -1.227270 -0.533871
v -0.214383 -1.248512 -0.478834
v -0.199896 -1.269742 -0.424116
v -0.186468 -1.290911 -0.369099
v -0.176548 -1.311980 -0.313303
v -0.173542 -1.333014 -0.256701
v -0.182759 -1.354506 -0.200951
v -0.210938 -1.378155 -0.152987
v -0.258332 -1.407545 -0.129695
v -0.304909 -1.443825 -0.142607
v -0.336502 -1.482813 -0.176301
v -0.349997 -1.522743 -0.219614
v -0.341192 -1.562248 -0.264486
v -0.315791 -1.600129 -0.304130
v -0.285421 -1.637135 -0.341036
v -0.257470 -1.674496 -0.379482
v -0.235837 -1.712749 -0.421001
v -0.223421 -1.752033 -0.465242
v -0.222851 -1.792418 -0.510218
v -0.235556 -1.833925 -0.552277
v -0.260940 -1.876515 -0.586831
v -0.334628 -1.877656 -0.629519
v -0.378255 -1.836166 -0.634737
v -0.421953 -1.795717 -0.624394
v -0.460536 -1.756394 -0.599535
v -0.489697 -1.718238 -0.562835
v -0.506625 -1.681252 -0.518129
v -0.510403 -1.645376 -0.469632
v -0.501998 -1.610486 -0.420997
v -0.483762 -1.576396 -0.374533
v -0.458616 -1.542886 -0.330959
v -0.429420 -1.509719 -0.289710
v -0.398752 -1.476655 -0.249462
v -0.368891 -1.443502 -0.208691
v -0.342098 -1.410128 -0.166020
v -0.324906 -1.376083 -0.119165
v -0.355945 -1.344630 -0.077946
v -0.410100 -1.318159 -0.073429
v -0.462027 -1.293984 -0.092784
v -0.509064 -1.269125 -0.121525
v -0.553354 -1.243613 -0.153840
v -0.597232 -1.217981 -0.186588
v -0.644996 -1.192298 -0.213269
v -0.699311 -1.167246 -0.221899
v -0.752021 -1.144812 -0.202648
v -0.788454 -1.126830 -0.157909
v -0.797417 -1.114294 -0.099474
v -0.773866 -1.107651 -0.044213
v -0.723214 -1.106431 -0.011264
v -0.662810 -1.108186 -0.010191
v -0.606319 -1.110749 -0.031531
v -0.553259 -1.113439 -0.060347
v -0.496107 -1.115951 -0.079837
v -0.435750 -1.117795 -0.076813
v -0.376814 -1.118826 -0.063731
v -0.372418 -1.127391 -0.004143
v -0.416218 -1.140532 0.035373
v -0.468163 -1.153553 0.063412
v -0.516264 -1.166330 0.097716
v -0.540460 -1.179611 0.151487
v -0.515295 -1.193678 0.204601
v -0.459143 -1.207011 0.222523
v -0.400607 -1.219099 0.213571
v -0.344304 -1.230559 0.194796
v -0.288243 -1.241884 0.175194
v -0.230528 -1.253340 0.161294
v -0.171431 -1.266075 0.161698
v -0.119369 -1.283283 0.187139
v -0.099050 -1.310973 0.236864
v -0.120792 -1.347981 0.279401
v -0.158457 -1.386535 0.306744
v -0.200126 -1.425131 0.327426
v -0.245051 -1.463724 0.339483
v -0.291754 -1.502002 0.337050
v -0.336010 -1.539271 0.319613
v -0.376388 -1.575485 0.292951
v -0.416105 -1.611436 0.264937
v -0.457902 -1.647802 0.240733
v -0.502576 -1.684873 0.223857
v -0.549224 -1.722733 0.217153
v -0.595284 -1.761485 0.222702
v -0.636993 -1.801268 0.240898
v -0.670516 -1.842204 0.270104
v -0.692904 -1.884359 0.307164
v -0.707627 -1.885154 0.391144
v -0.698508 -1.843940 0.434385
v -0.675437 -1.804315 0.473755
v -0.640683 -1.766284 0.505355
v -0.597479 -1.729691 0.526509
v -0.549420 -1.694286 0.536004
v -0.499831 -1.659796 0.533928
v -0.451342 -1.625980 0.521343
v -0.405647 -1.592669 0.500002
v -0.363355 -1.559749 0.472058
v -0.323972 -1.527109 0.439853
v -0.285903 -1.494568 0.406016
v -0.246712 -1.461907 0.373612
v -0.204301 -1.429036 0.345803
v -0.158669 -1.396054 0.323825
v -0.109734 -1.362874 0.311286
v -0.062012 -1.331172 0.330500
v -0.048497 -1.307109 0.384270
v -0.069743 -1.288440 0.437697
v -0.106064 -1.271510 0.482968
v -0.145988 -1.254667 0.525134
v -0.182373 -1.237281 0.570159
v -0.202092 -1.218560 0.624133
v -0.181085 -1.199756 0.677585
v -0.123391 -1.185783 0.688912
v -0.076756 -1.176638 0.651566
v -0.055490 -1.169215 0.595474
v -0.047998 -1.161747 0.535955
v -0.041717 -1.154203 0.476311
v -0.022561 -1.146636 0.419488
v 0.025801 -1.140717 0.383728
v 0.083554 -1.139632 0.401510
v 0.107313 -1.141845 0.457041
v 0.098236 -1.144678 0.516731
v 0.076637 -1.147434 0.573118
v 0.057937 -1.150167 0.630535
v 0.054981 -1.152802 0.690846
v 0.081523 -1.156975 0.744986
v 0.134889 -1.165565 0.772018
v 0.191695 -1.180884 0.758210
v 0.226459 -1.202048 0.713537
v 0.232707 -1.226201 0.658491
v 0.217951 -1.251248 0.605504
v 0.191886 -1.276359 0.557095
v 0.161632 -1.301383 0.511128
v 0.132050 -1.326359 0.464690
v 0.107660 -1.351355 0.415337
v 0.094533 -1.376584 0.361988
v 0.101372 -1.402881 0.307989
v 0.134906 -1.432225 0.267152
v 0.184407 -1.466274 0.260738
v 0.224816 -1.502508 0.287302
v 0.251749 -1.538378 0.327777
v 0.264706 -1.573216 0.375430
v 0.272775 -1.607454 0.424590
v 0.282833 -1.641888 0.473253
v 0.299049 -1.677063 0.519670
v 0.323949 -1.713320 0.561142
v 0.358221 -1.750926 0.593779
v 0.399866 -1.790048 0.613491
v 0.444412 -1.830681 0.617702
v 0.486435 -1.872633 0.606459
v 0.521177 -1.915609 0.582015
v 0.677525 -1.840435 -0.495791
v 0.645548 -1.799608 -0.526823
v 0.607071 -1.759588 -0.550686
v 0.563213 -1.720548 -0.564936
v 0.516421 -1.682449 -0.568037
v 0.469647 -1.645162 -0.559531
v 0.425769 -1.608544 -0.539925
v 0.387117 -1.572497 -0.510645
v 0.354915 -1.536977 -0.473869
v 0.328409 -1.501909 -0.432407
v 0.304090 -1.466998 -0.389493
v 0.277220 -1.431849 -0.348326
v 0.244341 -1.396309 -0.312159
v 0.204968 -1.360556 -0.283473
v 0.159121 -1.324762 -0.267156
v 0.112398 -1.291299 -0.285786
v 0.092712 -1.263937 -0.335935
v 0.102215 -1.240999 -0.391033
v 0.125521 -1.219020 -0.442282
v 0.154044 -1.197297 -0.490943
v 0.182178 -1.175447 -0.539771
v 0.205089 -1.153198 -0.591082
v 0.215493 -1.130455 -0.646099
v 0.200738 -1.108050 -0.700248
v 0.153334 -1.089210 -0.732643
v 0.095596 -1.077289 -0.719377
v 0.062541 -1.071237 -0.669147
v 0.060458 -1.067261 -0.608888
v 0.074325 -1.063426 -0.550189
v 0.085429 -1.059484 -0.490912
v 0.071294 -1.055390 -0.432293
v 0.018729 -1.053198 -0.402552
v -0.035890 -1.055190 -0.428343
v -0.059260 -1.059744 -0.483893
v -0.061502 -1.064666 -0.544087
v -0.060362 -1.069511 -0.604319
v -0.072548 -1.074259 -0.663312
v -0.112032 -1.080315 -0.708662
v -0.171058 -1.091387 -0.715390
v -0.216844 -1.108307 -0.679771
v -0.234489 -1.128425 -0.625587
v -0.232936 -1.149447 -0.568949
v -0.222156 -1.170663 -0.513394
v -0.207726 -1.191921 -0.458687
v -0.193155 -1.213145 -0.404003
v -0.181274 -1.234272 -0.348636
v -0.175195 -1.255312 -0.292306
v -0.179360 -1.276563 -0.235885
v -0.199975 -1.299167 -0.183771
v -0.240972 -1.325902 -0.148339
v -0.291167 -1.359434 -0.145815
v -0.328813 -1.397720 -0.173495
v -0.349445 -1.437439 -0.214086
v -0.349748 -1.477310 -0.259484
v -0.331209 -1.515972 -0.302063
v -0.302570 -1.553314 -0.339975
v -0.272248 -1.590317 -0.376901
v -0.247199 -1.628112 -0.416851
v -0.232000 -1.667104 -0.460440
v -0.229299 -1.707304 -0.505469
v -0.240423 -1.748685 -0.548066
v -0.264213 -1.791120 -0.583906
v -0.297051 -1.834268 -0.610589
v 0.696689 -1.796504 -0.458978
v 0.670536 -1.755124 -0.494424
v 0.637614 -1.714417 -0.524620
v 0.598248 -1.674560 -0.547300
v 0.553886 -1.635646 -0.560325
v 0.506931 -1.597651 -0.562098
v 0.460395 -1.560472 -0.551935
v 0.417397 -1.523983 -0.530239
v 0.380536 -1.488101 -0.498543
v 0.350780 -1.452775 -0.459586
v 0.325819 -1.417808 -0.417093
v 0.300810 -1.382812 -0.374653
v 0.271156 -1.347474 -0.335620
v 0.234626 -1.311794 -0.303354
v 0.193362 -1.276026 -0.277416
v 0.144247 -1.240880 -0.275852
v 0.107120 -1.210186 -0.312311
v 0.102692 -1.185411 -0.367251
v 0.119553 -1.162859 -0.420728
v 0.146213 -1.141008 -0.470379
v 0.175103 -1.119213 -0.518790
v 0.200126 -1.097092 -0.569156
v 0.214495 -1.074476 -0.623319
v 0.207062 -1.051866 -0.678859
v 0.166971 -1.031819 -0.719378
v 0.108129 -1.018157 -0.717851
v 0.068282 -1.011159 -0.672957
v 0.061357 -1.006971 -0.613076
v 0.074695 -1.003115 -0.554263
v 0.085894 -0.999156 -0.495006
v 0.071452 -0.995072 -0.436466
v 0.018679 -0.992911 -0.407098
v -0.035721 -0.994932 -0.433338
v -0.059306 -0.999479 -0.488794
v -0.061631 -1.004421 -0.548982
v -0.061340 -1.009279 -0.609217
v -0.078204 -1.014166 -0.667034
v -0.123393 -1.020965 -0.706581
v -0.182386 -1.033406 -0.702516
v -0.221746 -1.051286 -0.660300
v -0.233642 -1.071709 -0.604687
v -0.228601 -1.092808 -0.548286
v -0.215687 -1.114061 -0.493206
v -0.200456 -1.135332 -0.438726
v -0.186816 -1.156527 -0.383796
v -0.178065 -1.177602 -0.327834
v -0.178040 -1.198728 -0.271213
v -0.192051 -1.220664 -0.216674
v -0.225366 -1.245420 -0.172758
v -0.274398 -1.275985 -0.155090
v -0.319174 -1.312765 -0.172065
v -0.345708 -1.352159 -0.209442
v -0.355173 -1.392123 -0.253686
v -0.343235 -1.431286 -0.298127
v -0.317856 -1.469116 -0.337830
v -0.287547 -1.506194 -0.374692
v -0.259604 -1.543586 -0.413073
v -0.241012 -1.582197 -0.455676
v -0.235761 -1.622164 -0.500692
v -0.245006 -1.663378 -0.543908
v -0.267440 -1.705657 -0.580806
v -0.299640 -1.748719 -0.608401
v -0.337613 -1.792256 -0.626149
v 0.707226 -1.753464 -0.417894
v 0.689017 -1.711277 -0.457158
v 0.662865 -1.669848 -0.492544
v 0.629310 -1.629223 -0.522149
v 0.589277 -1.589494 -0.543863
v 0.544468 -1.550707 -0.555678
v 0.497386 -1.512831 -0.555987
v 0.451200 -1.475775 -0.543957
v 0.409352 -1.439435 -0.519898
v 0.374608 -1.403741 -0.485699
v 0.346958 -1.368575 -0.445081
v 0.322571 -1.333621 -0.402251
v 0.296060 -1.298498 -0.360846
v 0.263321 -1.263003 -0.324546
v 0.223957 -1.227310 -0.295804
v 0.179179 -1.191539 -0.276814
v 0.131969 -1.158116 -0.294209
v 0.109496 -1.130440 -0.342989
v 0.115837 -1.106851 -0.398259
v 0.138333 -1.084726 -0.449803
v 0.166998 -1.062924 -0.498342
v 0.194024 -1.040912 -0.547710
v 0.212100 -1.018427 -0.600800
v 0.211281 -0.995740 -0.656792
v 0.179331 -0.974768 -0.703585
v 0.121816 -0.959382 -0.713868
v 0.075140 -0.951154 -0.676375
v 0.062745 -0.946692 -0.617404
v 0.074976 -0.942808 -0.558359
v 0.086259 -0.938817 -0.499121
v 0.071605 -0.934741 -0.440637
v 0.018637 -0.932614 -0.411628
v -0.035530 -0.934660 -0.438340
v -0.059212 -0.939207 -0.493750
v -0.061676 -0.944181 -0.553930
v -0.062865 -0.949054 -0.614146
v -0.084923 -0.954128 -0.670172
v -0.135525 -0.961872 -0.702291
v -0.192496 -0.975666 -0.687639
v -0.224999 -0.994337 -0.640252
v -0.231475 -1.015000 -0.583845
v -0.223018 -1.036178 -0.527888
v -0.208327 -1.057471 -0.473273
v -0.193280 -1.078732 -0.418741
v -0.182104 -1.099869 -0.363238
v -0.178475 -1.120950 -0.306719
v -0.186849 -1.142474 -0.250876
v -0.212520 -1.165854 -0.201422
v -0.256733 -1.193756 -0.171137
v -0.306305 -1.228155 -0.173774
v -0.339683 -1.267017 -0.205791
v -0.357390 -1.306762 -0.247574
v -0.352637 -1.346287 -0.293017
v -0.331192 -1.384574 -0.334556
v -0.302004 -1.421897 -0.372064
v -0.272752 -1.459145 -0.409605
v -0.250831 -1.497344 -0.450985
v -0.242478 -1.537007 -0.495799
v -0.249605 -1.578024 -0.539599
v -0.270824 -1.620163 -0.577363
v -0.302649 -1.663170 -0.605469
v -0.340814 -1.706800 -0.622567
v -0.381616 -1.750932 -0.628912
v 0.706463 -1.711689 -0.374246
v 0.698546 -1.668384 -0.415660
v 0.681016 -1.626044 -0.455067
v 0.654799 -1.584580 -0.490365
v 0.620748 -1.544017 -0.519482
v 0.580157 -1.504398 -0.540338
v 0.534947 -1.465734 -0.550962
v 0.487779 -1.427986 -0.549691
v 0.442089 -1.391073 -0.535531
v 0.401711 -1.354911 -0.508839
v 0.369182 -1.319409 -0.472342
v 0.343109 -1.284338 -0.430617
v 0.318554 -1.249341 -0.387924
v 0.289796 -1.214072 -0.348183
v 0.253670 -1.178459 -0.315398
v 0.212920 -1.142771 -0.288582
v 0.163961 -1.107588 -0.285149
v 0.125621 -1.076786 -0.320212
v 0.117206 -1.051321 -0.374358
v 0.132073 -1.028564 -0.428331
v 0.158412 -1.006629 -0.478110
v 0.186679 -0.984677 -0.526808
v 0.208241 -0.962315 -0.578633
v 0.213464 -0.939625 -0.634379
v 0.189936 -0.917985 -0.685638
v 0.136135 -0.900976 -0.707220
v 0.083518 -0.891290 -0.679132
v 0.064807 -0.886429 -0.621882
v 0.075299 -0.882506 -0.562512
v 0.086508 -0.878468 -0.503265
v 0.071745 -0.874397 -0.444811
v 0.018600 -0.872306 -0.416130
v -0.035300 -0.874377 -0.443366
v -0.059007 -0.878935 -0.498763
v -0.061782 -0.883950 -0.558925
v -0.065049 -0.888834 -0.619058
v -0.092669 -0.894159 -0.672537
v -0.147901 -0.903057 -0.695382
v -0.201120 -0.918126 -0.671083
v -0.226597 -0.937445 -0.619824
v -0.227876 -0.958310 -0.563139
v -0.216291 -0.979567 -0.507777
v -0.200678 -1.000883 -0.453430
v -0.187247 -1.022099 -0.398463
v -0.180356 -1.043192 -0.342253
v -0.183937 -1.064477 -0.285810
v -0.202681 -1.086940 -0.232939
v -0.240140 -1.112702 -0.193144
v -0.290168 -1.144377 -0.181172
v -0.332445 -1.181834 -0.202534
v -0.356176 -1.221310 -0.241664
v -0.359454 -1.261054 -0.287058
v -0.342836 -1.299773 -0.330365
v -0.315455 -1.337397 -0.368915
v -0.285840 -1.374673 -0.406138
v -0.261413 -1.412561 -0.446389
v -0.249620 -1.451851 -0.490762
v -0.254308 -1.492634 -0.535104
v -0.274329 -1.534641 -0.573658
v -0.305885 -1.577609 -0.602120
v -0.344238 -1.621318 -0.618579
v -0.385068 -1.665642 -0.623146
v -0.424884 -1.710626 -0.616489
v 0.692780 -1.671388 -0.331359
v 0.696773 -1.626739 -0.371903
v 0.689849 -1.583255 -0.413308
v 0.672793 -1.540794 -0.452792
v 0.646459 -1.499305 -0.487975
v 0.611971 -1.458794 -0.516642
v 0.570885 -1.419271 -0.536695
v 0.525312 -1.380728 -0.546127
v 0.478115 -1.343120 -0.543131
v 0.433116 -1.306376 -0.526535
v 0.394490 -1.270416 -0.497121
v 0.364069 -1.235072 -0.458705
v 0.339107 -1.200049 -0.416273
v 0.313684 -1.164981 -0.374157
v 0.282072 -1.129580 -0.336792
v 0.243166 -1.093950 -0.307421
v 0.198855 -1.058216 -0.287263
v 0.151140 -1.024708 -0.302986
v 0.125801 -0.996605 -0.350071
v 0.129195 -0.972674 -0.405454
v 0.150405 -0.950393 -0.457474
v 0.178306 -0.928419 -0.506380
v 0.202820 -0.906155 -0.556923
v 0.213654 -0.883498 -0.611866
v 0.198436 -0.861399 -0.665983
v 0.150476 -0.842942 -0.697726
v 0.093579 -0.831621 -0.680855
v 0.067762 -0.826190 -0.626489
v 0.075571 -0.822212 -0.566716
v 0.086617 -0.818109 -0.507448
v 0.071869 -0.814042 -0.448994
v 0.018573 -0.811985 -0.420598
v -0.035014 -0.814086 -0.448440
v -0.058678 -0.818667 -0.503851
v -0.061953 -0.823727 -0.563979
v -0.068142 -0.828627 -0.623875
v -0.101862 -0.834338 -0.673693
v -0.160107 -0.844501 -0.686141
v -0.208029 -0.860752 -0.653153
v -0.226482 -0.880606 -0.599168
v -0.222825 -0.901651 -0.542656
v -0.208779 -0.922976 -0.487894
v -0.193576 -0.944278 -0.433427
v -0.183529 -0.965429 -0.377720
v -0.182899 -0.986594 -0.321124
v -0.195643 -1.008463 -0.266256
v -0.225846 -1.032632 -0.219846
v -0.272552 -1.061671 -0.194854
v -0.320984 -1.096938 -0.202564
v -0.352070 -1.135949 -0.236633
v -0.363670 -1.175670 -0.280577
v -0.352799 -1.214757 -0.325351
v -0.327916 -1.252708 -0.365245
v -0.298496 -1.290095 -0.402506
v -0.272380 -1.327813 -0.441846
v -0.257336 -1.366725 -0.485567
v -0.259214 -1.407220 -0.530380
v -0.277937 -1.449087 -0.569728
v -0.309278 -1.492025 -0.598469
v -0.347825 -1.535812 -0.614250
v -0.388615 -1.580315 -0.617141
v -0.427770 -1.625515 -0.608370
v -0.462155 -1.671489 -0.589468
v 0.665996 -1.632633 -0.293523
v 0.681939 -1.586569 -0.329263
v 0.687106 -1.541740 -0.369476
v 0.681099 -1.498085 -0.410845
v 0.664388 -1.455521 -0.450366
v 0.637902 -1.414013 -0.485412
v 0.603006 -1.373548 -0.513645
v 0.561467 -1.334116 -0.532918
v 0.515557 -1.295695 -0.541124
v 0.468402 -1.258243 -0.536194
v 0.424327 -1.221699 -0.516904
v 0.387646 -1.185935 -0.484877
v 0.359194 -1.150713 -0.444879
v 0.334840 -1.115706 -0.402087
v 0.307638 -1.080539 -0.361185
v 0.272678 -1.045020 -0.327085
v 0.232346 -1.009372 -0.299575
v 0.183500 -0.974178 -0.295116
v 0.143569 -0.943115 -0.328089
v 0.131679 -0.917260 -0.381383
v 0.144306 -0.894288 -0.435832
v 0.169466 -0.872177 -0.486138
v 0.195879 -0.849970 -0.535749
v 0.211837 -0.827363 -0.589451
v 0.204641 -0.804954 -0.645074
v 0.164119 -0.785271 -0.685297
v 0.105310 -0.772203 -0.680928
v 0.071695 -0.765975 -0.631101
v 0.075432 -0.761921 -0.570945
v 0.086507 -0.757750 -0.511700
v 0.071975 -0.753684 -0.453193
v 0.018553 -0.751654 -0.425037
v -0.034659 -0.753796 -0.453585
v -0.058206 -0.758413 -0.509042
v -0.062075 -0.763514 -0.569123
v -0.072350 -0.768440 -0.628451
v -0.112335 -0.774691 -0.673326
v -0.171625 -0.786202 -0.674522
v -0.213065 -0.803521 -0.634141
v -0.224599 -0.823821 -0.578434
v -0.216476 -0.845024 -0.522450
v -0.201100 -0.866388 -0.468061
v -0.188061 -0.887635 -0.413017
v -0.183410 -0.908771 -0.356599
v -0.190975 -0.930269 -0.300638
v -0.214339 -0.953313 -0.249909
v -0.255309 -0.980079 -0.214494
v -0.305674 -1.012755 -0.207838
v -0.345821 -1.050584 -0.232427
v -0.364868 -1.090166 -0.273915
v -0.360900 -1.129557 -0.319558
v -0.339402 -1.167852 -0.361056
v -0.310652 -1.205395 -0.398675
v -0.283364 -1.243036 -0.437282
v -0.265554 -1.281639 -0.480234
v -0.264429 -1.321802 -0.525372
v -0.281646 -1.363498 -0.565576
v -0.312789 -1.406410 -0.594570
v -0.351543 -1.450279 -0.609598
v -0.392226 -1.494956 -0.610807
v -0.430568 -1.540387 -0.599887
v -0.463494 -1.586591 -0.579038
v -0.489005 -1.633574 -0.550837
v 0.627665 -1.595410 -0.265307
v 0.653639 -1.547998 -0.292344
v 0.670970 -1.501727 -0.327163
v 0.677429 -1.456696 -0.366963
v 0.672270 -1.412877 -0.408274
v 0.655823 -1.370222 -0.447808
v 0.629156 -1.328697 -0.482697
v 0.593867 -1.288275 -0.510497
v 0.551901 -1.248931 -0.528998
v 0.505673 -1.210639 -0.535893
v 0.458654 -1.173369 -0.528785
v 0.415752 -1.137038 -0.506660
v 0.381171 -1.101452 -0.472197
v 0.354528 -1.066326 -0.430895
v 0.330135 -1.031318 -0.388131
v 0.300433 -0.996051 -0.349109
v 0.262403 -0.960450 -0.318576
v 0.218305 -0.924747 -0.297987
v 0.170205 -0.891137 -0.312202
v 0.142038 -0.862693 -0.357426
v 0.141961 -0.838449 -0.412774
v 0.161240 -0.815996 -0.465465
v 0.187661 -0.793783 -0.515079
v 0.207978 -0.771226 -0.567316
v 0.208436 -0.748612 -0.623315
v 0.176446 -0.727929 -0.670167
v 0.118469 -0.713113 -0.678284
v 0.076457 -0.705770 -0.635489
v 0.074956 -0.701634 -0.575240
v 0.086139 -0.697399 -0.516029
v 0.072062 -0.693323 -0.457415
v 0.018536 -0.691310 -0.429462
v -0.034231 -0.693517 -0.458818
v -0.057632 -0.698175 -0.514334
v -0.062189 -0.703303 -0.574354
v -0.077246 -0.708245 -0.632647
v -0.123829 -0.715268 -0.670485
v -0.182016 -0.728153 -0.660691
v -0.216115 -0.746418 -0.614317
v -0.220957 -0.767099 -0.557776
v -0.209195 -0.788428 -0.502489
v -0.194141 -0.809779 -0.448005
v -0.185397 -0.830962 -0.392097
v -0.188201 -0.852252 -0.335618
v -0.205534 -0.874530 -0.282198
v -0.239840 -0.899511 -0.239207
v -0.288247 -0.929551 -0.219141
v -0.335317 -0.965451 -0.231128
v -0.363264 -1.004627 -0.267638
v -0.366967 -1.044206 -0.313118
v -0.349829 -1.082844 -0.356293
v -0.322300 -1.120577 -0.394625
v -0.294212 -1.158198 -0.432669
v -0.274071 -1.196568 -0.474790
v -0.269982 -1.236394 -0.520056
v -0.285473 -1.277882 -0.561169
v -0.316396 -1.320757 -0.590449
v -0.355371 -1.364714 -0.604624
v -0.395871 -1.409574 -0.604072
v -0.433238 -1.455245 -0.590984
v -0.464444 -1.501703 -0.568144
v -0.487779 -1.548933 -0.538498
v -0.502835 -1.596861 -0.504883
v 0.581298 -1.559630 -0.250441
v 0.613603 -1.511037 -0.266221
v 0.640965 -1.463372 -0.291387
v 0.659865 -1.416860 -0.325054
v 0.667690 -1.371613 -0.364362
v 0.663351 -1.327631 -0.405598
v 0.647111 -1.284891 -0.445127
v 0.620237 -1.243351 -0.479838
v 0.584563 -1.202971 -0.507200
v 0.542180 -1.163716 -0.524916
v 0.495643 -1.125571 -0.530374
v 0.448891 -1.088506 -0.520868
v 0.407432 -1.052389 -0.495838
v 0.375128 -1.016961 -0.459084
v 0.350025 -0.981921 -0.416760
v 0.324667 -0.946882 -0.374585
v 0.291717 -0.911478 -0.338416
v 0.251633 -0.875835 -0.310574
v 0.202891 -0.840604 -0.305562
v 0.161544 -0.809355 -0.336531
v 0.145767 -0.783144 -0.388622
v 0.155364 -0.759955 -0.443595
v 0.178749 -0.737620 -0.494657
v 0.202128 -0.715097 -0.545621
v 0.209715 -0.692355 -0.601054
v 0.186886 -0.670874 -0.652657
v 0.132458 -0.654362 -0.672908
v 0.082944 -0.645660 -0.639426
v 0.074821 -0.641343 -0.579714
v 0.085606 -0.637062 -0.520440
v 0.072133 -0.632964 -0.461692
v 0.018522 -0.630948 -0.433909
v -0.033737 -0.633258 -0.464148
v -0.056989 -0.637955 -0.519720
v -0.062751 -0.643088 -0.579627
v -0.083544 -0.648102 -0.636125
v -0.135866 -0.656079 -0.665251
v -0.190891 -0.670339 -0.644880
v -0.217081 -0.689443 -0.593936
v -0.215689 -0.710441 -0.537321
v -0.201627 -0.731845 -0.482602
v -0.189093 -0.753136 -0.427463
v -0.186996 -0.774339 -0.370923
v -0.198995 -0.796112 -0.315856
v -0.226841 -0.819780 -0.267755
v -0.270550 -0.847447 -0.236574
v -0.320786 -0.880902 -0.234452
v -0.358339 -0.919071 -0.262392
v -0.370741 -0.958719 -0.306250
v -0.359082 -0.997696 -0.350918
v -0.333441 -1.035648 -0.390327
v -0.304895 -1.073285 -0.428009
v -0.282724 -1.111482 -0.469257
v -0.275813 -1.151000 -0.514450
v -0.289425 -1.192245 -0.556464
v -0.320087 -1.235063 -0.586097
v -0.359292 -1.279115 -0.599316
v -0.399509 -1.324167 -0.596878
v -0.435713 -1.370093 -0.581585
v -0.464954 -1.416828 -0.556784
v -0.485852 -1.464324 -0.525769
v -0.498327 -1.512504 -0.491455
v -0.503215 -1.561265 -0.456062
v 0.531672 -1.525156 -0.250355
v 0.565987 -1.475596 -0.254911
v 0.599123 -1.426707 -0.267805
v 0.627949 -1.378753 -0.290698
v 0.648570 -1.331971 -0.322956
v 0.657855 -1.286490 -0.361677
v 0.654335 -1.242345 -0.402818
v 0.638260 -1.199522 -0.442327
v 0.611146 -1.157971 -0.476835
v 0.575087 -1.117632 -0.503748
v 0.532287 -1.078474 -0.520647
v 0.485460 -1.040497 -0.524537
v 0.439135 -1.003654 -0.512440
v 0.399450 -0.967743 -0.484424
v 0.369595 -0.932467 -0.445520
v 0.345580 -0.897506 -0.402506
v 0.318426 -0.862406 -0.361519
v 0.281801 -0.826868 -0.329226
v 0.237612 -0.791117 -0.309043
v 0.189262 -0.757466 -0.322221
v 0.158141 -0.728742 -0.365272
v 0.153808 -0.704195 -0.420318
v 0.170397 -0.681531 -0.473827
v 0.194577 -0.659004 -0.524425
v 0.208402 -0.636173 -0.578616
v 0.194961 -0.614068 -0.633167
v 0.146600 -0.595974 -0.664426
v 0.091288 -0.585681 -0.642503
v 0.075397 -0.581041 -0.584390
v 0.085004 -0.576729 -0.524920
v 0.072214 -0.572615 -0.466029
v 0.018517 -0.570571 -0.438420
v -0.033151 -0.573045 -0.469632
v -0.056448 -0.577753 -0.525176
v -0.064041 -0.582859 -0.584874
v -0.091334 -0.588039 -0.638525
v -0.147956 -0.597145 -0.657462
v -0.197903 -0.612751 -0.627357
v -0.215925 -0.632589 -0.573253
v -0.209139 -0.653829 -0.517116
v -0.194786 -0.675250 -0.462479
v -0.187443 -0.696487 -0.406392
v -0.194183 -0.717936 -0.350311
v -0.216320 -0.740678 -0.298909
v -0.254136 -0.766415 -0.259469
v -0.303591 -0.797255 -0.243653
v -0.349027 -0.833691 -0.259617
v -0.371784 -0.873106 -0.299320
v -0.367018 -0.912417 -0.344942
v -0.344058 -0.950617 -0.385736
v -0.315432 -0.988298 -0.423310
v -0.291448 -1.026361 -0.463655
v -0.281826 -1.065606 -0.508590
v -0.293471 -1.106591 -0.551443
v -0.323851 -1.149329 -0.581481
v -0.363289 -1.193479 -0.593640
v -0.403097 -1.238742 -0.589166
v -0.437914 -1.284940 -0.571625
v -0.464941 -1.331970 -0.544932
v -0.483174 -1.379752 -0.512690
v -0.492915 -1.428195 -0.477855
v -0.495277 -1.477190 -0.442519
v -0.491666 -1.526629 -0.407920
v 0.483034 -1.491873 -0.263699
v 0.516295 -1.441561 -0.259761
v 0.550399 -1.391665 -0.260817
v 0.584181 -1.342438 -0.270293
v 0.614497 -1.294155 -0.290401
v 0.637003 -1.247066 -0.320907
v 0.647889 -1.201332 -0.358911
v 0.645223 -1.157017 -0.399936
v 0.629268 -1.114110 -0.439406
v 0.601873 -1.072549 -0.473680
v 0.565419 -1.032256 -0.500123
v 0.522197 -0.993210 -0.516176
v 0.475111 -0.955425 -0.518390
v 0.429431 -0.918815 -0.503480
v 0.391957 -0.883104 -0.472343
v 0.364668 -0.847981 -0.431466
v 0.340948 -0.813073 -0.388245
v 0.310675 -0.777812 -0.349661
v 0.270987 -0.742133 -0.321371
v 0.222193 -0.706918 -0.316832
v 0.179568 -0.675564 -0.345896
v 0.159296 -0.649023 -0.396237
v 0.164790 -0.625609 -0.451673
v 0.185819 -0.602981 -0.503618
v 0.204509 -0.580076 -0.556309
v 0.200321 -0.557489 -0.612146
v 0.160079 -0.537970 -0.652661
v 0.101576 -0.525886 -0.644021
v 0.076738 -0.520714 -0.589185
v 0.084408 -0.516398 -0.529444
v 0.072354 -0.512287 -0.470405
v 0.018517 -0.510183 -0.443072
v -0.032547 -0.512885 -0.475230
v -0.056065 -0.517566 -0.530672
v -0.066289 -0.522606 -0.589975
v -0.100543 -0.528082 -0.639450
v -0.159533 -0.538484 -0.647001
v -0.202781 -0.555387 -0.608440
v -0.212727 -0.575843 -0.552509
v -0.201943 -0.597254 -0.497060
v -0.190086 -0.618634 -0.441812
v -0.190820 -0.639931 -0.385277
v -0.207781 -0.662024 -0.331662
v -0.239865 -0.686307 -0.286617
v -0.285578 -0.714706 -0.259222
v -0.335378 -0.748801 -0.261062
v -0.369105 -0.787402 -0.292982
v -0.373329 -0.826994 -0.338401
v -0.354127 -0.865497 -0.380813
v -0.325850 -0.903247 -0.418578
v -0.300233 -0.941197 -0.458009
v -0.287948 -0.980196 -0.502506
v -0.297560 -1.020916 -0.546109
v -0.327664 -1.063555 -0.576567
v -0.367339 -1.107806 -0.587538
v -0.406579 -1.153300 -0.580869
v -0.439748 -1.199793 -0.561047
v -0.464303 -1.247138 -0.532571
v -0.479672 -1.295221 -0.499292
v -0.486573 -1.343935 -0.464149
v -0.486405 -1.393165 -0.429055
v -0.480715 -1.442803 -0.395017
v -0.470935 -1.492746 -0.362390
v 0.437024 -1.459472 -0.285721
v 0.468893 -1.408736 -0.277851
v 0.501163 -1.358117 -0.270900
v 0.534660 -1.307874 -0.268356
v 0.568744 -1.258273 -0.273979
v 0.600468 -1.209609 -0.290698
v 0.625035 -1.162163 -0.318981
v 0.637734 -1.116143 -0.356067
v 0.635997 -1.071642 -0.396943
v 0.620120 -1.028651 -0.436355
v 0.592390 -0.987083 -0.470352
v 0.555528 -0.946846 -0.496302
v 0.511891 -0.907929 -0.511513
v 0.464588 -0.870359 -0.511955
v 0.419864 -0.833987 -0.493900
v 0.385157 -0.798478 -0.459496
v 0.360316 -0.763512 -0.416960
v 0.335896 -0.728597 -0.374140
v 0.301591 -0.693141 -0.339369
v 0.256799 -0.657329 -0.320603
v 0.208316 -0.623748 -0.333431
v 0.174127 -0.594811 -0.373932
v 0.164406 -0.569952 -0.428143
v 0.177191 -0.547032 -0.482584
v 0.198233 -0.524084 -0.534381
v 0.202697 -0.501123 -0.590053
v 0.172109 -0.480356 -0.637742
v 0.113648 -0.466357 -0.642928
v 0.078741 -0.460359 -0.594002
v 0.083832 -0.456074 -0.533992
v 0.072602 -0.451974 -0.474793
v 0.018517 -0.449787 -0.447965
v -0.032063 -0.452786 -0.480842
v -0.055827 -0.457387 -0.536177
v -0.069288 -0.462314 -0.594825
v -0.111015 -0.468274 -0.638111
v -0.170045 -0.480122 -0.633934
v -0.205361 -0.498237 -0.588473
v -0.207741 -0.519193 -0.531892
v -0.195232 -0.540699 -0.476838
v -0.189348 -0.562021 -0.420615
v -0.200570 -0.583678 -0.365343
v -0.227761 -0.606917 -0.316661
v -0.268464 -0.633287 -0.280679
v -0.318507 -0.664745 -0.268380
v -0.361736 -0.701759 -0.288530
v -0.377283 -0.741378 -0.331368
v -0.363551 -0.780269 -0.375507
v -0.336172 -0.818136 -0.413811
v -0.309101 -0.855996 -0.452346
v -0.294131 -0.894765 -0.496214
v -0.301623 -0.935214 -0.540477
v -0.331499 -0.977735 -0.571322
v -0.371412 -1.022095 -0.580930
v -0.409882 -1.067845 -0.571907
v -0.441108 -1.114661 -0.549802
v -0.462932 -1.162341 -0.519695
v -0.475275 -1.210740 -0.485615
v -0.479285 -1.259730 -0.450400
v -0.476649 -1.309191 -0.415725
v -0.469018 -1.359015 -0.382341
v -0.457806 -1.409101 -0.350402
v -0.444185 -1.459367 -0.319711
v 0.391088 -1.427016 -0.307817
v 0.423319 -1.376366 -0.300804
v 0.454744 -1.325531 -0.291764
v 0.486253 -1.274730 -0.282845
v 0.518947 -1.224205 -0.277250
v 0.552908 -1.174235 -0.278980
v 0.585777 -1.125150 -0.291793
v 0.612513 -1.077293 -0.317270
v 0.627298 -1.030936 -0.353143
v 0.626622 -0.986222 -0.393819
v 0.610783 -0.943142 -0.433150
v 0.582650 -0.901577 -0.466815
v 0.545370 -0.861407 -0.492264
v 0.501343 -0.822635 -0.506690
v 0.453877 -0.785299 -0.505240
v 0.410596 -0.749177 -0.483541
v 0.379286 -0.713882 -0.445824
v 0.356402 -0.679049 -0.402098
v 0.329616 -0.643987 -0.360845
v 0.290361 -0.608216 -0.332116
v 0.241347 -0.573129 -0.329174
v 0.197658 -0.541813 -0.356643
v 0.172217 -0.514932 -0.404396
v 0.172324 -0.491234 -0.459990
v 0.190665 -0.468182 -0.512763
v 0.201962 -0.444973 -0.567374
v 0.181931 -0.423129 -0.619938
v 0.126912 -0.407149 -0.638775
v 0.082237 -0.400005 -0.598801
v 0.082992 -0.395761 -0.538583
v 0.073014 -0.391671 -0.479165
v 0.018499 -0.389392 -0.453246
v -0.031891 -0.392757 -0.486367
v -0.054480 -0.397281 -0.542137
v -0.073371 -0.401999 -0.599256
v -0.122298 -0.408679 -0.634019
v -0.179039 -0.422080 -0.618499
v -0.205580 -0.441289 -0.567821
v -0.201534 -0.462627 -0.511470
v -0.190725 -0.484130 -0.456055
v -0.194529 -0.505535 -0.399683
v -0.217164 -0.528034 -0.348387
v -0.253228 -0.552891 -0.306806
v -0.300304 -0.581815 -0.282461
v -0.349411 -0.616496 -0.287920
v -0.377690 -0.655575 -0.324216
v -0.372055 -0.694901 -0.369702
v -0.346386 -0.732946 -0.408992
v -0.318085 -0.770746 -0.446696
v -0.300368 -0.809304 -0.489719
v -0.305591 -0.849479 -0.534555
v -0.335326 -0.891867 -0.565715
v -0.375461 -0.936347 -0.573719
v -0.412915 -0.982385 -0.562193
v -0.441878 -1.029554 -0.537850
v -0.460725 -1.077591 -0.506320
v -0.469941 -1.126316 -0.471708
v -0.471099 -1.175581 -0.436662
v -0.466132 -1.225262 -0.402553
v -0.456808 -1.275249 -0.369844
v -0.444432 -1.325454 -0.338520
v -0.430038 -1.375803 -0.308318
v -0.414495 -1.426226 -0.278826
v 0.342373 -1.393669 -0.320712
v 0.376098 -1.343520 -0.319311
v 0.408797 -1.292984 -0.313692
v 0.440346 -1.242180 -0.304852
v 0.471446 -1.191303 -0.294923
v 0.503372 -1.140584 -0.287034
v 0.536864 -1.090300 -0.285201
v 0.570459 -1.040795 -0.293825
v 0.599331 -0.992478 -0.315871
v 0.616500 -0.945728 -0.350133
v 0.617060 -0.900764 -0.390532
v 0.601206 -0.857587 -0.429751
v 0.572578 -0.816034 -0.463011
v 0.534892 -0.775941 -0.487976
v 0.490523 -0.737328 -0.501757
v 0.442968 -0.700251 -0.498194
v 0.401901 -0.664390 -0.472202
v 0.374517 -0.629322 -0.431356
v 0.352657 -0.594574 -0.387048
v 0.321407 -0.559175 -0.349409
v 0.275769 -0.523370 -0.332754
v 0.227329 -0.490025 -0.346312
v 0.189890 -0.460944 -0.383722
v 0.173528 -0.435755 -0.436163
v 0.182532 -0.412386 -0.491169
v 0.198364 -0.389031 -0.544604
v 0.188928 -0.366301 -0.599714
v 0.140547 -0.348331 -0.630880
v 0.087627 -0.339659 -0.603244
v 0.080490 -0.335523 -0.543446
v 0.073606 -0.331397 -0.483654
v 0.018441 -0.329036 -0.459190
v -0.032114 -0.332863 -0.492013
v -0.051344 -0.337320 -0.548997
v -0.079269 -0.341665 -0.602351
v -0.133835 -0.349357 -0.626963
v -0.186178 -0.364364 -0.601023
v -0.203502 -0.384528 -0.546845
v -0.195086 -0.406106 -0.491061
v -0.190701 -0.427563 -0.434758
v -0.207162 -0.449470 -0.380906
v -0.239854 -0.473302 -0.336042
v -0.282742 -0.500139 -0.303082
v -0.333041 -0.532040 -0.293295
v -0.373194 -0.569695 -0.318048
v -0.378993 -0.609345 -0.363205
v -0.356432 -0.647677 -0.404076
v -0.327194 -0.685445 -0.441081
v -0.306670 -0.723804 -0.483020
v -0.309394 -0.763695 -0.528329
v -0.339119 -0.805942 -0.559694
v -0.379430 -0.850571 -0.565794
v -0.415572 -0.896932 -0.551643
v -0.441943 -0.944483 -0.525177
v -0.457613 -0.992896 -0.492488
v -0.463683 -1.041951 -0.457634
v -0.462119 -1.091485 -0.422971
v -0.455036 -1.141368 -0.389528
v -0.444250 -1.191496 -0.357478
v -0.431068 -1.241788 -0.326614
v -0.416301 -1.292181 -0.296655
v -0.400481 -1.342639 -0.267361
v -0.384468 -1.393095 -0.238177
v 0.292832 -1.359377 -0.316169
v 0.326282 -1.309711 -0.324439
v 0.360193 -1.259743 -0.327228
v 0.393519 -1.209383 -0.324401
v 0.425586 -1.158681 -0.316909
v 0.456659 -1.107800 -0.306882
v 0.487977 -1.056964 -0.297430
v 0.520784 -1.006428 -0.292518
v 0.554632 -0.956535 -0.296892
v 0.585431 -0.907736 -0.314897
v 0.605278 -0.860534 -0.347019
v 0.607272 -0.815273 -0.387039
v 0.591318 -0.771991 -0.426102
v 0.562078 -0.730465 -0.458859
v 0.524028 -0.690458 -0.483401
v 0.479400 -0.652013 -0.496795
v 0.431890 -0.615225 -0.490637
v 0.394172 -0.579638 -0.459685
v 0.371040 -0.544816 -0.416100
v 0.348195 -0.509982 -0.372375
v 0.309537 -0.474096 -0.343041
v 0.260274 -0.439252 -0.342973
v 0.215906 -0.408180 -0.369619
v 0.184078 -0.380910 -0.413159
v 0.178299 -0.356702 -0.468230
v 0.192722 -0.333246 -0.522039
v 0.192744 -0.309879 -0.577720
v 0.153479 -0.289980 -0.618903
v 0.095524 -0.279344 -0.606149
v 0.077738 -0.275272 -0.548566
v 0.074406 -0.271218 -0.488484
v 0.018355 -0.268777 -0.466180
v -0.033315 -0.273066 -0.497160
v -0.051192 -0.277063 -0.554594
v -0.087152 -0.281376 -0.602931
v -0.145108 -0.290341 -0.617010
v -0.191214 -0.306958 -0.581880
v -0.199398 -0.327916 -0.525873
v -0.190609 -0.349583 -0.470163
v -0.197862 -0.371177 -0.414211
v -0.227335 -0.394245 -0.366767
v -0.267032 -0.419655 -0.328992
v -0.314741 -0.448791 -0.306193
v -0.362917 -0.484040 -0.314990
v -0.383146 -0.523538 -0.355891
v -0.366195 -0.562304 -0.398988
v -0.336425 -0.600083 -0.435541
v -0.313057 -0.638266 -0.476123
v -0.312953 -0.677860 -0.521772
v -0.342863 -0.719948 -0.553172
v -0.383249 -0.764767 -0.557032
v -0.417737 -0.811502 -0.540198
v -0.441213 -0.859468 -0.511801
v -0.453575 -0.908261 -0.478260
v -0.456564 -0.957639 -0.443449
v -0.452469 -1.007428 -0.409346
v -0.443496 -1.057498 -0.376626
v -0.431462 -1.107748 -0.345207
v -0.417646 -1.158106 -0.314718
v -0.402635 -1.208537 -0.284937
v -0.387258 -1.258984 -0.255357
v -0.370779 -1.309476 -0.226508
v -0.356050 -1.359832 -0.196482
v 0.248231 -1.324754 -0.294679
v 0.278303 -1.275213 -0.311840
v 0.310423 -1.225597 -0.324509
v 0.343866 -1.175768 -0.331800
v 0.377585 -1.125594 -0.332760
v 0.410358 -1.075042 -0.327696
v 0.441790 -1.024217 -0.318517
v 0.472768 -0.973318 -0.308279
v 0.504811 -0.922590 -0.300857
v 0.538442 -0.872356 -0.301105
v 0.570785 -0.823077 -0.314505
v 0.593574 -0.775362 -0.343796
v 0.597251 -0.729753 -0.383295
v 0.581041 -0.686364 -0.422131
v 0.551019 -0.644891 -0.454238
v 0.512680 -0.604972 -0.478470
v 0.467929 -0.566700 -0.491936
v 0.420789 -0.530227 -0.482192
v 0.387976 -0.494931 -0.445812
v 0.368878 -0.460348 -0.400137
v 0.340775 -0.425028 -0.360054
v 0.294461 -0.389216 -0.345515
v 0.246553 -0.356472 -0.362113
v 0.205593 -0.327268 -0.395593
v 0.180855 -0.301333 -0.444262
v 0.185592 -0.277612 -0.499653
v 0.193368 -0.253854 -0.554658
v 0.164657 -0.232192 -0.603033
v 0.105896 -0.219199 -0.605829
v 0.076403 -0.214832 -0.553331
v 0.075687 -0.211093 -0.493157
v 0.017963 -0.208868 -0.475658
v -0.036654 -0.213362 -0.501055
v -0.052871 -0.216600 -0.559021
v -0.096505 -0.221205 -0.600523
v -0.155747 -0.231666 -0.604444
v -0.193935 -0.249856 -0.561481
v -0.193702 -0.271431 -0.505100
v -0.191051 -0.293071 -0.448764
v -0.214470 -0.315444 -0.397758
v -0.253128 -0.340160 -0.358427
v -0.297009 -0.367051 -0.326804
v -0.347374 -0.399099 -0.317955
v -0.382687 -0.437472 -0.348272
v -0.375386 -0.476793 -0.393489
v -0.345778 -0.514642 -0.430094
v -0.319584 -0.552676 -0.469055
v -0.316180 -0.591968 -0.514834
v -0.346546 -0.633885 -0.546026
v -0.386833 -0.678945 -0.547309
v -0.419300 -0.726103 -0.527815
v -0.439615 -0.774514 -0.497760
v -0.448617 -0.823697 -0.463702
v -0.448655 -0.873382 -0.429193
v -0.442266 -0.923404 -0.395779
v -0.431655 -0.973639 -0.363797
v -0.418543 -1.023998 -0.332975
v -0.404179 -1.074415 -0.302834
v -0.389538 -1.124831 -0.272830
v -0.373607 -1.175323 -0.243641
v -0.357975 -1.225757 -0.214214
v -0.343651 -1.276117 -0.184016
v -0.330736 -1.326348 -0.153018
v 0.206627 -1.290153 -0.267792
v 0.235963 -1.240582 -0.286190
v 0.264892 -1.190994 -0.305042
v 0.295249 -1.141393 -0.321561
v 0.327619 -1.091640 -0.333070
v 0.361181 -1.041631 -0.338414
v 0.394592 -0.991258 -0.336841
v 0.426693 -0.940539 -0.329556
v 0.457698 -0.889631 -0.319408
v 0.489049 -0.838767 -0.310161
v 0.522063 -0.788245 -0.306598
v 0.555390 -0.738500 -0.314937
v 0.581288 -0.690222 -0.340484
v 0.587044 -0.644211 -0.379254
v 0.570266 -0.600726 -0.417736
v 0.539219 -0.559348 -0.448984
v 0.500681 -0.519516 -0.473039
v 0.456061 -0.481388 -0.487298
v 0.410076 -0.445247 -0.472281
v 0.384043 -0.410279 -0.430502
v 0.366378 -0.375741 -0.384216
v 0.328579 -0.339765 -0.353982
v 0.279214 -0.305469 -0.358898
v 0.235309 -0.275277 -0.387418
v 0.195493 -0.246801 -0.422853
v 0.182115 -0.222042 -0.476332
v 0.191491 -0.198190 -0.531063
v 0.173110 -0.175045 -0.583618
v 0.117932 -0.159383 -0.601889
v 0.077249 -0.154215 -0.557653
v 0.077499 -0.151024 -0.497443
v 0.017554 -0.150429 -0.491382
v -0.041319 -0.153789 -0.503721
v -0.056452 -0.156003 -0.562030
v -0.106758 -0.161283 -0.594957
v -0.165533 -0.173399 -0.589540
v -0.193981 -0.193092 -0.540172
v -0.188160 -0.215025 -0.484202
v -0.202042 -0.236823 -0.429622
v -0.240635 -0.261489 -0.390296
v -0.281691 -0.286970 -0.354027
v -0.328894 -0.315545 -0.329557
v -0.375715 -0.351363 -0.342259
v -0.383169 -0.391030 -0.387094
v -0.355141 -0.429100 -0.424678
v -0.326323 -0.467029 -0.461847
v -0.318982 -0.506006 -0.507432
v -0.350148 -0.547746 -0.538079
v -0.390087 -0.593119 -0.536511
v -0.420170 -0.640754 -0.514487
v -0.437111 -0.689627 -0.483103
v -0.442771 -0.739200 -0.448870
v -0.440084 -0.789184 -0.414879
v -0.431747 -0.839408 -0.382200
v -0.419885 -0.889776 -0.350862
v -0.406052 -0.940212 -0.320468
v -0.391365 -0.990669 -0.290531
v -0.376424 -1.041126 -0.260732
v -0.361464 -1.091565 -0.230920
v -0.347907 -1.141935 -0.200317
v -0.336293 -1.192254 -0.168873
v -0.330673 -1.242491 -0.135668
v -0.337038 -1.292993 -0.103044
v 0.176092 -1.255940 -0.228459
v 0.197414 -1.206027 -0.255077
v 0.223573 -1.156420 -0.277655
v 0.252627 -1.106809 -0.296283
v 0.281424 -1.057109 -0.315122
v 0.311984 -1.007390 -0.330947
v 0.344669 -0.957492 -0.340888
v 0.378291 -0.907309 -0.343770
v 0.411200 -0.856752 -0.339566
v 0.442651 -0.805897 -0.330565
v 0.473569 -0.754946 -0.320345
v 0.505697 -0.704180 -0.313500
v 0.539295 -0.654005 -0.316526
v 0.568244 -0.605128 -0.337193
v 0.576748 -0.558640 -0.374865
v 0.558824 -0.515106 -0.412768
v 0.526449 -0.473898 -0.442868
v 0.487766 -0.434147 -0.466825
v 0.443668 -0.396072 -0.482758
v 0.400542 -0.360289 -0.460294
v 0.382994 -0.325759 -0.413988
v 0.359960 -0.290610 -0.370720
v 0.312964 -0.254962 -0.358452
v 0.267976 -0.224504 -0.384467
v 0.227598 -0.195817 -0.418929
v 0.186204 -0.166908 -0.452077
v 0.190233 -0.142715 -0.507293
v 0.177921 -0.118604 -0.561242
v 0.130759 -0.100036 -0.593691
v 0.080351 -0.093419 -0.561369
v 0.078417 -0.090967 -0.501164
v 0.018786 -0.093142 -0.511054
v -0.041292 -0.094351 -0.507227
v -0.061691 -0.095294 -0.563583
v -0.117363 -0.101774 -0.585756
v -0.174489 -0.115612 -0.572569
v -0.191488 -0.136570 -0.518663
v -0.189923 -0.158681 -0.462514
v -0.231251 -0.183999 -0.426412
v -0.273125 -0.210617 -0.392124
v -0.311204 -0.234116 -0.351503
v -0.361524 -0.265830 -0.341616
v -0.387893 -0.304891 -0.379162
v -0.364329 -0.343402 -0.419261
v -0.333230 -0.381324 -0.454539
v -0.321313 -0.419975 -0.499421
v -0.353621 -0.461529 -0.529122
v -0.392893 -0.507297 -0.524538
v -0.420280 -0.555466 -0.500233
v -0.433720 -0.604821 -0.467894
v -0.436159 -0.654765 -0.433806
v -0.431092 -0.705020 -0.400469
v -0.421315 -0.755421 -0.368446
v -0.408807 -0.805878 -0.337497
v -0.394926 -0.856347 -0.307166
v -0.380630 -0.906801 -0.277018
v -0.366682 -0.957227 -0.246675
v -0.353940 -1.007624 -0.215755
v -0.343600 -1.058014 -0.183948
v -0.338003 -1.108464 -0.151062
v -0.341195 -1.159304 -0.118479
v -0.358712 -1.210974 -0.092421
v -0.383460 -1.264043 -0.077401
v 0.183224 -1.227267 -0.175757
v 0.186393 -1.174350 -0.204833
v 0.197783 -1.122915 -0.234540
v 0.216507 -1.072500 -0.262230
v 0.241139 -1.022673 -0.286090
v 0.269146 -0.972929 -0.305937
v 0.297747 -0.923057 -0.324773
v 0.328636 -0.873201 -0.339562
v 0.361647 -0.823169 -0.347626
v 0.395151 -0.772816 -0.347832
v 0.427440 -0.722089 -0.341361
v 0.458368 -0.671111 -0.331258
v 0.489558 -0.620156 -0.321894
v 0.522650 -0.569599 -0.319670
v 0.554161 -0.520096 -0.334198
v 0.566432 -0.473032 -0.370069
v 0.546490 -0.429552 -0.407007
v 0.512452 -0.388632 -0.435615
v 0.473575 -0.348989 -0.459447
v 0.430526 -0.310771 -0.477761
v 0.393566 -0.275394 -0.445743
v 0.382673 -0.241072 -0.397276
v 0.347182 -0.205085 -0.364521
v 0.299129 -0.172955 -0.379922
v 0.262865 -0.146652 -0.420328
v 0.221120 -0.117618 -0.452854
v 0.176748 -0.089461 -0.482439
v 0.178303 -0.063031 -0.536758
v 0.142947 -0.041427 -0.580380
v 0.085837 -0.032428 -0.565022
v 0.076716 -0.032004 -0.508967
v 0.018059 -0.033665 -0.523422
v -0.041049 -0.035145 -0.511114
v -0.068720 -0.034500 -0.562562
v -0.127519 -0.042988 -0.572091
v -0.182740 -0.058386 -0.553659
v -0.182948 -0.080543 -0.497608
v -0.217252 -0.105648 -0.455038
v -0.263667 -0.132842 -0.428374
v -0.301872 -0.157731 -0.389173
v -0.342263 -0.181955 -0.351389
v -0.386454 -0.218328 -0.369985
v -0.373392 -0.257523 -0.413921
v -0.340185 -0.295499 -0.447137
v -0.323162 -0.333883 -0.490581
v -0.356909 -0.375246 -0.518925
v -0.395147 -0.421496 -0.511290
v -0.419637 -0.470254 -0.485092
v -0.429532 -0.520098 -0.452197
v -0.428991 -0.570395 -0.418521
v -0.422031 -0.620879 -0.385863
v -0.411476 -0.671414 -0.354278
v -0.399116 -0.721928 -0.323345
v -0.386097 -0.772400 -0.292632
v -0.373277 -0.822837 -0.261795
v -0.361554 -0.873262 -0.230522
v -0.352192 -0.923723 -0.198527
v -0.347154 -0.974336 -0.165804
v -0.349411 -1.025377 -0.133442
v -0.361997 -1.077336 -0.105185
v -0.385370 -1.130671 -0.088878
v -0.412129 -1.184522 -0.082498
v -0.438046 -1.239111 -0.084538
v 0.230149 -1.208372 -0.142700
v 0.218973 -1.151359 -0.159432
v 0.211985 -1.095870 -0.182421
v 0.212376 -1.042132 -0.210182
v 0.220608 -0.989951 -0.239689
v 0.236585 -0.938994 -0.268162
v 0.259111 -0.888807 -0.293400
v 0.285698 -0.838808 -0.314729
v 0.314041 -0.788802 -0.333583
v 0.345239 -0.738823 -0.347308
v 0.378559 -0.688671 -0.353264
v 0.411788 -0.638162 -0.351084
v 0.443338 -0.587256 -0.342620
v 0.473839 -0.536163 -0.331815
v 0.505729 -0.485270 -0.324768
v 0.538755 -0.435152 -0.332015
v 0.555975 -0.387376 -0.364777
v 0.533046 -0.344149 -0.400231
v 0.496989 -0.303697 -0.426964
v 0.457752 -0.264205 -0.450518
v 0.416247 -0.225517 -0.471323
v 0.389902 -0.190561 -0.429801
v 0.377845 -0.155640 -0.382131
v 0.330505 -0.121438 -0.375367
v 0.293698 -0.094863 -0.415325
v 0.253747 -0.066680 -0.451028
v 0.205176 -0.037534 -0.471397
v 0.170054 -0.009087 -0.510689
v 0.153941 0.016160 -0.562846
v 0.095325 0.028016 -0.557369
v 0.071521 0.029018 -0.507388
v 0.016304 0.027000 -0.528603
v -0.041513 0.024314 -0.511692
v -0.077506 0.026219 -0.558264
v -0.136056 0.014382 -0.552694
v -0.190255 -0.002030 -0.532293
v -0.198129 -0.025464 -0.478022
v -0.244311 -0.051644 -0.449406
v -0.292814 -0.079392 -0.426080
v -0.327245 -0.103975 -0.383209
v -0.374635 -0.131790 -0.362607
v -0.381253 -0.171230 -0.407802
v -0.347138 -0.209525 -0.439674
v -0.324507 -0.247737 -0.480654
v -0.359885 -0.288926 -0.507223
v -0.396720 -0.335738 -0.496625
v -0.418353 -0.385137 -0.469093
v -0.424720 -0.435468 -0.436034
v -0.421537 -0.486091 -0.402965
v -0.413296 -0.536767 -0.370892
v -0.402766 -0.587399 -0.339440
v -0.391483 -0.637945 -0.308144
v -0.380292 -0.688427 -0.276734
v -0.369915 -0.738894 -0.245037
v -0.361439 -0.789409 -0.212881
v -0.356625 -0.840096 -0.180263
v -0.357985 -0.891187 -0.147953
v -0.368205 -0.943051 -0.118607
v -0.387991 -0.996071 -0.097363
v -0.414140 -1.050253 -0.091742
v -0.439912 -1.104913 -0.092618
v -0.465557 -1.159494 -0.095608
v -0.488569 -1.214292 -0.106529
v 0.288889 -1.194911 -0.138112
v 0.275239 -1.136240 -0.143384
v 0.261820 -1.078097 -0.153227
v 0.250012 -1.020663 -0.168074
v 0.241711 -0.964553 -0.189111
v 0.239391 -0.910021 -0.215256
v 0.244541 -0.857071 -0.244165
v 0.257551 -0.805471 -0.273086
v 0.277492 -0.754791 -0.299605
v 0.302269 -0.704470 -0.322432
v 0.330326 -0.654331 -0.341515
v 0.361920 -0.604259 -0.354149
v 0.395422 -0.554014 -0.358305
v 0.428158 -0.503325 -0.353785
v 0.458650 -0.452186 -0.343115
v 0.488943 -0.401007 -0.332128
v 0.521900 -0.350333 -0.331391
v 0.544935 -0.301695 -0.358892
v 0.518431 -0.258963 -0.392385
v 0.479757 -0.219314 -0.416560
v 0.439943 -0.179985 -0.439453
v 0.400207 -0.140439 -0.462007
v 0.389973 -0.105427 -0.414001
v 0.362949 -0.069788 -0.375044
v 0.318835 -0.040746 -0.403842
v 0.279608 -0.013042 -0.439795
v 0.230622 0.015575 -0.458767
v 0.202011 0.041810 -0.503511
v 0.163198 0.071444 -0.538616
v 0.106320 0.087943 -0.548051
v 0.069334 0.088732 -0.502657
v 0.013898 0.087912 -0.525723
v -0.041773 0.083320 -0.505330
v -0.086197 0.085217 -0.541761
v -0.142401 0.069668 -0.527777
v -0.198050 0.054273 -0.510924
v -0.220292 0.028266 -0.462171
v -0.272885 0.002329 -0.446485
v -0.317264 -0.024357 -0.415785
v -0.350569 -0.048952 -0.371658
v -0.382607 -0.082685 -0.398477
v -0.353557 -0.123163 -0.432189
v -0.325368 -0.161635 -0.469328
v -0.362387 -0.202603 -0.493894
v -0.397373 -0.250049 -0.480299
v -0.416768 -0.300118 -0.452268
v -0.419506 -0.350933 -0.419398
v -0.414070 -0.401855 -0.387047
v -0.405293 -0.452706 -0.355359
v -0.395723 -0.503411 -0.323718
v -0.386541 -0.553994 -0.291803
v -0.378145 -0.604523 -0.259619
v -0.371045 -0.655093 -0.227203
v -0.366580 -0.705827 -0.194583
v -0.367076 -0.756925 -0.162256
v -0.375204 -0.808697 -0.132112
v -0.392397 -0.861477 -0.108170
v -0.416580 -0.915358 -0.095298
v -0.442468 -0.969976 -0.096077
v -0.468361 -1.024509 -0.098847
v -0.492266 -1.079217 -0.108127
v -0.513475 -1.134006 -0.122184
v -0.533391 -1.188808 -0.138052
v 0.346785 -1.182513 -0.150229
v 0.333968 -1.123433 -0.149666
v 0.320655 -1.064461 -0.151003
v 0.307054 -1.005659 -0.154932
v 0.293447 -0.947287 -0.163100
v 0.280887 -0.889615 -0.176380
v 0.271296 -0.833050 -0.195639
v 0.266881 -0.777879 -0.220195
v 0.269385 -0.724217 -0.248190
v 0.279468 -0.671919 -0.277103
v 0.296531 -0.620640 -0.304564
v 0.319146 -0.569942 -0.328930
v 0.346794 -0.519648 -0.348436
v 0.378615 -0.469522 -0.360606
v 0.412186 -0.419145 -0.362982
v 0.443884 -0.368147 -0.355283
v 0.472797 -0.316758 -0.341824
v 0.503922 -0.265663 -0.333113
v 0.532583 -0.216021 -0.352263
v 0.502649 -0.174017 -0.383705
v 0.459894 -0.136046 -0.403117
v 0.420143 -0.096508 -0.425559
v 0.381258 -0.056268 -0.448190
v 0.383186 -0.019272 -0.400718
v 0.338995 0.013954 -0.386193
v 0.303059 0.040988 -0.425278
v 0.251806 0.068825 -0.440165
v 0.215378 0.095859 -0.479472
v 0.162888 0.117724 -0.499186
v 0.118957 0.145349 -0.529463
v 0.067826 0.148910 -0.498913
v 0.009925 0.147575 -0.514818
v -0.044656 0.141250 -0.492257
v -0.095611 0.142904 -0.521586
v -0.146404 0.121945 -0.496980
v -0.204095 0.109048 -0.485837
v -0.241338 0.082724 -0.447190
v -0.294377 0.057629 -0.435300
v -0.326598 0.030521 -0.393979
v -0.375609 0.003182 -0.382744
v -0.358218 -0.036356 -0.425016
v -0.325143 -0.075733 -0.456634
v -0.364081 -0.116282 -0.478818
v -0.396387 -0.164527 -0.461711
v -0.415386 -0.215219 -0.434512
v -0.414039 -0.266547 -0.402247
v -0.406711 -0.317729 -0.370645
v -0.398339 -0.368729 -0.339088
v -0.390846 -0.419517 -0.307024
v -0.384916 -0.470158 -0.274464
v -0.380215 -0.520795 -0.241725
v -0.376927 -0.571554 -0.209003
v -0.376864 -0.622616 -0.176591
v -0.382910 -0.674269 -0.145725
v -0.397337 -0.726811 -0.119514
v -0.419526 -0.780378 -0.102392
v -0.445414 -0.834748 -0.096969
v -0.470849 -0.889440 -0.101244
v -0.495072 -0.944089 -0.110384
v -0.516973 -0.998827 -0.123785
v -0.536810 -1.053612 -0.139877
v -0.555942 -1.108408 -0.156722
v -0.575957 -1.163211 -0.172477
v 0.402347 -1.170272 -0.170623
v 0.390244 -1.111117 -0.167945
v 0.377966 -1.051977 -0.165576
v 0.365437 -0.992856 -0.163864
v 0.352351 -0.933818 -0.163885
v 0.338694 -0.874959 -0.166636
v 0.324861 -0.816428 -0.173158
v 0.311738 -0.758493 -0.184679
v 0.301015 -0.701509 -0.202026
v 0.295018 -0.645783 -0.224948
v 0.295348 -0.591440 -0.251751
v 0.302646 -0.538398 -0.280202
v 0.316617 -0.486394 -0.308146
v 0.336917 -0.435230 -0.333713
v 0.363385 -0.384723 -0.354522
v 0.395144 -0.334486 -0.366749
v 0.428416 -0.283806 -0.366133
v 0.457579 -0.232412 -0.352936
v 0.485601 -0.181096 -0.337521
v 0.517953 -0.130541 -0.344615
v 0.485133 -0.089362 -0.374251
v 0.437697 -0.053995 -0.386342
v 0.399390 -0.013503 -0.409427
v 0.362405 0.027922 -0.432885
v 0.364857 0.065676 -0.385899
v 0.313784 0.091290 -0.396592
v 0.274892 0.123532 -0.429951
v 0.225153 0.149304 -0.452873
v 0.167851 0.165617 -0.462352
v 0.123365 0.193650 -0.491387
v 0.066776 0.209529 -0.502229
v 0.013210 0.196245 -0.478801
v -0.046499 0.198233 -0.474470
v -0.102985 0.197239 -0.492814
v -0.151041 0.173791 -0.465867
v -0.204268 0.154124 -0.445557
v -0.262676 0.138896 -0.441012
v -0.301751 0.110003 -0.405822
v -0.344935 0.083362 -0.372077
v -0.359298 0.050306 -0.415622
v -0.323673 0.010221 -0.441986
v -0.364396 -0.030083 -0.461151
v -0.394152 -0.080092 -0.440866
v -0.413372 -0.130430 -0.414992
v -0.407728 -0.182510 -0.384553
v -0.398677 -0.233864 -0.353895
v -0.392405 -0.284895 -0.322025
v -0.388659 -0.335736 -0.289434
v -0.387367 -0.386516 -0.256552
v -0.387089 -0.437346 -0.223778
v -0.387681 -0.488355 -0.191299
v -0.391892 -0.539823 -0.159817
v -0.403268 -0.592110 -0.131628
v -0.422999 -0.645402 -0.110956
v -0.448132 -0.699562 -0.101443
v -0.473968 -0.754199 -0.103058
v -0.497779 -0.808954 -0.112555
v -0.519346 -0.863681 -0.126460
v -0.539512 -0.918419 -0.142274
v -0.558927 -0.973182 -0.158908
v -0.578779 -1.027962 -0.174977
v -0.599794 -1.082760 -0.189441
v -0.621975 -1.137549 -0.202072
v 0.457223 -1.157985 -0.192772
v 0.444988 -1.098841 -0.190428
v 0.432932 -1.039686 -0.187508
v 0.421006 -0.980535 -0.184177
v 0.409005 -0.921396 -0.180860
v 0.396599 -0.862289 -0.178405
v 0.383687 -0.803238 -0.177303
v 0.370162 -0.744308 -0.178596
v 0.356230 -0.685633 -0.183304
v 0.342642 -0.627424 -0.192628
v 0.331134 -0.570057 -0.208053
v 0.324155 -0.513847 -0.229417
v 0.322797 -0.458852 -0.254809
v 0.327645 -0.405018 -0.282327
v 0.338383 -0.352218 -0.310308
v 0.355108 -0.300407 -0.337300
v 0.379251 -0.249494 -0.360172
v 0.410968 -0.198775 -0.371174
v 0.442560 -0.147529 -0.363351
v 0.468217 -0.096375 -0.343574
v 0.500069 -0.045578 -0.335463
v 0.465194 -0.005099 -0.363984
v 0.414795 0.027836 -0.368278
v 0.378204 0.069397 -0.391958
v 0.347474 0.114132 -0.418357
v 0.330433 0.145690 -0.371855
v 0.285002 0.174992 -0.398856
v 0.232658 0.198238 -0.418316
v 0.176913 0.216959 -0.431432
v 0.124784 0.239354 -0.450616
v 0.069730 0.258001 -0.465448
v 0.012644 0.249175 -0.449290
v -0.045725 0.256971 -0.461638
v -0.103780 0.244755 -0.453659
v -0.156409 0.224771 -0.433483
v -0.214257 0.210636 -0.426450
v -0.269286 0.191239 -0.411983
v -0.308121 0.165336 -0.377750
v -0.350282 0.133449 -0.392875
v -0.319880 0.095518 -0.423487
v -0.363587 0.056244 -0.437652
v -0.383331 0.003211 -0.414903
v -0.409458 -0.046241 -0.393062
v -0.394195 -0.099386 -0.368352
v -0.392316 -0.150024 -0.336132
v -0.392401 -0.201061 -0.303645
v -0.393786 -0.252143 -0.271338
v -0.396224 -0.303249 -0.239096
v -0.399600 -0.354347 -0.206890
v -0.403230 -0.405588 -0.174971
v -0.410939 -0.457469 -0.144879
v -0.427303 -0.510420 -0.120692
v -0.451031 -0.564373 -0.107174
v -0.477038 -0.618935 -0.105664
v -0.501363 -0.673708 -0.113600
v -0.523031 -0.728482 -0.127188
v -0.542944 -0.783213 -0.143368
v -0.562524 -0.837934 -0.159987
v -0.582816 -0.892686 -0.175639
v -0.604321 -0.947491 -0.189394
v -0.627029 -1.002353 -0.200787
v -0.650635 -1.057268 -0.209844
v -0.674813 -1.112222 -0.216852
v 0.513678 -1.145465 -0.210333
v 0.501054 -1.086355 -0.209206
v 0.488577 -1.027224 -0.207517
v 0.476252 -0.968086 -0.205270
v 0.464063 -0.908951 -0.202452
v 0.451943 -0.849835 -0.199248
v 0.439887 -0.790753 -0.195665
v 0.427701 -0.731701 -0.192076
v 0.414876 -0.672696 -0.190013
v 0.401440 -0.613775 -0.189880
v 0.387524 -0.555000 -0.192412
v 0.374011 -0.496558 -0.199979
v 0.362025 -0.438845 -0.213456
v 0.354314 -0.382190 -0.233198
v 0.352966 -0.326767 -0.257555
v 0.356508 -0.272302 -0.283945
v 0.362316 -0.218426 -0.311413
v 0.372108 -0.165490 -0.340512
v 0.393031 -0.113348 -0.363652
v 0.425332 -0.061756 -0.368122
v 0.452121 -0.011154 -0.347571
v 0.478361 0.038413 -0.324549
v 0.443783 0.080573 -0.353736
v 0.388961 0.108313 -0.347630
v 0.349628 0.148755 -0.369146
v 0.329266 0.199624 -0.395698
v 0.289323 0.221705 -0.361428
v 0.239233 0.247764 -0.384475
v 0.185025 0.269324 -0.401344
v 0.128011 0.285927 -0.411315
v 0.072132 0.303137 -0.423913
v 0.012859 0.301812 -0.418764
v -0.047321 0.303653 -0.422449
v -0.105226 0.290908 -0.413252
v -0.163346 0.276942 -0.403769
v -0.221455 0.262765 -0.396073
v -0.271185 0.237606 -0.373171
v -0.324703 0.214723 -0.359167
v -0.313216 0.181043 -0.407869
v -0.359552 0.142482 -0.406628
v -0.365616 0.083813 -0.384055
v -0.402508 0.038003 -0.369656
v -0.393745 -0.016010 -0.343605
v -0.412889 -0.068130 -0.320623
v -0.412176 -0.119150 -0.288339
v -0.417939 -0.170944 -0.257975
v -0.423147 -0.222801 -0.227537
v -0.420671 -0.272498 -0.193254
v -0.422943 -0.323320 -0.160583
v -0.433071 -0.375535 -0.131879
v -0.454295 -0.429162 -0.113768
v -0.480127 -0.483610 -0.108904
v -0.505013 -0.538381 -0.114850
v -0.527141 -0.593190 -0.127495
v -0.547364 -0.647959 -0.143120
v -0.567249 -0.702691 -0.159294
v -0.588136 -0.757447 -0.174104
v -0.610381 -0.812285 -0.186477
v -0.633751 -0.867261 -0.195849
v -0.657759 -0.922391 -0.202198
v -0.681951 -0.977684 -0.205812
v -0.705963 -1.033152 -0.206992
v -0.729446 -1.088840 -0.205900
v 0.572671 -1.132628 -0.213040
v 0.559880 -1.073558 -0.214388
v 0.547131 -1.014460 -0.215199
v 0.534423 -0.955341 -0.215455
v 0.521752 -0.896211 -0.215094
v 0.509116 -0.837082 -0.214057
v 0.496525 -0.777969 -0.212388
v 0.483958 -0.718889 -0.210052
v 0.471348 -0.659868 -0.207285
v 0.458638 -0.600920 -0.204485
v 0.446288 -0.542179 -0.198177
v 0.432837 -0.483377 -0.195878
v 0.418539 -0.424739 -0.197377
v 0.404314 -0.366339 -0.203184
v 0.393026 -0.308445 -0.216183
v 0.389908 -0.252110 -0.237755
v 0.397052 -0.199188 -0.265847
v 0.403580 -0.145557 -0.293104
v 0.398304 -0.086120 -0.311799
v 0.392824 -0.032217 -0.332875
v 0.403470 0.023037 -0.352178
v 0.432379 0.073030 -0.341234
v 0.455072 0.121027 -0.310151
v 0.414749 0.161706 -0.331750
v 0.359297 0.186419 -0.323469
v 0.317746 0.226088 -0.342761
v 0.297523 0.278661 -0.363271
v 0.245634 0.296941 -0.347238
v 0.188597 0.315104 -0.361533
v 0.131433 0.332441 -0.371467
v 0.073024 0.345486 -0.379548
v 0.011862 0.350229 -0.381485
v -0.048529 0.348716 -0.380491
v -0.107694 0.338506 -0.374572
v -0.167334 0.326649 -0.368359
v -0.222339 0.305805 -0.353334
v -0.274233 0.281583 -0.332449
v -0.299123 0.265141 -0.381134
v -0.337067 0.219587 -0.367804
v -0.349245 0.163189 -0.349892
v -0.391182 0.120350 -0.343146
v -0.396964 0.066076 -0.317725
v -0.424971 0.015051 -0.302278
v -0.433473 -0.037390 -0.273380
v -0.445088 -0.090340 -0.246764
v -0.450561 -0.142133 -0.216129
v -0.448794 -0.192231 -0.182376
v -0.444495 -0.241353 -0.147383
v -0.458131 -0.294008 -0.121141
v -0.483341 -0.348258 -0.112476
v -0.508648 -0.402994 -0.116650
v -0.531204 -0.457828 -0.128278
v -0.551767 -0.512645 -0.143163
v -0.572397 -0.567424 -0.158136
v -0.594325 -0.622238 -0.171104
v -0.617551 -0.677192 -0.180937
v -0.641505 -0.732373 -0.187190
v -0.665495 -0.787826 -0.189972
v -0.688972 -0.843566 -0.189708
v -0.711569 -0.899592 -0.186899
v -0.733019 -0.955914 -0.181970
v -0.753087 -1.012553 -0.175274
v -0.771586 -1.069525 -0.167136
v 0.623788 -1.120512 -0.183178
v 0.613590 -1.061263 -0.189591
v 0.602773 -1.002028 -0.195214
v 0.591473 -0.942797 -0.200052
v 0.579783 -0.883566 -0.204098
v 0.567770 -0.824337 -0.207337
v 0.555477 -0.765114 -0.209748
v 0.542929 -0.705908 -0.211284
v 0.530133 -0.646741 -0.211867
v 0.517154 -0.587635 -0.211522
v 0.503972 -0.528624 -0.210040
v 0.490553 -0.469750 -0.207493
v 0.476957 -0.411001 -0.204384
v 0.463004 -0.352514 -0.199053
v 0.448698 -0.293893 -0.197713
v 0.434440 -0.235304 -0.200529
v 0.430169 -0.178352 -0.219991
v 0.442546 -0.127695 -0.250618
v 0.441913 -0.071731 -0.274509
v 0.432672 -0.014081 -0.291071
v 0.415540 0.043085 -0.298336
v 0.398617 0.100234 -0.311076
v 0.406095 0.155054 -0.318570
v 0.432171 0.203539 -0.291373
v 0.379406 0.232250 -0.290574
v 0.329308 0.264104 -0.297192
v 0.283056 0.300861 -0.310805
v 0.250798 0.348746 -0.324825
v 0.191822 0.359294 -0.319937
v 0.134929 0.376926 -0.328999
v 0.075411 0.386680 -0.333736
v 0.012466 0.390793 -0.334782
v -0.047876 0.389348 -0.334345
v -0.107657 0.380594 -0.330176
v -0.167385 0.368721 -0.325246
v -0.223353 0.347326 -0.311225
v -0.270415 0.339809 -0.337177
v -0.299414 0.288339 -0.325540
v -0.330303 0.239437 -0.312335
v -0.374826 0.199799 -0.309581
v -0.396686 0.147466 -0.290347
v -0.428570 0.098099 -0.277577
v -0.447558 0.045175 -0.255306
v -0.463819 -0.007789 -0.230851
v -0.474708 -0.060586 -0.203452
v -0.475805 -0.111425 -0.170537
v -0.467988 -0.160208 -0.135371
v -0.486836 -0.212925 -0.114996
v -0.512355 -0.267543 -0.118911
v -0.535151 -0.322426 -0.129675
v -0.555982 -0.377274 -0.144003
v -0.578025 -0.432123 -0.156520
v -0.601386 -0.487054 -0.166214
v -0.625512 -0.542248 -0.171991
v -0.649480 -0.597807 -0.173784
v -0.672490 -0.653774 -0.172034
v -0.694061 -0.710150 -0.167424
v -0.713960 -0.766909 -0.160625
v -0.732103 -0.824026 -0.152203
v -0.748466 -0.881486 -0.142623
v -0.763075 -0.939269 -0.132272
v -0.775994 -0.997353 -0.121466
v -0.787368 -1.055707 -0.110466
v 0.632668 -1.111943 -0.124023
v 0.630692 -1.052088 -0.132368
v 0.627455 -0.992298 -0.140933
v 0.622822 -0.932569 -0.149434
v 0.617037 -0.872888 -0.157764
v 0.610135 -0.813250 -0.165743
v 0.602173 -0.753651 -0.173211
v 0.593226 -0.694089 -0.180035
v 0.583356 -0.634570 -0.186093
v 0.572630 -0.575101 -0.191263
v 0.561106 -0.515700 -0.195439
v 0.548734 -0.456386 -0.198407
v 0.535589 -0.397188 -0.199997
v 0.521698 -0.338178 -0.199934
v 0.507359 -0.279377 -0.198371
v 0.492871 -0.220723 -0.195644
v 0.477870 -0.162932 -0.186391
v 0.464850 -0.105586 -0.199257
v 0.459718 -0.049710 -0.221701
v 0.465943 0.005526 -0.244778
v 0.454273 0.063573 -0.257835
v 0.435039 0.120404 -0.267532
v 0.407412 0.173135 -0.265835
v 0.380998 0.226946 -0.274818
v 0.398723 0.282663 -0.263139
v 0.341944 0.300930 -0.251290
v 0.292739 0.334741 -0.261137
v 0.243070 0.368480 -0.269764
v 0.194329 0.402338 -0.277987
v 0.136055 0.414413 -0.279612
v 0.076283 0.425828 -0.286485
v 0.015831 0.430943 -0.287446
v -0.044191 0.428509 -0.286900
v -0.105211 0.418479 -0.282285
v -0.165006 0.403362 -0.274991
v -0.224519 0.400181 -0.286383
v -0.262455 0.354178 -0.278733
v -0.305153 0.312894 -0.271067
v -0.351123 0.274427 -0.267856
v -0.385421 0.226083 -0.256469
v -0.419816 0.177896 -0.243959
v -0.449581 0.127285 -0.228981
v -0.476253 0.075561 -0.211902
v -0.493126 0.022420 -0.187894
v -0.488842 -0.028092 -0.154757
v -0.492303 -0.079162 -0.122420
v -0.517627 -0.132186 -0.118218
v -0.538052 -0.186894 -0.133517
v -0.560654 -0.241825 -0.144542
v -0.584615 -0.296754 -0.152956
v -0.609191 -0.351967 -0.157157
v -0.633188 -0.407643 -0.157043
v -0.655553 -0.463887 -0.153124
v -0.675691 -0.520700 -0.146294
v -0.693436 -0.578018 -0.137450
v -0.708870 -0.635769 -0.127336
v -0.722174 -0.693892 -0.116509
v -0.733554 -0.752338 -0.105379
v -0.743250 -0.811068 -0.094262
v -0.751506 -0.870034 -0.083378
v -0.758509 -0.929202 -0.072867
v -0.764333 -0.988558 -0.062827
v -0.769404 -1.048048 -0.053276
v 0.593673 -1.106822 -0.078139
v 0.596838 -1.046607 -0.082608
v 0.599648 -0.986398 -0.087603
v 0.602053 -0.926194 -0.093047
v 0.603795 -0.866019 -0.099214
v 0.604770 -0.805872 -0.106023
v 0.604788 -0.745749 -0.113384
v 0.603733 -0.685652 -0.121165
v 0.601547 -0.625583 -0.129222
v 0.598147 -0.565546 -0.137393
v 0.593472 -0.505556 -0.145514
v 0.587472 -0.445620 -0.153403
v 0.580085 -0.385745 -0.160875
v 0.571255 -0.325962 -0.167744
v 0.560921 -0.266340 -0.173811
v 0.549209 -0.206913 -0.178965
v 0.536215 -0.147735 -0.183211
v 0.521194 -0.089105 -0.186183
v 0.495240 -0.035624 -0.175442
v 0.482585 0.021585 -0.189280
v 0.467773 0.078997 -0.201188
v 0.450568 0.136106 -0.210698
v 0.435690 0.194253 -0.218190
v 0.401482 0.243726 -0.219839
v 0.364245 0.293715 -0.219107
v 0.355902 0.349607 -0.219061
v 0.299501 0.366722 -0.210696
v 0.248127 0.397765 -0.217411
v 0.193633 0.424814 -0.222055
v 0.135863 0.444246 -0.225847
v 0.078813 0.454704 -0.230011
v 0.010119 0.462263 -0.231989
v -0.049410 0.459081 -0.231275
v -0.108969 0.450706 -0.228947
v -0.169215 0.443198 -0.230060
v -0.220446 0.411661 -0.226551
v -0.271349 0.379440 -0.223860
v -0.318817 0.341658 -0.220313
v -0.361272 0.299173 -0.213832
v -0.400726 0.253409 -0.204808
v -0.436935 0.206049 -0.193308
v -0.464615 0.154442 -0.177641
v -0.480276 0.099859 -0.157518
v -0.492400 0.046985 -0.133297
v -0.519671 -0.001620 -0.110265
v -0.541100 -0.051477 -0.137067
v -0.566598 -0.106165 -0.142158
v -0.591892 -0.161372 -0.142964
v -0.615494 -0.217316 -0.139245
v -0.636369 -0.274047 -0.131951
v -0.653955 -0.331537 -0.122304
v -0.668310 -0.389670 -0.111423
v -0.679808 -0.448316 -0.100120
v -0.688926 -0.507353 -0.088936
v -0.696117 -0.566683 -0.078205
v -0.701786 -0.626239 -0.068119
v -0.706177 -0.685980 -0.058796
v -0.709734 -0.745852 -0.050233
v -0.712682 -0.805821 -0.042401
v -0.715200 -0.865865 -0.035248
v -0.717430 -0.925964 -0.028658
v -0.719474 -0.986087 -0.022406
v -0.721383 -1.046246 -0.016628
v 0.537893 -1.102219 -0.055346
v 0.542117 -1.041962 -0.057390
v 0.546386 -0.981704 -0.059442
v 0.550641 -0.921444 -0.061642
v 0.554801 -0.861180 -0.064169
v 0.558809 -0.800910 -0.067097
v 0.562644 -0.740628 -0.070378
v 0.566230 -0.680334 -0.074088
v 0.569443 -0.620027 -0.078345
v 0.572164 -0.559700 -0.083176
v 0.574282 -0.499358 -0.088591
v 0.575665 -0.438996 -0.094566
v 0.576162 -0.378608 -0.101070
v 0.575554 -0.318190 -0.108068
v 0.573528 -0.257742 -0.115470
v 0.569749 -0.197289 -0.123123
v 0.563863 -0.136878 -0.130805
v 0.555404 -0.076623 -0.138229
v 0.543609 -0.016772 -0.145053
v 0.524164 0.041155 -0.150520
v 0.501437 0.097803 -0.154932
v 0.475213 0.152721 -0.158194
v 0.444885 0.205278 -0.159657
v 0.416645 0.258859 -0.162965
v 0.381205 0.307891 -0.163190
v 0.340787 0.353076 -0.162421
v 0.307604 0.402483 -0.163684
v 0.251552 0.424484 -0.163623
v 0.195768 0.451412 -0.166765
v 0.137663 0.470241 -0.170101
v 0.079462 0.483452 -0.173203
v 0.018967 0.486658 -0.174942
v -0.050039 0.484389 -0.173515
v -0.112099 0.477078 -0.175929
v -0.169895 0.458775 -0.171759
v -0.226114 0.434920 -0.170969
v -0.276583 0.399143 -0.166751
v -0.327270 0.364547 -0.164317
v -0.369821 0.321146 -0.158504
v -0.410529 0.276792 -0.150785
v -0.440159 0.225543 -0.136478
v -0.469627 0.174577 -0.121128
v -0.498542 0.123757 -0.106042
v -0.536866 0.081061 -0.126612
v -0.569211 0.029256 -0.125126
v -0.592212 -0.027019 -0.116898
v -0.609656 -0.084856 -0.105966
v -0.622399 -0.143663 -0.094205
v -0.631375 -0.203141 -0.082906
v -0.637523 -0.263062 -0.072696
v -0.641663 -0.323251 -0.063836
v -0.644480 -0.383584 -0.056308
v -0.646502 -0.443980 -0.049941
v -0.648073 -0.504399 -0.044540
v -0.649432 -0.564820 -0.039894
v -0.650733 -0.625234 -0.035804
v -0.652023 -0.685628 -0.031986
v -0.653369 -0.746005 -0.028455
v -0.654789 -0.806373 -0.025107
v -0.656278 -0.866736 -0.021886
v -0.657830 -0.927098 -0.018770
v -0.659429 -0.987459 -0.015759
v -0.661088 -1.047822 -0.012892
v 0.481194 -1.097541 -0.034960
v 0.485509 -1.037256 -0.036754
v 0.489920 -0.976965 -0.038433
v 0.494406 -0.916674 -0.040033
v 0.498950 -0.856384 -0.041594
v 0.503535 -0.796095 -0.043153
v 0.508124 -0.735808 -0.044770
v 0.512693 -0.675520 -0.046492
v 0.517195 -0.615225 -0.048383
v 0.521546 -0.554920 -0.050537
v 0.525706 -0.494608 -0.052978
v 0.529584 -0.434285 -0.055784
v 0.533144 -0.373942 -0.058922
v 0.536371 -0.313578 -0.062336
v 0.539170 -0.253177 -0.066023
v 0.541321 -0.192717 -0.070064
v 0.542493 -0.132191 -0.074564
v 0.542011 -0.071589 -0.079647
v 0.538685 -0.011010 -0.085356
v 0.528056 0.048789 -0.090996
v 0.510517 0.106982 -0.096304
v 0.484376 0.162052 -0.099543
v 0.457568 0.216896 -0.102095
v 0.428266 0.271019 -0.104848
v 0.390283 0.318680 -0.104306
v 0.351077 0.365383 -0.103924
v 0.304593 0.405529 -0.103893
v 0.253886 0.439074 -0.104716
v 0.198967 0.468293 -0.108381
v 0.135926 0.484183 -0.111824
v 0.071165 0.501207 -0.114057
v 0.010279 0.508522 -0.118460
v -0.052430 0.502948 -0.115483
v -0.112855 0.491672 -0.112452
v -0.177308 0.476900 -0.115008
v -0.229431 0.448054 -0.110712
v -0.283917 0.417524 -0.109983
v -0.332269 0.379910 -0.105717
v -0.380836 0.342126 -0.102836
v -0.427600 0.302489 -0.099547
v -0.469983 0.257778 -0.097233
v -0.508580 0.209194 -0.094510
v -0.543682 0.158360 -0.087521
v -0.559687 0.099849 -0.074560
v -0.568108 0.039253 -0.065987
v -0.571210 -0.021881 -0.060800
v -0.573024 -0.082931 -0.058192
v -0.574982 -0.143783 -0.056948
v -0.577156 -0.204470 -0.056411
v -0.579454 -0.265043 -0.056185
v -0.581797 -0.325543 -0.056013
v -0.584118 -0.385990 -0.055712
v -0.586377 -0.446406 -0.055176
v -0.588502 -0.506809 -0.054198
v -0.590447 -0.567209 -0.052670
v -0.592219 -0.627602 -0.050617
v -0.593864 -0.687993 -0.048167
v -0.595461 -0.748384 -0.045531
v -0.597085 -0.808776 -0.042878
v -0.598779 -0.869173 -0.040315
v -0.600559 -0.929572 -0.037904
v -0.602421 -0.989970 -0.035659
v -0.604355 -1.050364 -0.033566
v 0.435977 -1.093101 0.004892
v 0.440049 -1.032809 0.002814
v 0.444143 -0.972503 0.000762
v 0.448278 -0.912187 -0.001259
v 0.452477 -0.851861 -0.003242
v 0.456757 -0.791528 -0.005181
v 0.461131 -0.731194 -0.007072
v 0.465606 -0.670862 -0.008917
v 0.470183 -0.610536 -0.010720
v 0.474847 -0.550222 -0.012490
v 0.479560 -0.489924 -0.014261
v 0.484298 -0.429646 -0.016065
v 0.488965 -0.369388 -0.017974
v 0.493466 -0.309167 -0.020058
v 0.497623 -0.248984 -0.022413
v 0.501254 -0.188826 -0.025091
v 0.503832 -0.128760 -0.028521
v 0.508125 -0.068765 -0.030182
v 0.513436 -0.009086 -0.031638
v 0.509737 0.051147 -0.033968
v 0.501716 0.110683 -0.037091
v 0.492626 0.170604 -0.040668
v 0.464473 0.224397 -0.042884
v 0.432477 0.276702 -0.044694
v 0.397289 0.326961 -0.044536
v 0.355342 0.373002 -0.043839
v 0.307811 0.412522 -0.042378
v 0.255818 0.446687 -0.045406
v 0.204027 0.477886 -0.048999
v 0.141604 0.495653 -0.043616
v 0.074424 0.509834 -0.045612
v 0.018935 0.514201 -0.050118
v -0.048246 0.513092 -0.050875
v -0.114220 0.502147 -0.052186
v -0.173848 0.484309 -0.055735
v -0.231366 0.457974 -0.051268
v -0.288289 0.429253 -0.045432
v -0.335377 0.389050 -0.045768
v -0.382259 0.349324 -0.042805
v -0.426517 0.306955 -0.039918
v -0.467586 0.261744 -0.037475
v -0.501922 0.211743 -0.035005
v -0.496471 0.153111 -0.050862
v -0.502582 0.093502 -0.059927
v -0.508346 0.033962 -0.069680
v -0.513851 -0.025660 -0.079281
v -0.519964 -0.085695 -0.086565
v -0.523501 -0.146181 -0.088402
v -0.526253 -0.206756 -0.088809
v -0.528486 -0.267312 -0.088492
v -0.530440 -0.327842 -0.087702
v -0.532234 -0.388352 -0.086536
v -0.533946 -0.448838 -0.085068
v -0.535628 -0.509310 -0.083317
v -0.537302 -0.569773 -0.081304
v -0.538962 -0.630220 -0.079048
v -0.540582 -0.690650 -0.076554
v -0.542189 -0.751068 -0.073935
v -0.543825 -0.811475 -0.071303
v -0.545541 -0.871873 -0.068784
v -0.547361 -0.932269 -0.066447
v -0.549273 -0.992663 -0.064299
v -0.551268 -1.053054 -0.062320
v 0.431874 -1.090733 0.065140
v 0.434616 -1.030373 0.062952
v 0.437381 -0.970005 0.060759
v 0.440163 -0.909627 0.058564
v 0.442962 -0.849238 0.056369
v 0.445785 -0.788838 0.054174
v 0.448644 -0.728432 0.051978
v 0.451565 -0.668019 0.049778
v 0.454580 -0.607599 0.047574
v 0.457728 -0.547174 0.045369
v 0.461058 -0.486749 0.043165
v 0.464642 -0.426324 0.040971
v 0.468635 -0.365907 0.038817
v 0.473211 -0.305528 0.036748
v 0.478621 -0.245221 0.034814
v 0.485378 -0.185062 0.033085
v 0.497371 -0.125855 0.031432
v 0.509950 -0.066643 0.030095
v 0.519219 -0.006890 0.028368
v 0.518494 0.054214 0.025588
v 0.509273 0.114064 0.022386
v 0.489109 0.171246 0.019460
v 0.461260 0.225217 0.016900
v 0.435819 0.280096 0.015548
v 0.398037 0.327690 0.016267
v 0.356930 0.373464 0.017610
v 0.308982 0.414037 0.017150
v 0.257096 0.448283 0.018055
v 0.203065 0.477352 0.015952
v 0.140765 0.496056 0.008265
v 0.078608 0.511706 0.011575
v 0.022565 0.519051 0.024324
v -0.051893 0.514190 0.019583
v -0.117321 0.506213 0.015962
v -0.173999 0.485569 0.014990
v -0.232958 0.461746 0.011115
v -0.286774 0.431065 0.014373
v -0.334478 0.391663 0.015441
v -0.380052 0.351058 0.017859
v -0.417847 0.303291 0.019343
v -0.447848 0.251263 0.018180
v -0.475674 0.198162 0.015937
v -0.498528 0.142923 0.008411
v -0.511548 0.084869 -0.000929
v -0.516622 0.025493 -0.010350
v -0.515683 -0.034309 -0.019608
v -0.504955 -0.092673 -0.029111
v -0.489841 -0.150738 -0.038844
v -0.480996 -0.209784 -0.049052
v -0.476438 -0.269634 -0.058050
v -0.474104 -0.329773 -0.066102
v -0.473407 -0.390106 -0.073024
v -0.473906 -0.450565 -0.078701
v -0.475239 -0.511091 -0.083096
v -0.477111 -0.571653 -0.086251
v -0.479277 -0.632225 -0.088261
v -0.481546 -0.692780 -0.089259
v -0.483808 -0.753316 -0.089359
v -0.485999 -0.813824 -0.088685
v -0.488097 -0.874298 -0.087387
v -0.490121 -0.934738 -0.085584
v -0.492145 -0.995162 -0.083780
v -0.494186 -1.055565 -0.081969
v 0.475783 -1.091211 0.106665
v 0.477591 -1.030787 0.105440
v 0.479415 -0.970351 0.104173
v 0.481262 -0.909908 0.102860
v 0.483137 -0.849456 0.101501
v 0.485047 -0.789000 0.100100
v 0.487004 -0.728549 0.098660
v 0.489013 -0.668109 0.097195
v 0.491062 -0.607674 0.095737
v 0.493126 -0.547248 0.094334
v 0.495180 -0.486839 0.093029
v 0.497209 -0.426446 0.091860
v 0.499281 -0.366076 0.090871
v 0.501335 -0.305752 0.090190
v 0.503166 -0.245482 0.089977
v 0.504587 -0.185257 0.090304
v 0.505256 -0.125104 0.091107
v 0.505672 -0.065095 0.090232
v 0.508493 -0.006115 0.087542
v 0.503928 0.054686 0.083794
v 0.497047 0.114501 0.080886
v 0.482300 0.172323 0.079218
v 0.477271 0.232420 0.074193
v 0.437485 0.278582 0.075527
v 0.395422 0.322946 0.076495
v 0.354308 0.369455 0.079429
v 0.306205 0.408218 0.078120
v 0.254719 0.442769 0.076700
v 0.199269 0.471314 0.082235
v 0.139757 0.489762 0.080011
v 0.082655 0.509572 0.086176
v 0.015468 0.512667 0.077097
v -0.055763 0.510468 0.074481
v -0.115075 0.500169 0.076013
v -0.173884 0.481605 0.075757
v -0.231413 0.458012 0.072422
v -0.284596 0.426726 0.074581
v -0.332159 0.388153 0.076183
v -0.376411 0.345971 0.078706
v -0.415132 0.298470 0.079417
v -0.446534 0.245932 0.078097
v -0.475147 0.192281 0.075051
v -0.494357 0.134885 0.067772
v -0.505086 0.075746 0.058263
v -0.511955 0.016234 0.048959
v -0.512577 -0.043636 0.040001
v -0.507954 -0.103459 0.030241
v -0.494597 -0.161766 0.020351
v -0.477513 -0.218990 0.010554
v -0.466927 -0.277802 0.001031
v -0.458284 -0.336980 -0.008271
v -0.450395 -0.396297 -0.017541
v -0.443509 -0.455781 -0.026783
v -0.437832 -0.515433 -0.035883
v -0.433459 -0.575245 -0.044664
v -0.430364 -0.635207 -0.052946
v -0.428454 -0.695297 -0.060550
v -0.427613 -0.755503 -0.067284
v -0.427694 -0.815806 -0.072958
v -0.428535 -0.876189 -0.077371
v -0.429958 -0.936626 -0.080214
v -0.431793 -0.997077 -0.081180
v -0.433887 -1.057435 -0.079829
v 0.535613 -1.092831 0.115048
v 0.537305 -1.032393 0.114597
v 0.539016 -0.971946 0.114024
v 0.540758 -0.911498 0.113307
v 0.542548 -0.851047 0.112415
v 0.544388 -0.790592 0.111369
v 0.546282 -0.730138 0.110226
v 0.548228 -0.669688 0.109059
v 0.550210 -0.609239 0.107909
v 0.552201 -0.548784 0.106838
v 0.554215 -0.488330 0.105700
v 0.556321 -0.427894 0.104068
v 0.558689 -0.367492 0.101391
v 0.560953 -0.307013 0.099348
v 0.562890 -0.246405 0.098318
v 0.564322 -0.185653 0.098521
v 0.564871 -0.124742 0.100140
v 0.564219 -0.063673 0.103387
v 0.561472 -0.002469 0.108472
v 0.551171 0.058110 0.115440
v 0.535621 0.117684 0.123415
v 0.511568 0.174287 0.131159
v 0.473764 0.223150 0.133134
v 0.432041 0.268378 0.134315
v 0.388831 0.311651 0.135200
v 0.347995 0.356840 0.137779
v 0.299955 0.394955 0.137035
v 0.251255 0.432388 0.138176
v 0.196084 0.459287 0.139394
v 0.137625 0.479172 0.141681
v 0.074111 0.490086 0.142956
v 0.016658 0.496765 0.141961
v -0.058521 0.493546 0.140590
v -0.116201 0.483611 0.138076
v -0.172692 0.470919 0.136484
v -0.229967 0.451530 0.133693
v -0.281105 0.419782 0.133332
v -0.326165 0.379421 0.135895
v -0.367035 0.334800 0.136993
v -0.404869 0.287028 0.137084
v -0.437201 0.235456 0.136592
v -0.463694 0.180801 0.133056
v -0.483534 0.123675 0.125948
v -0.501132 0.066205 0.117711
v -0.506922 0.006802 0.108217
v -0.502938 -0.052660 0.098880
v -0.498137 -0.112029 0.089324
v -0.492310 -0.171334 0.080007
v -0.489549 -0.230485 0.068619
v -0.485758 -0.289568 0.057214
v -0.477459 -0.348553 0.047853
v -0.467742 -0.407459 0.039254
v -0.457447 -0.466368 0.031046
v -0.446873 -0.525289 0.023032
v -0.436415 -0.584259 0.014995
v -0.426520 -0.643329 0.006788
v -0.417260 -0.702480 -0.001627
v -0.408705 -0.761710 -0.010251
v -0.400928 -0.821018 -0.019057
v -0.393968 -0.880399 -0.028012
v -0.387868 -0.939852 -0.037069
v -0.382763 -0.999390 -0.046161
v -0.378892 -1.059039 -0.055154
v 0.595662 -1.094553 0.108422
v 0.597367 -1.034132 0.108117
v 0.599105 -0.973710 0.107837
v 0.600884 -0.913289 0.107537
v 0.602714 -0.852869 0.107170
v 0.604599 -0.792442 0.106742
v 0.606550 -0.732004 0.106516
v 0.608558 -0.671545 0.106676
v 0.610580 -0.611058 0.107405
v 0.612543 -0.550532 0.108545
v 0.614383 -0.489979 0.110552
v 0.615915 -0.429397 0.113638
v 0.616696 -0.368791 0.118128
v 0.615971 -0.308205 0.124261
v 0.613038 -0.247717 0.131950
v 0.607299 -0.187440 0.140844
v 0.598108 -0.127578 0.150354
v 0.584876 -0.068363 0.159726
v 0.567186 -0.010039 0.167753
v 0.544227 0.046531 0.173873
v 0.514479 0.099749 0.176559
v 0.473395 0.143023 0.165398
v 0.444863 0.195205 0.176928
v 0.410797 0.244569 0.185219
v 0.380571 0.296935 0.193877
v 0.338942 0.340402 0.195285
v 0.292219 0.378624 0.194663
v 0.249436 0.420326 0.197437
v 0.191580 0.437800 0.196037
v 0.134299 0.457171 0.199179
v 0.075349 0.469958 0.201668
v 0.018101 0.478345 0.205490
v -0.054911 0.476102 0.205828
v -0.113825 0.467540 0.198542
v -0.171281 0.448122 0.192979
v -0.228241 0.427231 0.188420
v -0.287251 0.415947 0.193004
v -0.312783 0.363865 0.192697
v -0.354865 0.321901 0.195312
v -0.394197 0.275383 0.194795
v -0.423862 0.222310 0.193885
v -0.450992 0.167952 0.190701
v -0.471391 0.110981 0.183473
v -0.490378 0.053681 0.175557
v -0.507060 -0.004232 0.167308
v -0.516370 -0.063409 0.156586
v -0.519567 -0.122963 0.144698
v -0.519562 -0.182531 0.132737
v -0.517522 -0.242034 0.120900
v -0.514044 -0.301424 0.109245
v -0.508397 -0.360684 0.098291
v -0.501106 -0.419846 0.088070
v -0.492530 -0.478938 0.078600
v -0.482747 -0.537940 0.069973
v -0.471646 -0.596842 0.062450
v -0.459978 -0.655708 0.055563
v -0.448252 -0.714578 0.048812
v -0.436512 -0.773461 0.042085
v -0.424922 -0.832375 0.035212
v -0.413729 -0.891344 0.028019
v -0.402918 -0.950346 0.020491
v -0.392442 -1.009362 0.012635
v -0.382277 -1.068380 0.004441
v 0.656029 -1.096210 0.106177
v 0.657764 -1.035787 0.107185
v 0.659497 -0.975365 0.108782
v 0.661176 -0.914945 0.111070
v 0.662700 -0.854535 0.114192
v 0.663966 -0.794118 0.117822
v 0.664770 -0.733742 0.122564
v 0.664868 -0.673430 0.128494
v 0.663957 -0.613213 0.135642
v 0.661386 -0.553144 0.144016
v 0.656855 -0.493281 0.153373
v 0.649885 -0.433697 0.163366
v 0.640046 -0.374478 0.173474
v 0.627078 -0.315722 0.183047
v 0.610922 -0.257535 0.191365
v 0.591686 -0.200030 0.197609
v 0.569749 -0.143349 0.201011
v 0.546391 -0.087547 0.201538
v 0.520344 -0.033055 0.197049
v 0.491937 0.016827 0.176864
v 0.469182 0.068403 0.198257
v 0.460672 0.123418 0.220873
v 0.426038 0.172107 0.229447
v 0.402299 0.226695 0.242538
v 0.364769 0.274469 0.248480
v 0.320988 0.315956 0.247506
v 0.298640 0.368571 0.253207
v 0.242178 0.383576 0.243791
v 0.190516 0.413731 0.251357
v 0.132619 0.431282 0.255244
v 0.070532 0.441509 0.257062
v 0.012878 0.446901 0.257664
v -0.050345 0.445887 0.257274
v -0.114579 0.438092 0.253663
v -0.172492 0.420599 0.248168
v -0.227025 0.396388 0.240392
v -0.281247 0.370577 0.231796
v -0.340506 0.359402 0.240582
v -0.334998 0.302489 0.249525
v -0.378189 0.260517 0.250907
v -0.409815 0.209066 0.252431
v -0.427289 0.150922 0.244064
v -0.450924 0.095281 0.237886
v -0.476246 0.040322 0.232366
v -0.492671 -0.017664 0.224141
v -0.506832 -0.076257 0.214673
v -0.517043 -0.135424 0.203659
v -0.524459 -0.194754 0.191627
v -0.529216 -0.254199 0.178880
v -0.531494 -0.313652 0.165768
v -0.531655 -0.373037 0.152666
v -0.529795 -0.432340 0.139766
v -0.526022 -0.491567 0.127291
v -0.520383 -0.550726 0.115479
v -0.512959 -0.609815 0.104584
v -0.504028 -0.668839 0.094772
v -0.493921 -0.727825 0.086093
v -0.483205 -0.786771 0.078055
v -0.471855 -0.845688 0.070874
v -0.460122 -0.904603 0.064404
v -0.448670 -0.963547 0.057694
v -0.437528 -1.022525 0.050654
v -0.426677 -1.081529 0.043271
v 0.713307 -1.097949 0.125356
v 0.713272 -1.037743 0.130987
v 0.712546 -0.977627 0.137631
v 0.710904 -0.917632 0.145299
v 0.708090 -0.857790 0.153955
v 0.703310 -0.798177 0.163505
v 0.696631 -0.738813 0.173646
v 0.687771 -0.679748 0.184029
v 0.676503 -0.621019 0.194192
v 0.662735 -0.562672 0.203611
v 0.646457 -0.504753 0.211698
v 0.627762 -0.447312 0.217808
v 0.606912 -0.390391 0.221274
v 0.584397 -0.334023 0.221483
v 0.560970 -0.278188 0.218042
v 0.537442 -0.222850 0.210692
v 0.514606 -0.167772 0.200623
v 0.496621 -0.114197 0.180187
v 0.471649 -0.063253 0.195948
v 0.464280 -0.009869 0.223323
v 0.459433 0.043389 0.251381
v 0.438348 0.097000 0.270137
v 0.414425 0.150765 0.284216
v 0.381129 0.200760 0.292545
v 0.340904 0.245220 0.296745
v 0.343156 0.302387 0.298131
v 0.286989 0.319804 0.286264
v 0.246265 0.362547 0.299211
v 0.187749 0.377661 0.299480
v 0.130092 0.393940 0.303894
v 0.070788 0.408419 0.309372
v 0.011470 0.414451 0.310956
v -0.051167 0.411417 0.308874
v -0.111667 0.401030 0.303692
v -0.170948 0.388312 0.299574
v -0.224813 0.362676 0.290564
v -0.277084 0.335338 0.280352
v -0.329890 0.308090 0.271087
v -0.385596 0.285887 0.269888
v -0.365624 0.239269 0.304054
v -0.378487 0.178734 0.296306
v -0.407788 0.135399 0.300108
v -0.425545 0.078305 0.290707
v -0.440595 0.020673 0.276569
v -0.445100 -0.036008 0.256216
v -0.453090 -0.092590 0.236528
v -0.470596 -0.150469 0.238986
v -0.485332 -0.209125 0.235166
v -0.498776 -0.268005 0.229070
v -0.510356 -0.327065 0.220655
v -0.519688 -0.386227 0.210324
v -0.526899 -0.445428 0.198617
v -0.532031 -0.504610 0.185933
v -0.535015 -0.563751 0.172607
v -0.535821 -0.622853 0.158960
v -0.534436 -0.681907 0.145325
v -0.530909 -0.740912 0.132058
v -0.525168 -0.799861 0.119525
v -0.517660 -0.858794 0.108036
v -0.508753 -0.917733 0.097775
v -0.499222 -0.976650 0.088097
v -0.489193 -1.035581 0.079160
v -0.478745 -1.094550 0.071054
v 0.750436 -1.102347 0.172836
v 0.743813 -1.043087 0.182860
v 0.735359 -0.984100 0.193212
v 0.724878 -0.925422 0.203567
v 0.712224 -0.867079 0.213508
v 0.697432 -0.809083 0.222626
v 0.680613 -0.751440 0.230491
v 0.661933 -0.694154 0.236668
v 0.641608 -0.637230 0.240710
v 0.619920 -0.580685 0.242148
v 0.597263 -0.524531 0.240509
v 0.574199 -0.468769 0.235454
v 0.551401 -0.413354 0.226960
v 0.529410 -0.358192 0.215576
v 0.508361 -0.303187 0.202156
v 0.486807 -0.248195 0.189622
v 0.462680 -0.193219 0.183177
v 0.449414 -0.139927 0.208286
v 0.454400 -0.092107 0.245160
v 0.445297 -0.038983 0.272536
v 0.430465 0.015003 0.295774
v 0.410758 0.069152 0.315845
v 0.381071 0.120807 0.322528
v 0.356112 0.171419 0.339486
v 0.381379 0.225702 0.329313
v 0.326593 0.250641 0.324472
v 0.293787 0.298265 0.341795
v 0.237435 0.313558 0.331145
v 0.183750 0.337199 0.344350
v 0.127419 0.356437 0.352274
v 0.068864 0.369657 0.357537
v 0.009289 0.372914 0.357246
v -0.051473 0.371660 0.356366
v -0.112204 0.361803 0.352185
v -0.170545 0.347396 0.343733
v -0.229147 0.334685 0.342494
v -0.269762 0.295634 0.324658
v -0.320837 0.265505 0.312190
v -0.378009 0.246199 0.315095
v -0.408924 0.202612 0.284997
v -0.403762 0.160014 0.327406
v -0.381941 0.111766 0.348999
v -0.387179 0.059759 0.331941
v -0.405378 0.000986 0.321032
v -0.414963 -0.056915 0.304449
v -0.419420 -0.112945 0.282171
v -0.414880 -0.166450 0.254473
v -0.427884 -0.224434 0.245749
v -0.443061 -0.282871 0.246951
v -0.458081 -0.341427 0.247172
v -0.472279 -0.400197 0.244931
v -0.485070 -0.459166 0.239892
v -0.497100 -0.518214 0.233235
v -0.507955 -0.577296 0.224835
v -0.517420 -0.636369 0.214845
v -0.525353 -0.695412 0.203473
v -0.531543 -0.754402 0.190926
v -0.535776 -0.813330 0.177453
v -0.537875 -0.872205 0.163376
v -0.537753 -0.931038 0.149095
v -0.535000 -0.989820 0.134985
v -0.530171 -1.048617 0.121616
v -0.523681 -1.107471 0.109332
v 0.748819 -1.112630 0.232362
v 0.733129 -1.054906 0.241147
v 0.715654 -0.997516 0.248731
v 0.696575 -0.940444 0.254783
v 0.676148 -0.883663 0.259033
v 0.654653 -0.827150 0.261248
v 0.632366 -0.770893 0.261161
v 0.609584 -0.714904 0.258460
v 0.586688 -0.659187 0.252832
v 0.564151 -0.603730 0.244118
v 0.542423 -0.548503 0.232518
v 0.521642 -0.493428 0.218821
v 0.501302 -0.438411 0.204347
v 0.479763 -0.383334 0.192032
v 0.456060 -0.328184 0.185152
v 0.431778 -0.273099 0.190233
v 0.419784 -0.219958 0.216225
v 0.421398 -0.171085 0.251761
v 0.419135 -0.120469 0.285102
v 0.408882 -0.067223 0.311509
v 0.395027 -0.013338 0.334957
v 0.372017 0.039563 0.351666
v 0.381528 0.092714 0.370767
v 0.407800 0.141254 0.347202
v 0.359442 0.175787 0.356327
v 0.328865 0.223200 0.378041
v 0.281819 0.242981 0.354059
v 0.235610 0.273242 0.376543
v 0.180549 0.295945 0.388127
v 0.122162 0.310535 0.392013
v 0.068366 0.332660 0.406744
v 0.009419 0.327857 0.398460
v -0.051410 0.326143 0.398602
v -0.110074 0.315427 0.391919
v -0.168144 0.301636 0.384097
v -0.224238 0.282662 0.371133
v -0.281494 0.267622 0.375787
v -0.310968 0.221114 0.351538
v -0.361692 0.191669 0.336730
v -0.421263 0.171067 0.336921
v -0.429751 0.120582 0.296919
v -0.428445 0.076685 0.337234
v -0.409904 0.029408 0.371567
v -0.377783 -0.020585 0.370102
v -0.373598 -0.075385 0.344751
v -0.379183 -0.131363 0.322818
v -0.377057 -0.186111 0.297244
v -0.375917 -0.240705 0.271747
v -0.384959 -0.297715 0.254556
v -0.399385 -0.355799 0.247102
v -0.413565 -0.414396 0.245008
v -0.427289 -0.472853 0.250980
v -0.440455 -0.531782 0.249159
v -0.453499 -0.590780 0.247149
v -0.466135 -0.649831 0.243717
v -0.478431 -0.708908 0.238989
v -0.490232 -0.767975 0.232822
v -0.501356 -0.826989 0.225158
v -0.511618 -0.885939 0.216008
v -0.520792 -0.944820 0.205413
v -0.528603 -1.003623 0.193459
v -0.534722 -1.062342 0.180288
v -0.538888 -1.121006 0.166231
v 0.711906 -1.129548 0.277115
v 0.690253 -1.073164 0.279612
v 0.667887 -1.016999 0.280184
v 0.645082 -0.961016 0.278763
v 0.622086 -0.905199 0.275241
v 0.599154 -0.849544 0.269410
v 0.576591 -0.794065 0.261035
v 0.554748 -0.738768 0.250029
v 0.533876 -0.683629 0.236657
v 0.513869 -0.628591 0.221695
v 0.493946 -0.573572 0.206600
v 0.472822 -0.518483 0.193533
v 0.449596 -0.463284 0.185421
v 0.424977 -0.408092 0.186074
v 0.402986 -0.353374 0.199260
v 0.390291 -0.300141 0.224886
v 0.384690 -0.248660 0.256018
v 0.380716 -0.197480 0.287678
v 0.375550 -0.145671 0.318128
v 0.369141 -0.092366 0.348006
v 0.368899 -0.042687 0.380228
v 0.401145 0.008107 0.388182
v 0.428587 0.056435 0.364980
v 0.388882 0.097900 0.385933
v 0.352859 0.141074 0.405403
v 0.319676 0.166094 0.364233
v 0.275823 0.197765 0.392201
v 0.229099 0.227698 0.415907
v 0.170852 0.244446 0.418594
v 0.122750 0.272561 0.439606
v 0.066731 0.289847 0.450628
v 0.012308 0.278629 0.433961
v -0.048808 0.279136 0.438414
v -0.106926 0.266688 0.429053
v -0.164428 0.252843 0.420293
v -0.220154 0.234211 0.406488
v -0.272388 0.211124 0.384243
v -0.321661 0.189745 0.401688
v -0.348693 0.144548 0.372067
v -0.400124 0.115787 0.359619
v -0.448429 0.083659 0.341296
v -0.452457 0.037202 0.300553
v -0.438596 -0.009486 0.336512
v -0.424557 -0.057564 0.370862
v -0.392197 -0.106199 0.388196
v -0.360110 -0.155575 0.373450
v -0.344299 -0.206565 0.343678
v -0.337364 -0.259350 0.314428
v -0.336888 -0.313630 0.287523
v -0.343640 -0.369681 0.265783
v -0.354863 -0.427219 0.251041
v -0.368616 -0.485648 0.244261
v -0.382004 -0.544402 0.240421
v -0.394917 -0.603377 0.239436
v -0.407104 -0.662478 0.241405
v -0.419428 -0.721608 0.241486
v -0.431773 -0.780770 0.241003
v -0.444149 -0.839932 0.239567
v -0.456504 -0.899067 0.236938
v -0.468783 -0.958157 0.233084
v -0.480914 -1.017179 0.227974
v -0.492817 -1.076113 0.221575
v -0.504351 -1.134948 0.213811
v 0.658465 -1.150982 0.295455
v 0.635224 -1.095358 0.291037
v 0.612140 -1.039827 0.284866
v 0.589402 -0.984388 0.276828
v 0.567242 -0.929052 0.266714
v 0.545914 -0.873837 0.254412
v 0.525563 -0.818735 0.240126
v 0.505979 -0.763711 0.224545
v 0.486407 -0.708692 0.208929
v 0.465742 -0.653605 0.195075
v 0.443092 -0.598397 0.185432
v 0.418682 -0.543149 0.183006
v 0.394783 -0.488149 0.190675
v 0.375499 -0.433920 0.209227
v 0.363481 -0.380903 0.235782
v 0.356615 -0.328914 0.266045
v 0.351903 -0.277460 0.297780
v 0.350890 -0.226753 0.331115
v 0.358912 -0.177468 0.365317
v 0.385952 -0.128211 0.390386
v 0.416496 -0.077719 0.391378
v 0.449080 -0.027454 0.383606
v 0.411582 0.014900 0.405861
v 0.372553 0.056269 0.425227
v 0.354723 0.087606 0.377625
v 0.306645 0.117445 0.397128
v 0.263429 0.148347 0.425258
v 0.214325 0.176527 0.446075
v 0.157090 0.194586 0.450154
v 0.122087 0.228918 0.482768
v 0.063772 0.240860 0.486983
v 0.013025 0.224338 0.461359
v -0.045495 0.229707 0.474475
v -0.101145 0.213410 0.458987
v -0.158032 0.198728 0.447427
v -0.216492 0.186355 0.443099
v -0.266952 0.162323 0.419390
v -0.309649 0.133730 0.387475
v -0.350062 0.106430 0.418597
v -0.383165 0.066052 0.388939
v -0.432294 0.034836 0.372839
v -0.470097 -0.002024 0.342814
v -0.471376 -0.047214 0.302628
v -0.447789 -0.095573 0.330192
v -0.431228 -0.144155 0.362310
v -0.404640 -0.193036 0.386382
v -0.367635 -0.241184 0.386966
v -0.337133 -0.289630 0.366534
v -0.316915 -0.339472 0.338281
v -0.306199 -0.391022 0.308098
v -0.304551 -0.444525 0.279668
v -0.311226 -0.500059 0.256512
v -0.322958 -0.557257 0.240696
v -0.336269 -0.615535 0.231549
v -0.349490 -0.674398 0.227616
v -0.362156 -0.733487 0.226275
v -0.374251 -0.792697 0.226840
v -0.385996 -0.851951 0.228430
v -0.397794 -0.911214 0.229499
v -0.409720 -0.970470 0.229973
v -0.421829 -1.029696 0.229503
v -0.434112 -1.088871 0.228055
v -0.446553 -1.147979 0.225702
v 0.602986 -1.174605 0.291440
v 0.580519 -1.119318 0.281827
v 0.558650 -1.064080 0.270664
v 0.537580 -1.008909 0.257750
v 0.517425 -0.953821 0.243144
v 0.498004 -0.898799 0.227350
v 0.478683 -0.843786 0.211388
v 0.458486 -0.788705 0.196781
v 0.436501 -0.733505 0.185596
v 0.412561 -0.678235 0.180398
v 0.387980 -0.623100 0.183781
v 0.365692 -0.568493 0.197143
v 0.348872 -0.514838 0.219476
v 0.338846 -0.462346 0.247909
v 0.334883 -0.410948 0.279679
v 0.336216 -0.360537 0.313259
v 0.345398 -0.311244 0.347307
v 0.366847 -0.262807 0.376682
v 0.398808 -0.213658 0.391858
v 0.432511 -0.163387 0.390482
v 0.464947 -0.112945 0.398250
v 0.430262 -0.069765 0.422478
v 0.391161 -0.028275 0.442454
v 0.378701 0.004991 0.393993
v 0.329544 0.034203 0.390948
v 0.290971 0.066002 0.424675
v 0.245945 0.096228 0.450793
v 0.199786 0.125618 0.475605
v 0.143189 0.145261 0.481987
v 0.117964 0.181736 0.522588
v 0.075158 0.181587 0.481093
v 0.018939 0.180537 0.502120
v -0.040854 0.177448 0.505395
v -0.096821 0.161468 0.490420
v -0.149822 0.142534 0.469570
v -0.209035 0.135690 0.475830
v -0.253028 0.108910 0.444665
v -0.299269 0.082059 0.417201
v -0.344733 0.054347 0.388947
v -0.374633 0.022037 0.429246
v -0.413501 -0.014839 0.401720
v -0.457052 -0.049284 0.378136
v -0.488923 -0.087530 0.343969
v -0.487516 -0.132318 0.303385
v -0.457260 -0.181131 0.322266
v -0.437148 -0.230071 0.351539
v -0.413428 -0.279193 0.377791
v -0.378413 -0.327408 0.388862
v -0.341926 -0.375044 0.379971
v -0.311540 -0.423125 0.358857
v -0.289227 -0.472214 0.331056
v -0.276619 -0.522974 0.300373
v -0.274029 -0.575832 0.270870
v -0.279692 -0.630847 0.246225
v -0.290538 -0.687662 0.228433
v -0.303624 -0.745706 0.217535
v -0.316878 -0.804443 0.211939
v -0.329598 -0.863520 0.210051
v -0.341684 -0.922749 0.210236
v -0.353332 -0.982041 0.211582
v -0.364834 -1.041355 0.213155
v -0.376494 -1.100653 0.214163
v -0.388410 -1.159909 0.214324
v 0.550860 -1.199112 0.273143
v 0.529806 -1.143976 0.260095
v 0.509565 -1.088886 0.245624
v 0.490059 -1.033851 0.229979
v 0.470824 -0.978840 0.213922
v 0.451023 -0.923782 0.198713
v 0.429729 -0.868611 0.186124
v 0.406458 -0.813334 0.178417
v 0.381832 -0.758103 0.178064
v 0.357961 -0.703256 0.186936
v 0.337914 -0.649209 0.205248
v 0.324317 -0.596283 0.231255
v 0.318339 -0.544613 0.262232
v 0.320039 -0.494156 0.295665
v 0.329916 -0.444839 0.329390
v 0.349725 -0.396404 0.359864
v 0.379344 -0.348012 0.380974
v 0.413520 -0.298732 0.389057
v 0.447789 -0.248929 0.391769
v 0.476974 -0.199162 0.409970
v 0.446234 -0.154956 0.437450
v 0.406969 -0.113333 0.457757
v 0.388255 -0.079824 0.411292
v 0.350501 -0.046510 0.378641
v 0.312793 -0.016848 0.415618
v 0.270101 0.013312 0.445753
v 0.226561 0.043906 0.474048
v 0.173160 0.071560 0.476855
v 0.157386 0.104119 0.524257
v 0.104198 0.124970 0.543401
v 0.079116 0.123730 0.494262
v 0.025214 0.122419 0.517883
v -0.034088 0.117618 0.509612
v -0.092276 0.109192 0.521555
v -0.141767 0.087812 0.494727
v -0.201210 0.080951 0.500929
v -0.229141 0.054643 0.454909
v -0.280329 0.027642 0.436879
v -0.320980 0.000475 0.401714
v -0.370854 -0.029019 0.396648
v -0.400459 -0.061257 0.438147
v -0.439781 -0.097575 0.410255
v -0.478535 -0.133825 0.381447
v -0.505287 -0.173140 0.344194
v -0.501512 -0.217780 0.303664
v -0.467401 -0.266547 0.314071
v -0.443603 -0.315573 0.340221
v -0.420236 -0.364748 0.366560
v -0.388360 -0.413287 0.383634
v -0.350933 -0.460907 0.384549
v -0.315719 -0.508372 0.371305
v -0.285133 -0.556151 0.350040
v -0.261684 -0.604727 0.322407
v -0.247611 -0.654848 0.291400
v -0.243553 -0.707096 0.261034
v -0.248063 -0.761627 0.235130
v -0.258141 -0.818084 0.215824
v -0.270830 -0.875887 0.203308
v -0.284054 -0.934484 0.196327
v -0.296874 -0.993497 0.193306
v -0.309045 -1.052712 0.192864
v -0.320799 -1.111998 0.193613
v -0.332468 -1.171294 0.194480
v 0.502294 -1.223946 0.247113
v 0.482386 -1.168886 0.232107
v 0.462969 -1.113857 0.216340
v 0.443370 -1.058812 0.200840
v 0.422691 -1.003685 0.187131
v 0.400210 -0.948436 0.177229
v 0.375975 -0.893157 0.173522
v 0.351357 -0.838118 0.178236
v 0.329067 -0.783728 0.192515
v 0.312288 -0.730414 0.215658
v 0.303422 -0.678415 0.245306
v 0.303570 -0.627760 0.278425
v 0.313000 -0.578321 0.312038
v 0.331854 -0.529806 0.342929
v 0.359527 -0.481644 0.366966
v 0.392848 -0.433070 0.380834
v 0.427551 -0.383878 0.386971
v 0.461754 -0.334566 0.394751
v 0.486620 -0.285534 0.419962
v 0.459902 -0.240680 0.450393
v 0.420025 -0.199354 0.469060
v 0.388352 -0.164566 0.431326
v 0.366861 -0.130177 0.386347
v 0.321460 -0.098026 0.389246
v 0.284734 -0.069380 0.427534
v 0.246459 -0.039636 0.463910
v 0.196859 -0.008481 0.478135
v 0.150304 0.021645 0.501760
v 0.150912 0.051453 0.554223
v 0.092805 0.065766 0.558272
v 0.085422 0.063731 0.503030
v 0.030320 0.062541 0.525195
v -0.028949 0.057867 0.512640
v -0.080870 0.052652 0.541894
v -0.134566 0.034053 0.522082
v -0.193947 0.025185 0.524125
v -0.207948 0.000438 0.471628
v -0.255784 -0.026627 0.447587
v -0.300079 -0.054318 0.417243
v -0.342496 -0.081247 0.384088
v -0.385125 -0.113309 0.411476
v -0.424300 -0.145223 0.444196
v -0.462842 -0.181510 0.415178
v -0.498030 -0.218751 0.383192
v -0.520353 -0.258783 0.343829
v -0.514060 -0.303435 0.303595
v -0.478005 -0.351875 0.306337
v -0.450691 -0.400848 0.328918
v -0.426417 -0.449976 0.354472
v -0.396909 -0.498745 0.374712
v -0.360839 -0.546649 0.382871
v -0.323531 -0.593983 0.377191
v -0.289135 -0.641337 0.361662
v -0.258433 -0.688820 0.340108
v -0.233949 -0.736918 0.312639
v -0.218450 -0.786493 0.281515
v -0.213016 -0.838237 0.250559
v -0.216367 -0.892339 0.223650
v -0.225661 -0.948479 0.203112
v -0.237901 -1.006076 0.189295
v -0.250950 -1.064562 0.181159
v -0.263797 -1.123508 0.177137
v -0.276224 -1.182648 0.175481
v 0.455472 -1.248863 0.218133
v 0.435679 -1.193807 0.202952
v 0.415366 -1.138707 0.188612
v 0.393651 -1.083503 0.176957
v 0.370103 -1.028218 0.170278
v 0.345372 -0.973041 0.171044
v 0.321599 -0.918358 0.181162
v 0.302078 -0.864645 0.200978
v 0.290094 -0.812266 0.228775
v 0.287721 -0.761334 0.261346
v 0.295563 -0.711707 0.295067
v 0.313195 -0.663073 0.326452
v 0.339334 -0.614953 0.352171
v 0.371431 -0.566751 0.369668
v 0.406065 -0.518093 0.379317
v 0.440971 -0.469145 0.386157
v 0.474232 -0.420256 0.398914
v 0.494774 -0.371885 0.428823
v 0.471319 -0.326734 0.461428
v 0.430708 -0.285475 0.478619
v 0.392755 -0.249383 0.448657
v 0.375378 -0.215728 0.401672
v 0.336479 -0.180482 0.372014
v 0.291909 -0.149920 0.398628
v 0.258283 -0.122274 0.440329
v 0.215826 -0.091453 0.469981
v 0.167082 -0.059121 0.480980
v 0.167439 -0.029362 0.529435
v 0.141162 -0.004448 0.577471
v 0.083182 0.005165 0.565023
v 0.091508 0.004649 0.507955
v 0.034252 0.001258 0.522576
v -0.025371 -0.002182 0.514043
v -0.068893 -0.006296 0.553101
v -0.127410 -0.019453 0.549738
v -0.186192 -0.031369 0.545566
v -0.187883 -0.053497 0.489893
v -0.230574 -0.080761 0.457197
v -0.273946 -0.108274 0.425474
v -0.311974 -0.133505 0.385918
v -0.361605 -0.165580 0.392128
v -0.396207 -0.197015 0.430173
v -0.444086 -0.229984 0.446145
v -0.483231 -0.266116 0.417753
v -0.515828 -0.303934 0.383762
v -0.534414 -0.344474 0.342992
v -0.525430 -0.389151 0.303300
v -0.488979 -0.437210 0.299575
v -0.458590 -0.486021 0.318214
v -0.432781 -0.535047 0.342420
v -0.404469 -0.583908 0.364064
v -0.370324 -0.632107 0.377097
v -0.332839 -0.679593 0.378006
v -0.296292 -0.726746 0.367921
v -0.262460 -0.773888 0.350772
v -0.231344 -0.821091 0.329260
v -0.205794 -0.868787 0.302144
v -0.189011 -0.917919 0.271035
v -0.182243 -0.969209 0.239649
v -0.184431 -1.022899 0.211860
v -0.192893 -1.078709 0.190155
v -0.204720 -1.136138 0.175371
v -0.217689 -1.194470 0.166167
v 0.407898 -1.273690 0.190323
v 0.386696 -1.218527 0.177609
v 0.363948 -1.163262 0.168478
v 0.339601 -1.107997 0.165548
v 0.315030 -1.053053 0.171342
v 0.293259 -0.998933 0.187292
v 0.278141 -0.946131 0.212619
v 0.272737 -0.894867 0.244268
v 0.278248 -0.845030 0.278108
v 0.294161 -0.796270 0.310181
v 0.318814 -0.748122 0.337258
v 0.349699 -0.700080 0.357189
v 0.383857 -0.651763 0.369777
v 0.418961 -0.603131 0.377712
v 0.453786 -0.554420 0.386365
v 0.485546 -0.505929 0.403647
v 0.502085 -0.458145 0.436794
v 0.480928 -0.412966 0.470905
v 0.440118 -0.371585 0.487325
v 0.398487 -0.334572 0.464084
v 0.376429 -0.300018 0.419802
v 0.349722 -0.265320 0.378257
v 0.301659 -0.230026 0.370222
v 0.264778 -0.202659 0.409513
v 0.223226 -0.171670 0.440384
v 0.178214 -0.138162 0.462516
v 0.148206 -0.110154 0.506613
v 0.170218 -0.083602 0.556159
v 0.129165 -0.062204 0.594559
v 0.077906 -0.055984 0.563661
v 0.096715 -0.055895 0.506497
v 0.036983 -0.058895 0.514767
v -0.022912 -0.061634 0.508669
v -0.059816 -0.066735 0.554181
v -0.117404 -0.076148 0.569089
v -0.176059 -0.089007 0.563313
v -0.197556 -0.109177 0.510799
v -0.198374 -0.131464 0.455938
v -0.242208 -0.159813 0.426562
v -0.282041 -0.185997 0.389506
v -0.331926 -0.217076 0.379866
v -0.372928 -0.249218 0.410210
v -0.411911 -0.281189 0.443331
v -0.461845 -0.314892 0.446431
v -0.501529 -0.351070 0.418846
v -0.532157 -0.389289 0.383497
v -0.547514 -0.430187 0.341753
v -0.536120 -0.474858 0.302687
v -0.500078 -0.522546 0.293829
v -0.467202 -0.571148 0.308337
v -0.439575 -0.620044 0.330735
v -0.411575 -0.668905 0.352758
v -0.379110 -0.717310 0.368869
v -0.342450 -0.765029 0.374937
v -0.304940 -0.812226 0.370122
v -0.269304 -0.859212 0.356700
v -0.235489 -0.906142 0.339039
v -0.203689 -0.953034 0.317917
v -0.177267 -1.000406 0.291126
v -0.159331 -1.049160 0.260125
v -0.151226 -1.100005 0.228382
v -0.152090 -1.153214 0.199668
v -0.160012 -1.208768 0.177173
v 0.357340 -1.298275 0.168133
v 0.333685 -1.242983 0.161987
v 0.308969 -1.187826 0.163411
v 0.285525 -1.133288 0.174884
v 0.267392 -1.079988 0.196942
v 0.258646 -1.028325 0.227136
v 0.261348 -0.978250 0.260942
v 0.275159 -0.929375 0.293782
v 0.298192 -0.881194 0.322180
v 0.327838 -0.833229 0.344061
v 0.361318 -0.785125 0.358988
v 0.396343 -0.736738 0.368519
v 0.431607 -0.688183 0.376176
v 0.466052 -0.639710 0.387271
v 0.495845 -0.591601 0.408615
v 0.508842 -0.544341 0.444006
v 0.489106 -0.499277 0.479106
v 0.448539 -0.457666 0.495572
v 0.404996 -0.419874 0.477664
v 0.378206 -0.384574 0.436672
v 0.357018 -0.350070 0.391883
v 0.317202 -0.314370 0.363922
v 0.268239 -0.280347 0.373224
v 0.229196 -0.251452 0.409045
v 0.186030 -0.219202 0.436131
v 0.149499 -0.189903 0.474245
v 0.166573 -0.164237 0.526174
v 0.167664 -0.138985 0.580950
v 0.115902 -0.121058 0.605823
v 0.075350 -0.117023 0.561421
v 0.099547 -0.116045 0.506159
v 0.039806 -0.117408 0.498843
v -0.020534 -0.121126 0.501354
v -0.053232 -0.127171 0.550829
v -0.106016 -0.135136 0.578674
v -0.165122 -0.147174 0.578424
v -0.197242 -0.166223 0.531141
v -0.185527 -0.186444 0.475422
v -0.208943 -0.210226 0.425372
v -0.250832 -0.237822 0.391765
v -0.299782 -0.268291 0.374291
v -0.346992 -0.301032 0.392640
v -0.384403 -0.332840 0.427744
v -0.429180 -0.365586 0.451495
v -0.478642 -0.399806 0.446430
v -0.518313 -0.436187 0.419070
v -0.547239 -0.474714 0.382628
v -0.559731 -0.515903 0.340222
v -0.546383 -0.560538 0.301737
v -0.511069 -0.607873 0.288918
v -0.476341 -0.656249 0.299309
v -0.446843 -0.704993 0.319537
v -0.418552 -0.753803 0.341272
v -0.387290 -0.802333 0.359250
v -0.351826 -0.850280 0.369234
v -0.314204 -0.897623 0.369120
v -0.277225 -0.944566 0.359839
v -0.242229 -0.991369 0.344159
v -0.207979 -1.038074 0.326887
v -0.175647 -1.084725 0.306121
v -0.148607 -1.131874 0.279633
v -0.129562 -1.180262 0.248773
v -0.119738 -1.230515 0.216625
v 0.303026 -1.322693 0.157829
v 0.278621 -1.267771 0.164324
v 0.257753 -1.213884 0.182091
v 0.245381 -1.161690 0.209987
v 0.244903 -1.111323 0.243440
v 0.256359 -1.062343 0.277003
v 0.277672 -1.014161 0.306689
v 0.306051 -0.966263 0.330304
v 0.338746 -0.918285 0.347252
v 0.373490 -0.870068 0.358472
v 0.408855 -0.821651 0.366392
v 0.444084 -0.773208 0.374772
v 0.477837 -0.724987 0.388672
v 0.505340 -0.677261 0.413618
v 0.515225 -0.630467 0.450597
v 0.496168 -0.585585 0.486306
v 0.456169 -0.543718 0.503516
v 0.411622 -0.505253 0.490010
v 0.380872 -0.469321 0.452478
v 0.360323 -0.434541 0.407604
v 0.330011 -0.399223 0.369139
v 0.282402 -0.363666 0.358521
v 0.235381 -0.330942 0.377627
v 0.193427 -0.300153 0.408311
v 0.155575 -0.270620 0.444974
v 0.153269 -0.244676 0.499450
v 0.174786 -0.219230 0.549852
v 0.160976 -0.195166 0.603375
v 0.103202 -0.180690 0.612118
v 0.074671 -0.177888 0.559023
v 0.098499 -0.176258 0.503621
v 0.042751 -0.175226 0.480996
v -0.015852 -0.180541 0.494406
v -0.048958 -0.187352 0.544336
v -0.094875 -0.194820 0.582824
v -0.153600 -0.205770 0.591222
v -0.195504 -0.223349 0.551631
v -0.186682 -0.243385 0.495396
v -0.185820 -0.264200 0.438712
v -0.220610 -0.290034 0.396578
v -0.267401 -0.319625 0.372427
v -0.317612 -0.352323 0.379314
v -0.358336 -0.384540 0.410090
v -0.398523 -0.416815 0.441493
v -0.446552 -0.450054 0.456712
v -0.494954 -0.484708 0.446610
v -0.534031 -0.521370 0.418747
v -0.561269 -0.560193 0.381323
v -0.571156 -0.601626 0.338464
v -0.556346 -0.646187 0.300421
v -0.521819 -0.693193 0.284580
v -0.485829 -0.741323 0.291069
v -0.454578 -0.789906 0.308887
v -0.425611 -0.838642 0.329876
v -0.395048 -0.887233 0.348850
v -0.360781 -0.935363 0.361679
v -0.323588 -0.982876 0.365491
v -0.285953 -1.029888 0.360125
v -0.249675 -1.076602 0.347607
v -0.214932 -1.123230 0.331045
v -0.180049 -1.169764 0.314589
v -0.147583 -1.216303 0.293785
v -0.120182 -1.263275 0.267390
v 0.249230 -1.347937 0.168802
v 0.233016 -1.295021 0.193113
v 0.228749 -1.244199 0.225571
v 0.237714 -1.195120 0.259723
v 0.257322 -1.146976 0.290604
v 0.284458 -1.099166 0.315787
v 0.316312 -1.051314 0.334551
v 0.350643 -1.003232 0.347461
v 0.385938 -0.954913 0.356243
v 0.421403 -0.906493 0.363671
v 0.456425 -0.858194 0.373527
v 0.489154 -0.810248 0.390447
v 0.514144 -0.762906 0.418551
v 0.521249 -0.716532 0.456675
v 0.502386 -0.671838 0.492722
v 0.463155 -0.629736 0.511116
v 0.418123 -0.590679 0.501417
v 0.384135 -0.554167 0.467388
v 0.362386 -0.519039 0.423352
v 0.338487 -0.483963 0.380389
v 0.297516 -0.448083 0.354309
v 0.248130 -0.413592 0.358594
v 0.203122 -0.381775 0.383344
v 0.163874 -0.351910 0.418263
v 0.147266 -0.325101 0.469778
v 0.163761 -0.299694 0.522036
v 0.179989 -0.274343 0.574383
v 0.150828 -0.252207 0.622266
v 0.092170 -0.240818 0.614578
v 0.075575 -0.238573 0.556560
v 0.097527 -0.236435 0.500408
v 0.045309 -0.234798 0.470202
v -0.012347 -0.240218 0.487409
v -0.046866 -0.247361 0.536368
v -0.084881 -0.254775 0.582707
v -0.141418 -0.264707 0.601310
v -0.190768 -0.280864 0.570692
v -0.193923 -0.300497 0.513716
v -0.176518 -0.320221 0.459296
v -0.193208 -0.343129 0.405953
v -0.235632 -0.371304 0.373479
v -0.286570 -0.403396 0.369186
v -0.331249 -0.436031 0.393340
v -0.370751 -0.468237 0.425701
v -0.414138 -0.500936 0.452024
v -0.463585 -0.534555 0.460390
v -0.510872 -0.569616 0.446909
v -0.548931 -0.606597 0.418057
v -0.574377 -0.645714 0.379681
v -0.581895 -0.687348 0.336533
v -0.566073 -0.731804 0.298774
v -0.532289 -0.778497 0.280579
v -0.495509 -0.826374 0.283485
v -0.462705 -0.874791 0.298769
v -0.432837 -0.923441 0.318665
v -0.402532 -0.972049 0.338002
v -0.369267 -1.020316 0.352797
v -0.332814 -1.068012 0.359966
v -0.294957 -1.115123 0.358342
v -0.257685 -1.161846 0.349262
v -0.221941 -1.208385 0.334719
v -0.186943 -1.254914 0.318461
v -0.152173 -1.301383 0.301658
v 0.212961 -1.376908 0.207482
v 0.218800 -1.327606 0.241968
v 0.237045 -1.279578 0.273839
v 0.263095 -1.231909 0.300377
v 0.294130 -1.184196 0.320772
v 0.327969 -1.136246 0.335329
v 0.363073 -1.088030 0.345286
v 0.398564 -1.039644 0.352733
v 0.433993 -0.991273 0.360575
v 0.468610 -0.943151 0.372485
v 0.499976 -0.895507 0.392520
v 0.522305 -0.848549 0.423363
v 0.526884 -0.802552 0.462319
v 0.507935 -0.758026 0.498530
v 0.469602 -0.715712 0.518293
v 0.424394 -0.676134 0.512090
v 0.387747 -0.639079 0.481575
v 0.364085 -0.603591 0.438826
v 0.343438 -0.568540 0.394188
v 0.310618 -0.532851 0.358179
v 0.263140 -0.497317 0.346775
v 0.215007 -0.464133 0.361949
v 0.173504 -0.433523 0.393410
v 0.147106 -0.405714 0.440099
v 0.151714 -0.380036 0.494581
v 0.175492 -0.354723 0.544028
v 0.180635 -0.329845 0.598783
v 0.138495 -0.310038 0.637066
v 0.083372 -0.301224 0.614298
v 0.077776 -0.299107 0.554183
v 0.097011 -0.296643 0.497045
v 0.048030 -0.294841 0.461802
v -0.009343 -0.299955 0.479960
v -0.046181 -0.307150 0.527232
v -0.076833 -0.314783 0.578691
v -0.128737 -0.323919 0.608160
v -0.183718 -0.338639 0.588242
v -0.197921 -0.357735 0.532803
v -0.176565 -0.377043 0.479673
v -0.173472 -0.397690 0.422962
v -0.205319 -0.423547 0.378628
v -0.254568 -0.454439 0.362386
v -0.302474 -0.487257 0.378744
v -0.343785 -0.519649 0.408561
v -0.384427 -0.552090 0.439242
v -0.430366 -0.585116 0.460332
v -0.480200 -0.619091 0.463324
v -0.526362 -0.654542 0.447188
v -0.563115 -0.691855 0.417085
v -0.586655 -0.731257 0.377794
v -0.592057 -0.773050 0.334482
v -0.575570 -0.817387 0.296866
v -0.542475 -0.863783 0.276744
v -0.505251 -0.911399 0.276398
v -0.471121 -0.959644 0.289098
v -0.440235 -1.008195 0.307630
v -0.409840 -1.056793 0.326846
v -0.377297 -1.105153 0.342883
v -0.341675 -1.153009 0.352672
v -0.304015 -1.200261 0.354582
v -0.266126 -1.247033 0.348997
v -0.229182 -1.293551 0.337795
v -0.193610 -1.340024 0.322622
v 0.216309 -1.411878 0.256639
v 0.242043 -1.364447 0.283797
v 0.272234 -1.316900 0.305780
v 0.305560 -1.269112 0.321908
v 0.340401 -1.221009 0.333199
v 0.375811 -1.172670 0.341252
v 0.411332 -1.124259 0.348317
v 0.446609 -1.075992 0.357320
v 0.480576 -1.028098 0.371721
v 0.510246 -0.980778 0.394859
v 0.529837 -0.934194 0.428036
v 0.532107 -0.888533 0.467583
v 0.512938 -0.844157 0.503863
v 0.475549 -0.801660 0.525003
v 0.430423 -0.761603 0.522110
v 0.391582 -0.724023 0.495140
v 0.365642 -0.688190 0.454019
v 0.346264 -0.653052 0.408883
v 0.320262 -0.617604 0.367463
v 0.278482 -0.581710 0.342685
v 0.228958 -0.547226 0.345045
v 0.184093 -0.515500 0.370111
v 0.151258 -0.486648 0.411811
v 0.143421 -0.460369 0.465640
v 0.162124 -0.435066 0.517216
v 0.184944 -0.409788 0.567115
v 0.176923 -0.385823 0.621909
v 0.125255 -0.368539 0.647738
v 0.077078 -0.361768 0.612058
v 0.080757 -0.359526 0.551811
v 0.096905 -0.356898 0.493719
v 0.050783 -0.355071 0.454779
v -0.006814 -0.359794 0.472336
v -0.044397 -0.367026 0.519067
v -0.070457 -0.374779 0.572990
v -0.116105 -0.383361 0.611615
v -0.174382 -0.396736 0.603613
v -0.200079 -0.415039 0.552194
v -0.182910 -0.434322 0.497584
v -0.163266 -0.453498 0.443739
v -0.178640 -0.476695 0.390120
v -0.222376 -0.505766 0.360345
v -0.272974 -0.538339 0.365135
v -0.316077 -0.570901 0.392162
v -0.356636 -0.603338 0.422983
v -0.399078 -0.636029 0.450857
v -0.446741 -0.669336 0.467165
v -0.496419 -0.703661 0.465854
v -0.541394 -0.739487 0.447351
v -0.576625 -0.777132 0.415870
v -0.598189 -0.816805 0.375723
v -0.601729 -0.858726 0.332339
v -0.584814 -0.902943 0.294768
v -0.552382 -0.949057 0.272985
v -0.514965 -0.996405 0.269669
v -0.479717 -1.044461 0.279756
v -0.447760 -1.092896 0.296691
v -0.417002 -1.141461 0.315394
v -0.384892 -1.189881 0.332101
v -0.350071 -1.237876 0.343880
v -0.312900 -1.285282 0.348933
v -0.274760 -1.332141 0.346982
v -0.236990 -1.378689 0.339182
v 0.250484 -1.449350 0.289499
v 0.283413 -1.401798 0.307071
v 0.317997 -1.353837 0.319652
v 0.353264 -1.305574 0.328686
v 0.388750 -1.257155 0.335827
v 0.424212 -1.208779 0.343352
v 0.459196 -1.160674 0.354136
v 0.492223 -1.113054 0.371335
v 0.519894 -1.066077 0.397450
v 0.536743 -1.019845 0.432568
v 0.536919 -0.974473 0.472511
v 0.517488 -0.930226 0.508809
v 0.481028 -0.887581 0.531245
v 0.436191 -0.847094 0.531499
v 0.395562 -0.808993 0.508122
v 0.367191 -0.772791 0.468967
v 0.347838 -0.737538 0.423899
v 0.326574 -0.702257 0.379723
v 0.292094 -0.666399 0.345463
v 0.244481 -0.631010 0.334121
v 0.196269 -0.597973 0.349342
v 0.158121 -0.567979 0.385299
v 0.139940 -0.540838 0.436114
v 0.149185 -0.515334 0.490095
v 0.174845 -0.490094 0.538629
v 0.191061 -0.464988 0.591113
v 0.169430 -0.442366 0.642695
v 0.112163 -0.427598 0.654529
v 0.073123 -0.422343 0.608783
v 0.084973 -0.419819 0.549637
v 0.097118 -0.417193 0.490552
v 0.053559 -0.415398 0.448737
v -0.004575 -0.419689 0.464573
v -0.042323 -0.426936 0.511183
v -0.065417 -0.434763 0.566440
v -0.104179 -0.442961 0.612068
v -0.163134 -0.455128 0.616365
v -0.199457 -0.472506 0.571441
v -0.190815 -0.491637 0.514823
v -0.163258 -0.510260 0.464354
v -0.158755 -0.531048 0.407798
v -0.191300 -0.557638 0.364444
v -0.241823 -0.589292 0.355004
v -0.287670 -0.622030 0.376747
v -0.329416 -0.654571 0.405772
v -0.370113 -0.687115 0.436302
v -0.414286 -0.720017 0.461075
v -0.463048 -0.753587 0.473034
v -0.512262 -0.788256 0.468088
v -0.555947 -0.824446 0.447334
v -0.589492 -0.862419 0.414432
v -0.609070 -0.902348 0.373523
v -0.610973 -0.944374 0.330135
v -0.593785 -0.988478 0.292554
v -0.562009 -1.034325 0.269285
v -0.524586 -1.081395 0.263204
v -0.488405 -1.129235 0.270639
v -0.455362 -1.177536 0.285760
v -0.424024 -1.226045 0.303612
v -0.392060 -1.274495 0.320499
v -0.357898 -1.322602 0.333659
v -0.321389 -1.370160 0.341373
v -0.283410 -1.417151 0.343206
v 0.295919 -1.486420 0.304094
v 0.331019 -1.438298 0.314368
v 0.366394 -1.389928 0.322273
v 0.401848 -1.341500 0.329432
v 0.437169 -1.293233 0.338162
v 0.471662 -1.245352 0.351246
v 0.503425 -1.198040 0.371416
v 0.528853 -1.151407 0.400279
v 0.543037 -1.105495 0.436959
v 0.541342 -1.060370 0.477146
v 0.521655 -1.016231 0.513440
v 0.486080 -0.973467 0.537045
v 0.441698 -0.932602 0.540256
v 0.399641 -0.893993 0.520515
v 0.368800 -0.857393 0.483661
v 0.348595 -0.821980 0.439088
v 0.330312 -0.786807 0.393508
v 0.302718 -0.751152 0.353303
v 0.260145 -0.715318 0.329812
v 0.210497 -0.681050 0.332731
v 0.167138 -0.649748 0.360802
v 0.140586 -0.621563 0.407164
v 0.139319 -0.595602 0.461697
v 0.160333 -0.570366 0.512412
v 0.186712 -0.545137 0.560562
v 0.193173 -0.520455 0.615292
v 0.159059 -0.499499 0.660437
v 0.100060 -0.487105 0.657975
v 0.070980 -0.482888 0.605204
v 0.087495 -0.480191 0.547185
v 0.097444 -0.477530 0.487661
v 0.056329 -0.475768 0.443424
v -0.002441 -0.479655 0.456861
v -0.040505 -0.486851 0.503232
v -0.061166 -0.494720 0.559445
v -0.093466 -0.502675 0.609894
v -0.150532 -0.513771 0.626192
v -0.196003 -0.530124 0.590057
v -0.196610 -0.549050 0.532731
v -0.168030 -0.567554 0.482798
v -0.148100 -0.586652 0.429036
v -0.163833 -0.610425 0.375790
v -0.209593 -0.640365 0.350227
v -0.259084 -0.673100 0.361294
v -0.301823 -0.705702 0.388885
v -0.342571 -0.738249 0.419361
v -0.384147 -0.770941 0.448529
v -0.429810 -0.804030 0.470162
v -0.479195 -0.837863 0.478210
v -0.527734 -0.872875 0.470031
v -0.570014 -0.909423 0.447100
v -0.601767 -0.947711 0.412808
v -0.619393 -0.987873 0.371241
v -0.619838 -1.029993 0.327901
v -0.602458 -1.073998 0.290290
v -0.571339 -1.119596 0.265678
v -0.534072 -1.166375 0.256976
v -0.497126 -1.213974 0.261688
v -0.463000 -1.262110 0.274773
v -0.430902 -1.310534 0.291450
v -0.398793 -1.358979 0.308056
v -0.365045 -1.407161 0.321967
v -0.329204 -1.454854 0.331698
v 0.344427 -1.522413 0.305984
v 0.379730 -1.474066 0.314256
v 0.415076 -1.425735 0.322449
v 0.450125 -1.377663 0.333095
v 0.483862 -1.330061 0.348886
v 0.514037 -1.283075 0.372035
v 0.537084 -1.236766 0.403320
v 0.548759 -1.191136 0.441216
v 0.545417 -1.146220 0.481533
v 0.525504 -1.102172 0.517813
v 0.490746 -1.059317 0.542450
v 0.446945 -1.018127 0.548392
v 0.403796 -0.979031 0.532291
v 0.370529 -0.942001 0.498063
v 0.348830 -0.906384 0.454361
v 0.332137 -0.871262 0.408131
v 0.310133 -0.835840 0.364421
v 0.274276 -0.799934 0.331644
v 0.226230 -0.764733 0.321599
v 0.178593 -0.732045 0.339206
v 0.144521 -0.702636 0.379488
v 0.133298 -0.675962 0.432517
v 0.146555 -0.650592 0.485719
v 0.173693 -0.625402 0.533465
v 0.196243 -0.600240 0.583544
v 0.191271 -0.576270 0.638735
v 0.146796 -0.557199 0.674798
v 0.089498 -0.546943 0.658821
v 0.069994 -0.543398 0.601745
v 0.088967 -0.540597 0.544479
v 0.097994 -0.537886 0.484809
v 0.059053 -0.536149 0.438642
v -0.000304 -0.539686 0.449313
v -0.038913 -0.546773 0.495251
v -0.057890 -0.554657 0.552059
v -0.084214 -0.562471 0.605876
v -0.137227 -0.572648 0.632965
v -0.189735 -0.587909 0.607422
v -0.201051 -0.606493 0.551115
v -0.175730 -0.625065 0.499500
v -0.146068 -0.643265 0.450095
v -0.143107 -0.664448 0.393595
v -0.177768 -0.691863 0.352461
v -0.228739 -0.724018 0.349056
v -0.273532 -0.756750 0.373014
v -0.315466 -0.789355 0.401697
v -0.356017 -0.821982 0.432345
v -0.398578 -0.854795 0.459911
v -0.445478 -0.888065 0.478402
v -0.495135 -0.922174 0.482834
v -0.542824 -0.957529 0.471662
v -0.583602 -0.994415 0.446639
v -0.613512 -1.032995 0.411037
v -0.629242 -1.073372 0.368919
v -0.628362 -1.115579 0.325670
v -0.610821 -1.159502 0.288035
v -0.580349 -1.204873 0.262222
v -0.543384 -1.251365 0.251028
v -0.505844 -1.298694 0.252917
v -0.470650 -1.346624 0.263711
v -0.437628 -1.394918 0.278865
v -0.405060 -1.443305 0.294689
v -0.371336 -1.491493 0.308583
v 0.393243 -1.558025 0.305076
v 0.428353 -1.509935 0.315415
v 0.462915 -1.462139 0.328614
v 0.495595 -1.414843 0.347293
v 0.523951 -1.368166 0.373212
v 0.544607 -1.322145 0.406527
v 0.553977 -1.276758 0.445343
v 0.549192 -1.232018 0.485709
v 0.529081 -1.188050 0.521974
v 0.495066 -1.145123 0.547514
v 0.451931 -1.103662 0.555929
v 0.408010 -1.064113 0.543407
v 0.372436 -1.026630 0.512116
v 0.348776 -0.990753 0.469657
v 0.332548 -0.955629 0.423259
v 0.314669 -0.920420 0.377538
v 0.285703 -0.884659 0.338399
v 0.242167 -0.848917 0.316569
v 0.192496 -0.814942 0.321768
v 0.151527 -0.784150 0.353734
v 0.130985 -0.756516 0.403369
v 0.135273 -0.730806 0.457873
v 0.158423 -0.705635 0.507683
v 0.186917 -0.680439 0.554629
v 0.202513 -0.655471 0.607373
v 0.185762 -0.632484 0.660628
v 0.133599 -0.615413 0.685754
v 0.080721 -0.607006 0.657836
v 0.069844 -0.603879 0.598478
v 0.090261 -0.601003 0.541707
v 0.098764 -0.598249 0.481963
v 0.061736 -0.596531 0.434242
v 0.001902 -0.599755 0.441957
v -0.037416 -0.606708 0.487307
v -0.055500 -0.614580 0.544415
v -0.076481 -0.622324 0.600535
v -0.123883 -0.631736 0.636789
v -0.180937 -0.645866 0.623021
v -0.203104 -0.663990 0.569879
v -0.184584 -0.682624 0.515488
v -0.150661 -0.700541 0.468788
v -0.131126 -0.719785 0.414939
v -0.149176 -0.744259 0.362764
v -0.196755 -0.774901 0.341745
v -0.244933 -0.807727 0.357438
v -0.287881 -0.840377 0.384599
v -0.329039 -0.873038 0.414377
v -0.369689 -0.905738 0.444813
v -0.413296 -0.938662 0.470557
v -0.461185 -0.972125 0.485913
v -0.510831 -1.006522 0.486935
v -0.557526 -1.042208 0.472953
v -0.596734 -1.079409 0.445959
v -0.624787 -1.118260 0.409156
v -0.638691 -1.158839 0.366589
v -0.636584 -1.201128 0.323464
v -0.618885 -1.244987 0.285827
v -0.589023 -1.290160 0.258969
v -0.552486 -1.336380 0.245465
v -0.514552 -1.383428 0.244480
v -0.478332 -1.431109 0.252684
v -0.444206 -1.479208 0.265869
v -0.410730 -1.527441 0.280162
v 0.441451 -1.594220 0.309309
v 0.475291 -1.546718 0.325193
v 0.506706 -1.499703 0.346573
v 0.533162 -1.453296 0.374876
v 0.551525 -1.407524 0.409838
v 0.558788 -1.362350 0.449345
v 0.552715 -1.317767 0.489707
v 0.532423 -1.273867 0.525955
v 0.499086 -1.230885 0.552284
v 0.456659 -1.189195 0.562907
v 0.412262 -1.149238 0.553828
v 0.374573 -1.111287 0.525736
v 0.348622 -1.075095 0.484911
v 0.331956 -1.039910 0.438712
v 0.316828 -1.004875 0.391874
v 0.293957 -0.969361 0.348679
v 0.256774 -0.933443 0.317419
v 0.208154 -0.898444 0.309636
v 0.161686 -0.866195 0.330840
v 0.132194 -0.837372 0.374982
v 0.127112 -0.811078 0.429138
v 0.143891 -0.785820 0.481399
v 0.172279 -0.760675 0.528440
v 0.198460 -0.735503 0.576722
v 0.205206 -0.710893 0.631463
v 0.177280 -0.689123 0.680370
v 0.120299 -0.674085 0.693498
v 0.073831 -0.667216 0.655523
v 0.070073 -0.664319 0.595288
v 0.091580 -0.661410 0.538919
v 0.099700 -0.658618 0.479121
v 0.064364 -0.656907 0.430136
v 0.004199 -0.659848 0.434815
v -0.035942 -0.666665 0.479457
v -0.053643 -0.674504 0.536699
v -0.070239 -0.682222 0.594275
v -0.111101 -0.691013 0.637915
v -0.170052 -0.704005 0.636421
v -0.202640 -0.721522 0.588716
v -0.191748 -0.740207 0.532327
v -0.157952 -0.758132 0.485537
v -0.127713 -0.776210 0.436432
v -0.127068 -0.797915 0.380058
v -0.164443 -0.826123 0.341946
v -0.215289 -0.858603 0.343628
v -0.259504 -0.891319 0.368645
v -0.302220 -0.924046 0.396058
v -0.342562 -0.956738 0.426915
v -0.383514 -0.989490 0.456892
v -0.428214 -1.022532 0.480534
v -0.476855 -1.056209 0.492738
v -0.526258 -1.090902 0.490505
v -0.571842 -1.126902 0.473902
v -0.609446 -1.164397 0.445084
v -0.635645 -1.203505 0.407198
v -0.647791 -1.244272 0.364275
v -0.644545 -1.286643 0.321298
v -0.626684 -1.330444 0.283673
v -0.597382 -1.375443 0.255922
v -0.561352 -1.421424 0.240372
v -0.523255 -1.468210 0.236659
v -0.486165 -1.515628 0.242107
v -0.450801 -1.563462 0.252800
v 0.487105 -1.631389 0.322934
v 0.517199 -1.584615 0.346613
v 0.541798 -1.538437 0.376892
v 0.557981 -1.492885 0.413188
v 0.563279 -1.447907 0.453223
v 0.556013 -1.403467 0.493543
v 0.535549 -1.359631 0.529771
v 0.502837 -1.316602 0.556802
v 0.461140 -1.274720 0.569391
v 0.416523 -1.234401 0.563538
v 0.376981 -1.195986 0.538828
v 0.348538 -1.159425 0.500039
v 0.330698 -1.124110 0.454378
v 0.317117 -1.089196 0.406975
v 0.299124 -1.053959 0.361313
v 0.268828 -1.018131 0.323250
v 0.224247 -0.982476 0.303471
v 0.174798 -0.948838 0.311991
v 0.136975 -0.918621 0.348128
v 0.122279 -0.891493 0.400071
v 0.131352 -0.865986 0.454088
v 0.156399 -0.840871 0.503006
v 0.186206 -0.815716 0.549158
v 0.207428 -0.790632 0.599854
v 0.204407 -0.766552 0.655160
v 0.166528 -0.746198 0.697556
v 0.107569 -0.733156 0.698387
v 0.068553 -0.727519 0.652604
v 0.070799 -0.724732 0.592294
v 0.092872 -0.721824 0.536136
v 0.100731 -0.719004 0.476298
v 0.066938 -0.717273 0.426238
v 0.006601 -0.719959 0.427892
v -0.034463 -0.726644 0.471707
v -0.051939 -0.734439 0.529030
v -0.065172 -0.742143 0.587478
v -0.099366 -0.750458 0.636607
v -0.157618 -0.762338 0.647280
v -0.199542 -0.779100 0.607192
v -0.197682 -0.797777 0.549792
v -0.166889 -0.815830 0.501043
v -0.130866 -0.833387 0.455808
v -0.113453 -0.852911 0.401338
v -0.134768 -0.878169 0.350793
v -0.183735 -0.909372 0.334234
v -0.230464 -0.942221 0.353847
v -0.274820 -0.974992 0.378468
v -0.316095 -1.007723 0.408024
v -0.355879 -1.040423 0.439593
v -0.397479 -1.073226 0.468614
v -0.443265 -1.106411 0.489867
v -0.492436 -1.140327 0.498875
v -0.541399 -1.175311 0.493555
v -0.585799 -1.211604 0.474542
v -0.621769 -1.249376 0.444043
v -0.646116 -1.288732 0.405188
v -0.656572 -1.329680 0.361989
v -0.652277 -1.372118 0.319174
v -0.634276 -1.415862 0.281550
v -0.605496 -1.460702 0.253007
v -0.570008 -1.506472 0.235692
v -0.531941 -1.553036 0.229607
v -0.494269 -1.600221 0.232535
v 0.527149 -1.669559 0.347240
v 0.549989 -1.623575 0.379143
v 0.564095 -1.578222 0.416532
v 0.567505 -1.533428 0.456974
v 0.559093 -1.489125 0.497219
v 0.538455 -1.445348 0.533421
v 0.506338 -1.402277 0.561092
v 0.465386 -1.360229 0.575456
v 0.420759 -1.319597 0.572571
v 0.379677 -1.280741 0.551291
v 0.348658 -1.243762 0.514949
v 0.329064 -1.208246 0.470168
v 0.316004 -1.173387 0.422576
v 0.301587 -1.138408 0.375465
v 0.277693 -1.102828 0.332878
v 0.239217 -1.066898 0.303229
v 0.190073 -1.032099 0.298344
v 0.145413 -1.000359 0.323795
v 0.120960 -0.972138 0.371289
v 0.121405 -0.946181 0.425849
v 0.141190 -0.921018 0.477100
v 0.170577 -0.895919 0.523554
v 0.198867 -0.870770 0.570651
v 0.213421 -0.845858 0.623726
v 0.200427 -0.822486 0.677883
v 0.154228 -0.803721 0.711958
v 0.095899 -0.792564 0.700922
v 0.064700 -0.787876 0.649384
v 0.071808 -0.785128 0.589452
v 0.094099 -0.782242 0.533373
v 0.101791 -0.779411 0.473508
v 0.069466 -0.777631 0.422488
v 0.009107 -0.780080 0.421168
v -0.032977 -0.786636 0.464026
v -0.050398 -0.794379 0.521370
v -0.060830 -0.802058 0.580387
v -0.089079 -0.810049 0.633207
v -0.144233 -0.820881 0.655365
v -0.193891 -0.836733 0.624876
v -0.201678 -0.855322 0.567945
v -0.175601 -0.873554 0.516588
v -0.137645 -0.890965 0.472891
v -0.108357 -0.909071 0.423224
v -0.111059 -0.931416 0.367162
v -0.151220 -0.960396 0.332617
v -0.201672 -0.993066 0.338344
v -0.246148 -1.025846 0.362860
v -0.289243 -1.058656 0.389551
v -0.329409 -1.091377 0.420618
v -0.369088 -1.124076 0.452330
v -0.411595 -1.156954 0.479929
v -0.458407 -1.190312 0.498515
v -0.507887 -1.224481 0.504321
v -0.556260 -1.259738 0.496137
v -0.599424 -1.296304 0.474919
v -0.633723 -1.334347 0.442865
v -0.656213 -1.373945 0.403142
v -0.665034 -1.415064 0.359740
v -0.659779 -1.457561 0.317090
v -0.641698 -1.501238 0.279429
v -0.613448 -1.545918 0.250121
v -0.578512 -1.591501 0.231262
v -0.540592 -1.637884 0.223230
v 0.557795 -1.708709 0.381577
v 0.569962 -1.663527 0.419842
v 0.571505 -1.618911 0.460592
v 0.561951 -1.574743 0.500728
v 0.541131 -1.531025 0.536896
v 0.509592 -1.487916 0.565167
v 0.469407 -1.445714 0.581170
v 0.424935 -1.404807 0.581012
v 0.382652 -1.365558 0.563059
v 0.349120 -1.328139 0.529505
v 0.327267 -1.292338 0.486012
v 0.313879 -1.257466 0.438517
v 0.301850 -1.222697 0.390585
v 0.283293 -1.187427 0.345168
v 0.251720 -1.151534 0.308212
v 0.206149 -1.115939 0.290697
v 0.157289 -1.082675 0.303198
v 0.123392 -1.053105 0.343532
v 0.114448 -1.026467 0.397021
v 0.127606 -1.001135 0.450279
v 0.154209 -0.976070 0.498403
v 0.184806 -0.950964 0.544066
v 0.209470 -0.925853 0.593176
v 0.216393 -0.901205 0.647894
v 0.193663 -0.878723 0.699145
v 0.141082 -0.861682 0.723504
v 0.085602 -0.852241 0.701534
v 0.061963 -0.848260 0.646060
v 0.072884 -0.845515 0.586702
v 0.095211 -0.842660 0.530629
v 0.102825 -0.839829 0.470750
v 0.071949 -0.837983 0.418840
v 0.011711 -0.840204 0.414622
v -0.031437 -0.846641 0.456429
v -0.049020 -0.854330 0.513731
v -0.057534 -0.861988 0.573062
v -0.080334 -0.869765 0.628480
v -0.130553 -0.879645 0.660605
v -0.185842 -0.894443 0.641304
v -0.203666 -0.912819 0.586599
v -0.183392 -0.931262 0.532766
v -0.145905 -0.948705 0.488687
v -0.109920 -0.966068 0.443347
v -0.095612 -0.986036 0.388138
v -0.120495 -1.012066 0.339649
v -0.170492 -1.043797 0.327865
v -0.217002 -1.076683 0.348037
v -0.261559 -1.109527 0.372197
v -0.302978 -1.142304 0.401525
v -0.342264 -1.174986 0.433749
v -0.382288 -1.207700 0.465020
v -0.425875 -1.240688 0.490750
v -0.473606 -1.274250 0.506411
v -0.523187 -1.308663 0.509124
v -0.570862 -1.344172 0.498331
v -0.612740 -1.380999 0.475074
v -0.645317 -1.419310 0.441572
v -0.665931 -1.459149 0.401076
v -0.673159 -1.500432 0.357534
v -0.667036 -1.542974 0.315045
v -0.648967 -1.586568 0.277285
v -0.621298 -1.631087 0.247186
v -0.586904 -1.676507 0.226993
v 0.575644 -1.748801 0.423107
v 0.575328 -1.704355 0.464070
v 0.564563 -1.660326 0.504053
v 0.543545 -1.616668 0.540176
v 0.512587 -1.573519 0.569027
v 0.473208 -1.531172 0.586580
v 0.429027 -1.490016 0.588966
v 0.385857 -1.450420 0.574151
v 0.350053 -1.412583 0.543543
v 0.325536 -1.376418 0.501806
v 0.311026 -1.341440 0.454715
v 0.300359 -1.306831 0.406343
v 0.285967 -1.271870 0.359206
v 0.260939 -1.236215 0.317328
v 0.221351 -1.200240 0.289227
v 0.171850 -1.165632 0.287613
v 0.129748 -1.134496 0.317753
v 0.110833 -1.106917 0.368076
v 0.116246 -1.081259 0.422516
v 0.138438 -1.056172 0.472815
v 0.168498 -1.031121 0.518869
v 0.197973 -1.006016 0.565265
v 0.217659 -0.980973 0.616607
v 0.216477 -0.956692 0.671915
v 0.184557 -0.935296 0.718528
v 0.127731 -0.920063 0.732247
v 0.076903 -0.912135 0.700550
v 0.059859 -0.908637 0.642679
v 0.073808 -0.905897 0.583958
v 0.096134 -0.903075 0.527876
v 0.103824 -0.900247 0.468005
v 0.074391 -0.898326 0.415263
v 0.014405 -0.900325 0.408229
v -0.029817 -0.906652 0.448920
v -0.047748 -0.914293 0.506122
v -0.055070 -0.921929 0.565620
v -0.073207 -0.929589 0.622752
v -0.117235 -0.938636 0.663149
v -0.175654 -0.952267 0.655993
v -0.203545 -0.970260 0.605524
v -0.189965 -0.988921 0.549696
v -0.154987 -1.006528 0.503677
v -0.115565 -1.023565 0.461155
v -0.088660 -1.041906 0.410245
v -0.095077 -1.064867 0.354732
v -0.137878 -1.094601 0.324209
v -0.187703 -1.127452 0.333361
v -0.232748 -1.160333 0.356627
v -0.275852 -1.193182 0.383304
v -0.315933 -1.225903 0.414499
v -0.354831 -1.258549 0.447234
v -0.395570 -1.291309 0.477528
v -0.440347 -1.324448 0.500919
v -0.488829 -1.358222 0.513533
v -0.538333 -1.392859 0.513385
v -0.585231 -1.428602 0.500210
v -0.625761 -1.465688 0.475045
v -0.656556 -1.504267 0.440188
v -0.675255 -1.544348 0.399005
v -0.680912 -1.585789 0.355381
v -0.674016 -1.628361 0.313040
v -0.656108 -1.671852 0.275084
v -0.629086 -1.716207 0.244164
v 0.579038 -1.789751 0.467403
v 0.566897 -1.745879 0.507163
v 0.545637 -1.702284 0.543221
v 0.515302 -1.659091 0.572665
v 0.476788 -1.616601 0.591731
v 0.433019 -1.575213 0.596528
v 0.389223 -1.535310 0.584660
v 0.351499 -1.497097 0.556957
v 0.324174 -1.460535 0.517365
v 0.307676 -1.425329 0.471106
v 0.297437 -1.390802 0.422579
v 0.286143 -1.356138 0.374386
v 0.266730 -1.320799 0.329375
v 0.234085 -1.284821 0.293434
v 0.187726 -1.249231 0.278088
v 0.139950 -1.216428 0.295180
v 0.110889 -1.187610 0.339631
v 0.107578 -1.161440 0.393997
v 0.124067 -1.136244 0.446391
v 0.151724 -1.111223 0.493945
v 0.182676 -1.086171 0.539406
v 0.209441 -1.061073 0.587420
v 0.223393 -1.036134 0.640659
v 0.213856 -1.012352 0.695376
v 0.173581 -0.992248 0.735675
v 0.114734 -0.978831 0.738397
v 0.069629 -0.972175 0.698736
v 0.058564 -0.969019 0.639414
v 0.074581 -0.966281 0.581218
v 0.096862 -0.963488 0.525110
v 0.104773 -0.960659 0.465265
v 0.076785 -0.958660 0.411743
v 0.017175 -0.960438 0.401962
v -0.028104 -0.966663 0.441494
v -0.046470 -0.974267 0.498563
v -0.053036 -0.981872 0.558158
v -0.067000 -0.989438 0.616460
v -0.104847 -0.997854 0.662818
v -0.163714 -1.010260 0.668453
v -0.201298 -1.027645 0.624467
v -0.195067 -1.046500 0.567409
v -0.163230 -1.064331 0.519248
v -0.123077 -1.081302 0.477378
v -0.088647 -1.098751 0.430873
v -0.077399 -1.119023 0.375067
v -0.106290 -1.145923 0.329343
v -0.156847 -1.178125 0.321848
v -0.203223 -1.211073 0.342286
v -0.247740 -1.243989 0.366455
v -0.289210 -1.276783 0.395705
v -0.328260 -1.309437 0.428260
v -0.367259 -1.342075 0.460894
v -0.409051 -1.374930 0.489614
v -0.455023 -1.408247 0.510282
v -0.504044 -1.442219 0.519951
v -0.553331 -1.477062 0.517201
v -0.599384 -1.513030 0.501823
v -0.638506 -1.550367 0.474866
v -0.667446 -1.589217 0.438740
v -0.684157 -1.629545 0.396946
v -0.688227 -1.671146 0.353294
v -0.680677 -1.713727 0.311076
v -0.663163 -1.757079 0.272775
v 0.568851 -1.831403 0.509978
v 0.547282 -1.787881 0.545943
v 0.517695 -1.744634 0.576062
v 0.480149 -1.701996 0.596673
v 0.436903 -1.660392 0.603781
v 0.392698 -1.620213 0.594679
v 0.353402 -1.581668 0.569756
v 0.323456 -1.544729 0.532474
v 0.304215 -1.509184 0.487554
v 0.293208 -1.474602 0.439234
v 0.284068 -1.440193 0.390402
v 0.269462 -1.405237 0.343318
v 0.243139 -1.369437 0.302392
v 0.203074 -1.333372 0.275119
v 0.153436 -1.299009 0.277254
v 0.114901 -1.268642 0.312525
v 0.101970 -1.241727 0.365060
v 0.111708 -1.216319 0.419020
v 0.135513 -1.191283 0.468608
v 0.165775 -1.166278 0.514559
v 0.195839 -1.141222 0.560611
v 0.218997 -1.116127 0.610471
v 0.226761 -1.091346 0.665034
v 0.208696 -1.068233 0.717859
v 0.161271 -1.049608 0.750338
v 0.102526 -1.037939 0.742340
v 0.063693 -1.032325 0.696377
v 0.057889 -1.029402 0.636299
v 0.075291 -1.026667 0.578495
v 0.097438 -1.023895 0.522332
v 0.105669 -1.021065 0.462527
v 0.079121 -1.018988 0.408275
v 0.020008 -1.020540 0.395802
v -0.026308 -1.026667 0.434134
v -0.045075 -1.034250 0.491076
v -0.051270 -1.041823 0.550718
v -0.061976 -1.049329 0.609715
v -0.093874 -1.057283 0.660423
v -0.150530 -1.068475 0.678219
v -0.196840 -1.084988 0.643104
v -0.198797 -1.103976 0.585777
v -0.170645 -1.122083 0.535471
v -0.131212 -1.139121 0.492959
v -0.092625 -1.156088 0.449649
v -0.068678 -1.174564 0.397330
v -0.078969 -1.198201 0.342681
v -0.124190 -1.228742 0.316766
v -0.173349 -1.261772 0.328597
v -0.218892 -1.294742 0.350745
v -0.261711 -1.327603 0.377911
v -0.301679 -1.360314 0.409285
v -0.340122 -1.392910 0.442620
v -0.379719 -1.425585 0.474492
v -0.422843 -1.458582 0.500997
v -0.469869 -1.492078 0.518818
v -0.519225 -1.526233 0.525772
v -0.568187 -1.561268 0.520633
v -0.613334 -1.597451 0.503206
v -0.651005 -1.635034 0.474571
v -0.678005 -1.674155 0.437257
v -0.692589 -1.714745 0.394922
v -0.694957 -1.756513 0.351304
v -0.686903 -1.799077 0.309159
v 0.548160 -1.873470 0.548117
v 0.519648 -1.830150 0.579147
v 0.483305 -1.787349 0.601474
v 0.440683 -1.745549 0.610782
v 0.396255 -1.705128 0.604240
v 0.355684 -1.666283 0.581975
v 0.323449 -1.628998 0.547022
v 0.301262 -1.593086 0.503786
v 0.287973 -1.558254 0.456226
v 0.279506 -1.523973 0.407182
v 0.268996 -1.489416 0.358729
v 0.249040 -1.454002 0.314009
v 0.215963 -1.417906 0.278576
v 0.168943 -1.382306 0.265424
v 0.122996 -1.350137 0.287892
v 0.099786 -1.322181 0.336174
v 0.101789 -1.296423 0.390805
v 0.120672 -1.271322 0.442438
v 0.148541 -1.246335 0.489891
v 0.179366 -1.221330 0.535472
v 0.207564 -1.196254 0.582684
v 0.226716 -1.171170 0.634224
v 0.227800 -1.146634 0.689440
v 0.201204 -1.124392 0.738932
v 0.148197 -1.107384 0.762433
v 0.091399 -1.097337 0.744412
v 0.058886 -1.092543 0.693694
v 0.057710 -1.089785 0.633339
v 0.076003 -1.087052 0.575806
v 0.097896 -1.084293 0.519540
v 0.106515 -1.081461 0.459786
v 0.081380 -1.079312 0.404866
v 0.022886 -1.080633 0.389728
v -0.024454 -1.086658 0.426810
v -0.043508 -1.094231 0.483662
v -0.049668 -1.101782 0.543309
v -0.058215 -1.109259 0.602666
v -0.084499 -1.116891 0.656546
v -0.136829 -1.126972 0.685042
v -0.190091 -1.142334 0.660997
v -0.201160 -1.161330 0.604712
v -0.176965 -1.179739 0.552483
v -0.139089 -1.196942 0.508643
v -0.098874 -1.213727 0.466763
v -0.067112 -1.231210 0.418411
v -0.058997 -1.251827 0.362188
v -0.091734 -1.279656 0.319713
v -0.142449 -1.312379 0.316942
v -0.188916 -1.345410 0.337058
v -0.233342 -1.378355 0.361353
v -0.274536 -1.411147 0.391014
v -0.313219 -1.443759 0.424059
v -0.351673 -1.476334 0.457403
v -0.392477 -1.509111 0.487601
v -0.436980 -1.542270 0.511495
v -0.484825 -1.575933 0.526607
v -0.534347 -1.610260 0.531052
v -0.582883 -1.645483 0.523683
v -0.627071 -1.681873 0.504349
v -0.663269 -1.719687 0.474177
v -0.688262 -1.759076 0.435775
v -0.700418 -1.799955 0.392967
v -0.700733 -1.841918 0.349477
vn 0.6655 0.0840 -0.7417
vn 0.8955 0.0937 -0.4350
vn 0.7958 0.0824 -0.5999
vn 0.4797 0.0846 -0.8733
vn 0.7928 0.0868 -0.6033
vn 0.2513 0.0801 -0.9646
vn 0.6468 0.0861 -0.7578
vn 0.0018 0.0711 -0.9975
vn 0.4539 0.0840 -0.8871
vn -0.2448 0.0613 -0.9676
vn 0.2215 0.0777 -0.9721
vn -0.4655 0.0550 -0.8833
vn -0.0332 0.0683 -0.9971
vn -0.6414 0.0561 -0.7651
vn -0.2869 0.0588 -0.9562
vn -0.7607 0.0651 -0.6458
vn -0.5134 0.0538 -0.8564
vn -0.8197 0.0734 -0.5681
vn -0.6884 0.0559 -0.7232
vn -0.8208 0.0684 -0.5671
vn -0.7940 0.0610 -0.6049
vn -0.7638 0.0488 -0.6436
vn -0.8294 0.0618 -0.5552
vn -0.6494 0.0249 -0.7601
vn -0.8021 0.0529 -0.5948
vn -0.4501 -0.0124 -0.8929
vn -0.7152 0.0322 -0.6982
vn -0.0003 -0.0757 -0.9971
vn -0.5788 0.0162 -0.8153
vn 0.6449 -0.1383 -0.7516
vn -0.2836 -0.0477 -0.9578
vn 0.9672 -0.1403 -0.2116
vn 0.3091 -0.1101 -0.9446
vn 0.9640 -0.1250 0.2348
vn 0.8565 -0.1424 -0.4961
vn 0.9028 -0.0750 0.4234
vn 0.9931 -0.1107 0.0373
vn 0.8836 -0.0630 0.4640
vn 0.9383 -0.0755 0.3376
vn 0.9010 -0.0604 0.4295
vn 0.8762 -0.0625 0.4780
vn 0.9595 -0.0383 0.2793
vn 0.8889 -0.0533 0.4549
vn 0.9990 0.0126 -0.0440
vn 0.9419 -0.0401 0.3335
vn 0.8240 0.0894 -0.5595
vn 0.9985 -0.0003 0.0552
vn 0.2176 0.1456 -0.9651
vn 0.9022 0.0697 -0.4256
vn -0.5280 0.1417 -0.8374
vn 0.4001 0.1355 -0.9064
vn -0.9435 0.0850 -0.3203
vn -0.3916 0.1375 -0.9098
vn -0.9977 0.0310 0.0597
vn -0.8935 0.0771 -0.4425
vn -0.9942 0.0263 0.1041
vn -0.9790 0.0204 0.2030
vn -0.9996 0.0064 -0.0259
vn -0.9783 0.0218 0.2058
vn -0.7984 -0.0389 -0.6008
vn -0.9996 0.0042 -0.0270
vn -0.0290 -0.0753 -0.9967
vn -0.7943 -0.0403 -0.6061
vn -0.0377 -0.0765 -0.9964
vn 0.7236 -0.0579 -0.6878
vn 0.7226 -0.0586 -0.6888
vn 0.9760 -0.0183 -0.2170
vn 0.9766 -0.0164 -0.2143
vn 0.9999 0.0018 -0.0151
vn 0.9962 0.0115 -0.0862
vn 1.0000 0.0031 -0.0089
vn 0.8953 0.0521 -0.4424
vn 0.9909 0.0167 -0.1334
vn 0.4156 0.1007 -0.9039
vn 0.8291 0.0795 -0.5534
vn -0.4496 0.1236 -0.8847
vn 0.2764 0.1311 -0.9521
vn -0.2933 0.1298 -0.9472
vn -0.8921 0.0816 -0.4444
vn -0.8265 0.0934 -0.5551
vn -0.9979 0.0400 -0.0516
vn -0.9900 0.0461 -0.1333
vn -0.9862 0.0232 0.1640
vn -0.9932 0.0214 0.1140
vn -0.9674 0.0235 0.2522
vn -0.9739 0.0178 0.2264
vn -0.9661 0.0252 0.2570
vn -0.9655 0.0219 0.2593
vn -0.9807 0.0163 0.1948
vn -0.9719 0.0215 0.2345
vn -0.9980 -0.0101 0.0624
vn -0.9884 0.0081 0.1520
vn -0.9852 -0.0576 -0.1613
vn -0.9997 -0.0247 -0.0059
vn -0.8620 -0.1230 -0.4918
vn -0.9595 -0.0802 -0.2699
vn -0.4978 -0.1800 -0.8484
vn -0.7558 -0.1492 -0.6376
vn 0.1162 -0.1745 -0.9778
vn -0.2628 -0.1890 -0.9462
vn 0.6539 -0.1121 -0.7482
vn 0.3706 -0.1533 -0.9161
vn 0.9224 -0.0230 -0.3856
vn 0.7901 -0.0759 -0.6082
vn 0.9994 0.0338 -0.0069
vn 0.9714 -0.0009 -0.2376
vn 0.9448 0.0878 0.3156
vn 0.9890 0.0596 0.1357
vn 0.8657 0.1168 0.4868
vn 0.9085 0.1112 0.4027
vn 0.8533 0.1271 0.5057
vn 0.8503 0.1423 0.5067
vn 0.9136 0.1200 0.3885
vn 0.8718 0.1396 0.4695
vn 0.9818 0.1026 0.1596
vn 0.9389 0.1181 0.3234
vn 0.9874 0.0861 -0.1327
vn 0.9904 0.0990 0.0966
vn 0.8982 0.0727 -0.4335
vn 0.9796 0.0854 -0.1820
vn 0.7217 0.0607 -0.6895
vn 0.8808 0.0715 -0.4680
vn 0.4955 0.0525 -0.8670
vn 0.7047 0.0572 -0.7072
vn 0.2544 0.0541 -0.9656
vn 0.9723 0.1056 -0.2084
vn 0.9019 0.0967 -0.4210
vn 0.7892 0.0918 -0.6073
vn 0.6322 0.0886 -0.7697
vn 0.4309 0.0841 -0.8985
vn 0.1917 0.0765 -0.9785
vn -0.0706 0.0667 -0.9953
vn -0.3328 0.0578 -0.9412
vn -0.5641 0.0535 -0.8240
vn -0.7307 0.0535 -0.6806
vn -0.8158 0.0544 -0.5758
vn -0.8267 0.0518 -0.5603
vn -0.7708 0.0416 -0.6357
vn -0.6604 0.0236 -0.7506
vn -0.4744 -0.0158 -0.8802
vn -0.0366 -0.0685 -0.9970
vn 0.6121 -0.1379 -0.7786
vn 0.9635 -0.1268 -0.2358
vn 0.9754 -0.0871 0.2023
vn 0.9065 -0.0596 0.4179
vn 0.8826 -0.0490 0.4676
vn 0.9229 -0.0394 0.3831
vn 0.9892 -0.0096 0.1460
vn 0.9550 0.0514 -0.2921
vn 0.5647 0.1222 -0.8162
vn -0.2156 0.1437 -0.9659
vn -0.9993 0.0369 0.0041
vn -0.8246 0.0863 -0.5591
vn -0.9805 0.0207 0.1956
vn -0.9996 0.0024 -0.0286
vn -0.0211 -0.0751 -0.9970
vn -0.7915 -0.0411 -0.6098
vn 0.7261 -0.0583 -0.6852
vn 0.9756 -0.0207 -0.2188
vn 0.9996 0.0011 -0.0277
vn 0.9814 0.0218 -0.1907
vn 0.1320 0.1238 -0.9835
vn 0.7425 0.0684 -0.6664
vn -0.5895 0.1156 -0.7994
vn -0.9400 0.0709 -0.3338
vn -0.9990 0.0361 0.0260
vn -0.9776 0.0260 0.2090
vn -0.9639 0.0269 0.2651
vn -0.9727 0.0222 0.2309
vn -0.9926 0.0017 0.1214
vn -0.9968 -0.0387 -0.0693
vn -0.9285 -0.0980 -0.3583
vn -0.6771 -0.1616 -0.7179
vn -0.1549 -0.1871 -0.9700
vn 0.4603 -0.1339 -0.8776
vn 0.8421 -0.0561 -0.5363
vn 0.9883 0.0130 -0.1522
vn 0.9749 0.0669 0.2124
vn 0.8897 0.0983 0.4459
vn 0.8490 0.1121 0.5163
vn 0.8909 0.1132 0.4398
vn 0.9682 0.1046 0.2272
vn 0.9931 0.0889 -0.0770
vn 0.9141 0.0748 -0.3986
vn 0.7348 0.0639 -0.6753
vn 0.4907 0.0573 -0.8694
vn 0.2216 0.0579 -0.9734
vn -0.0537 0.0651 -0.9964
vn 0.9916 0.1123 0.0648
vn 0.9765 0.1064 -0.1872
vn 0.9053 0.1000 -0.4129
vn 0.7854 0.0951 -0.6116
vn 0.6191 0.0905 -0.7801
vn 0.4088 0.0843 -0.9087
vn 0.1608 0.0754 -0.9841
vn -0.1117 0.0651 -0.9916
vn -0.3838 0.0567 -0.9217
vn -0.6149 0.0518 -0.7869
vn -0.7655 0.0494 -0.6415
vn -0.8276 0.0480 -0.5593
vn -0.8132 0.0435 -0.5804
vn -0.7281 0.0303 -0.6848
vn -0.5946 0.0226 -0.8037
vn -0.3096 -0.0474 -0.9497
vn 0.2747 -0.1072 -0.9555
vn 0.8295 -0.1396 -0.5408
vn 0.9940 -0.1089 -0.0129
vn 0.9438 -0.0710 0.3228
vn 0.8898 -0.0492 0.4537
vn 0.9058 -0.0377 0.4221
vn 0.9732 -0.0156 0.2293
vn 0.9861 0.0352 -0.1625
vn 0.7049 0.1062 -0.7013
vn -0.0228 0.1443 -0.9893
vn -0.9969 0.0447 -0.0653
vn -0.7283 0.0969 -0.6783
vn -0.9831 0.0208 0.1819
vn -0.9995 0.0011 -0.0301
vn -0.7892 -0.0412 -0.6127
vn -0.0128 -0.0749 -0.9971
vn 0.7292 -0.0590 -0.6817
vn 0.9750 -0.0222 -0.2209
vn 0.9989 0.0017 -0.0470
vn 0.9657 0.0282 -0.2580
vn -0.0413 0.1273 -0.9910
vn 0.6405 0.0765 -0.7642
vn -0.7085 0.1069 -0.6976
vn -0.9724 0.0616 -0.2249
vn -0.9946 0.0342 0.0984
vn -0.9696 0.0281 0.2430
vn -0.9662 0.0258 0.2566
vn -0.9847 0.0115 0.1741
vn -0.9997 -0.0218 0.0102
vn -0.9676 -0.0746 -0.2412
vn -0.8041 -0.1385 -0.5781
vn -0.3979 -0.1845 -0.8987
vn 0.2141 -0.1635 -0.9630
vn 0.7168 -0.0946 -0.6908
vn 0.9544 -0.0000 -0.2985
vn 0.9946 0.0455 0.0932
vn 0.9183 0.0824 0.3873
vn 0.8549 0.0991 0.5093
vn 0.8742 0.1046 0.4742
vn 0.9516 0.1021 0.2900
vn 0.9957 0.0915 -0.0152
vn 0.9295 0.0775 -0.3605
vn 0.7467 0.0669 -0.6618
vn 0.4852 0.0611 -0.8723
vn 0.1918 0.0612 -0.9795
vn -0.1013 0.0667 -0.9926
vn -0.3772 0.0746 -0.9231
vn 0.9272 0.1118 0.3575
vn 0.9896 0.1114 0.0908
vn 0.9796 0.1076 -0.1697
vn 0.9075 0.1026 -0.4074
vn 0.7815 0.0978 -0.6162
vn 0.6066 0.0922 -0.7896
vn 0.3871 0.0845 -0.9182
vn 0.1282 0.0745 -0.9889
vn -0.1572 0.0639 -0.9855
vn -0.4381 0.0551 -0.8972
vn -0.6624 0.0486 -0.7476
vn -0.7925 0.0450 -0.6082
vn -0.8306 0.0428 -0.5553
vn -0.7879 0.0372 -0.6146
vn -0.6788 0.0245 -0.7339
vn -0.4936 -0.0115 -0.8696
vn -0.0638 -0.0655 -0.9958
vn 0.5758 -0.1325 -0.8068
vn 0.9484 -0.1291 -0.2897
vn 0.9825 -0.0886 0.1641
vn 0.9148 -0.0547 0.4001
vn 0.8969 -0.0362 0.4408
vn 0.9528 -0.0188 0.3029
vn 0.9990 0.0219 -0.0389
vn 0.8177 0.0891 -0.5688
vn 0.1769 0.1401 -0.9742
vn -0.9870 0.0525 -0.1521
vn -0.6009 0.1066 -0.7921
vn -0.9868 0.0180 0.1609
vn -0.9995 -0.0013 -0.0306
vn -0.7876 -0.0418 -0.6148
vn -0.0041 -0.0747 -0.9972
vn 0.7333 -0.0601 -0.6772
vn 0.9742 -0.0244 -0.2242
vn 0.9973 0.0010 -0.0738
vn 0.9402 0.0370 -0.3386
vn -0.2171 0.1264 -0.9679
vn 0.5143 0.0867 -0.8532
vn -0.8065 0.0968 -0.5832
vn -0.9914 0.0540 -0.1194
vn -0.9863 0.0333 0.1616
vn -0.9656 0.0283 0.2586
vn -0.9754 0.0192 0.2196
vn -0.9966 -0.0070 0.0816
vn -0.9888 -0.0532 -0.1395
vn -0.8887 -0.1142 -0.4441
vn -0.5936 -0.1709 -0.7864
vn -0.0522 -0.1820 -0.9819
vn 0.5357 -0.1221 -0.8355
vn 0.8900 -0.0357 -0.4546
vn 0.9990 0.0259 -0.0362
vn 0.9483 0.0684 0.3099
vn 0.8684 0.0878 0.4880
vn 0.8637 0.0955 0.4949
vn 0.9341 0.0969 0.3435
vn 0.9946 0.0920 0.0482
vn 0.9447 0.0806 -0.3178
vn 0.7586 0.0700 -0.6477
vn 0.4787 0.0644 -0.8756
vn 0.1619 0.0641 -0.9847
vn -0.1487 0.0685 -0.9865
vn -0.4291 0.0746 -0.9002
vn -0.6610 0.0799 -0.7461
vn 0.7672 0.1055 0.6326
vn 0.9142 0.1104 0.3899
vn 0.9869 0.1113 0.1170
vn 0.9821 0.1087 -0.1538
vn 0.9090 0.1048 -0.4035
vn 0.7772 0.1001 -0.6212
vn 0.5944 0.0937 -0.7987
vn 0.3650 0.0849 -0.9271
vn 0.0931 0.0739 -0.9929
vn -0.2071 0.0627 -0.9763
vn -0.4934 0.0525 -0.8682
vn -0.7051 0.0448 -0.7077
vn -0.8124 0.0409 -0.5817
vn -0.8244 0.0379 -0.5647
vn -0.7509 0.0298 -0.6597
vn -0.6152 0.0273 -0.7879
vn -0.3287 -0.0446 -0.9434
vn 0.2414 -0.1041 -0.9648
vn 0.7984 -0.1391 -0.5858
vn 0.9918 -0.1100 -0.0644
vn 0.9540 -0.0667 0.2924
vn 0.9029 -0.0376 0.4282
vn 0.9324 -0.0204 0.3608
vn 0.9970 0.0117 0.0768
vn 0.9019 0.0724 -0.4258
vn 0.3715 0.1318 -0.9190
vn -0.9560 0.0805 -0.2820
vn -0.4546 0.1447 -0.8788
vn -0.9913 0.0129 0.1309
vn -0.9996 -0.0050 -0.0282
vn -0.7871 -0.0427 -0.6154
vn 0.0051 -0.0748 -0.9972
vn 0.7382 -0.0609 -0.6719
vn 0.9734 -0.0264 -0.2275
vn 0.9939 -0.0004 -0.1105
vn 0.8904 0.0621 -0.4508
vn -0.3870 0.1227 -0.9139
vn 0.3787 0.1204 -0.9176
vn -0.8834 0.0867 -0.4605
vn -0.9986 0.0482 -0.0201
vn -0.9772 0.0325 0.2096
vn -0.9684 0.0251 0.2480
vn -0.9890 0.0060 0.1476
vn -0.9982 -0.0334 -0.0489
vn -0.9421 -0.0902 -0.3231
vn -0.7392 -0.1511 -0.6563
vn -0.3008 -0.1851 -0.9355
vn 0.3012 -0.1532 -0.9412
vn 0.7790 -0.0735 -0.6227
vn 0.9833 0.0104 -0.1815
vn 0.9756 0.0527 0.2132
vn 0.8884 0.0771 0.4525
vn 0.8590 0.0869 0.5046
vn 0.9174 0.0907 0.3874
vn 0.9899 0.0901 0.1092
vn 0.9589 0.0832 -0.2713
vn 0.7715 0.0735 -0.6320
vn 0.4715 0.0676 -0.8793
vn 0.1305 0.0670 -0.9892
vn -0.1975 0.0703 -0.9778
vn -0.4823 0.0754 -0.8728
vn -0.7079 0.0796 -0.7018
vn -0.8647 0.0819 -0.4955
vn 0.5214 0.0966 0.8478
vn 0.7348 0.1040 0.6702
vn 0.8985 0.1096 0.4251
vn 0.9833 0.1112 0.1443
vn 0.9842 0.1099 -0.1389
vn 0.9100 0.1069 -0.4007
vn 0.7727 0.1022 -0.6265
vn 0.5820 0.0952 -0.8076
vn 0.3420 0.0853 -0.9358
vn 0.0547 0.0735 -0.9958
vn -0.2607 0.0609 -0.9635
vn -0.5481 0.0491 -0.8350
vn -0.7428 0.0411 -0.6682
vn -0.8248 0.0380 -0.5642
vn -0.8073 0.0355 -0.5891
vn -0.7053 0.0267 -0.7084
vn -0.5119 -0.0062 -0.8590
vn -0.0854 -0.0636 -0.9943
vn 0.5383 -0.1315 -0.8325
vn 0.9292 -0.1304 -0.3459
vn 0.9895 -0.0852 0.1167
vn 0.9278 -0.0460 0.3701
vn 0.9193 -0.0213 0.3929
vn 0.9835 0.0045 0.1807
vn 0.9588 0.0569 -0.2782
vn 0.5485 0.1215 -0.8273
vn -0.2937 0.1365 -0.9461
vn -0.9959 0.0116 0.0901
vn -0.9007 0.0666 -0.4292
vn -0.9997 -0.0080 -0.0230
vn -0.7880 -0.0437 -0.6141
vn 0.0149 -0.0752 -0.9971
vn 0.7438 -0.0623 -0.6655
vn 0.9725 -0.0285 -0.2311
vn 0.9878 -0.0004 -0.1559
vn 0.2330 0.1155 -0.9656
vn 0.8190 0.0495 -0.5716
vn -0.5420 0.1182 -0.8320
vn -0.9395 0.0770 -0.3338
vn -0.9967 0.0437 0.0684
vn -0.9715 0.0308 0.2349
vn -0.9790 0.0169 0.2032
vn -0.9992 -0.0150 0.0362
vn -0.9743 -0.0670 -0.2150
vn -0.8404 -0.1283 -0.5265
vn -0.5099 -0.1768 -0.8419
vn 0.0411 -0.1747 -0.9838
vn 0.6102 -0.1086 -0.7848
vn 0.9375 -0.0201 -0.3473
vn 0.9944 0.0382 0.0989
vn 0.9139 0.0673 0.4003
vn 0.8602 0.0789 0.5038
vn 0.9022 0.0841 0.4230
vn 0.9823 0.0865 0.1660
vn 0.9712 0.0843 -0.2228
vn 0.7854 0.0771 -0.6141
vn 0.4638 0.0711 -0.8831
vn 0.0968 0.0698 -0.9929
vn -0.2483 0.0722 -0.9660
vn -0.5368 0.0762 -0.8402
vn -0.7543 0.0798 -0.6516
vn -0.8975 0.0812 -0.4334
vn -0.9729 0.0818 -0.2162
vn 0.2283 0.0898 0.9694
vn 0.4624 0.0951 0.8816
vn 0.6960 0.1030 0.7107
vn 0.8792 0.1088 0.4639
vn 0.9786 0.1114 0.1731
vn 0.9860 0.1112 -0.1243
vn 0.9106 0.1089 -0.3987
vn 0.7678 0.1043 -0.6321
vn 0.5692 0.0967 -0.8165
vn 0.3172 0.0860 -0.9444
vn 0.0126 0.0729 -0.9973
vn -0.3170 0.0584 -0.9466
vn -0.6015 0.0455 -0.7976
vn -0.7753 0.0382 -0.6305
vn -0.8291 0.0356 -0.5580
vn -0.7782 0.0321 -0.6271
vn -0.6400 0.0313 -0.7678
vn -0.3424 -0.0410 -0.9386
vn 0.2132 -0.1030 -0.9716
vn 0.7630 -0.1397 -0.6311
vn 0.9859 -0.1100 -0.1261
vn 0.9664 -0.0607 0.2497
vn 0.9220 -0.0237 0.3864
vn 0.9641 -0.0006 0.2656
vn 0.9903 0.0434 -0.1319
vn 0.7011 0.1081 -0.7049
vn -0.0896 0.1400 -0.9861
vn -0.9993 0.0176 0.0326
vn -0.8190 0.0797 -0.5683
vn -0.9998 -0.0085 -0.0199
vn -0.7900 -0.0445 -0.6115
vn 0.0253 -0.0762 -0.9968
vn 0.7501 -0.0639 -0.6582
vn 0.9706 -0.0286 -0.2390
vn 0.9768 0.0050 -0.2142
vn 0.0539 0.1218 -0.9911
vn 0.7293 0.0611 -0.6815
vn -0.6778 0.1112 -0.7268
vn -0.9758 0.0680 -0.2079
vn -0.9894 0.0400 0.1393
vn -0.9732 0.0262 0.2284
vn -0.9931 0.0019 0.1169
vn -0.9925 -0.0442 -0.1143
vn -0.9077 -0.1044 -0.4064
vn -0.6703 -0.1609 -0.7244
vn -0.2115 -0.1833 -0.9600
vn 0.3860 -0.1421 -0.9115
vn 0.8448 -0.0554 -0.5322
vn 0.9989 0.0208 -0.0412
vn 0.9422 0.0577 0.3300
vn 0.8677 0.0719 0.4918
vn 0.8891 0.0777 0.4511
vn 0.9724 0.0821 0.2184
vn 0.9812 0.0839 -0.1737
vn 0.8000 0.0803 -0.5946
vn 0.4556 0.0749 -0.8870
vn 0.0601 0.0728 -0.9955
vn -0.3019 0.0742 -0.9504
vn -0.5923 0.0772 -0.8020
vn -0.7997 0.0798 -0.5950
vn -0.9269 0.0810 -0.3666
vn -0.9860 0.0804 -0.1458
vn -0.9956 0.0804 0.0476
vn -0.0541 0.0920 0.9943
vn 0.1426 0.0900 0.9857
vn 0.3918 0.0949 0.9151
vn 0.6479 0.1022 0.7548
vn 0.8551 0.1084 0.5070
vn 0.9725 0.1118 0.2042
vn 0.9876 0.1125 -0.1095
vn 0.9110 0.1108 -0.3972
vn 0.7625 0.1063 -0.6382
vn 0.5558 0.0983 -0.8255
vn 0.2905 0.0867 -0.9529
vn -0.0330 0.0717 -0.9969
vn -0.3760 0.0552 -0.9250
vn -0.6535 0.0420 -0.7558
vn -0.8017 0.0364 -0.5967
vn -0.8234 0.0365 -0.5662
vn -0.7367 0.0304 -0.6756
vn -0.5298 -0.0008 -0.8481
vn -0.0983 -0.0644 -0.9931
vn 0.5011 -0.1322 -0.8552
vn 0.9028 -0.1321 -0.4092
vn 0.9952 -0.0811 0.0556
vn 0.9447 -0.0345 0.3260
vn 0.9478 -0.0036 0.3188
vn 0.9994 0.0327 0.0063
vn 0.8244 0.0938 -0.5582
vn 0.1263 0.1396 -0.9821
vn -0.9988 0.0252 -0.0425
vn -0.7018 0.0922 -0.7064
vn -0.9997 -0.0075 -0.0223
vn -0.7923 -0.0448 -0.6085
vn 0.0363 -0.0778 -0.9963
vn 0.7561 -0.0648 -0.6512
vn 0.9670 -0.0271 -0.2535
vn 0.9581 0.0129 -0.2862
vn -0.1323 0.1256 -0.9832
vn 0.6134 0.0733 -0.7864
vn -0.7913 0.1027 -0.6027
vn -0.9942 0.0599 -0.0895
vn -0.9824 0.0363 0.1834
vn -0.9835 0.0167 0.1802
vn -0.9997 -0.0216 -0.0144
vn -0.9519 -0.0798 -0.2957
vn -0.7848 -0.1405 -0.6036
vn -0.4301 -0.1803 -0.8846
vn 0.1285 -0.1672 -0.9775
vn 0.6909 -0.0932 -0.7169
vn 0.9770 -0.0050 -0.2130
vn 0.9703 0.0473 0.2371
vn 0.8818 0.0658 0.4670
vn 0.8787 0.0719 0.4719
vn 0.9606 0.0773 0.2671
vn 0.9888 0.0824 -0.1247
vn 0.8145 0.0829 -0.5742
vn 0.4466 0.0790 -0.8912
vn 0.0200 0.0761 -0.9969
vn -0.3586 0.0764 -0.9304
vn -0.6483 0.0781 -0.7574
vn -0.8430 0.0798 -0.5320
vn -0.9522 0.0804 -0.2947
vn -0.9941 0.0798 -0.0739
vn -0.9903 0.0784 0.1146
vn -0.9614 0.0787 0.2638
vn -0.2660 0.1040 0.9583
vn -0.1496 0.0918 0.9845
vn 0.0468 0.0894 0.9949
vn 0.3079 0.0942 0.9467
vn 0.5883 0.1017 0.8022
vn 0.8245 0.1084 0.5554
vn 0.9645 0.1126 0.2390
vn 0.9890 0.1141 -0.0937
vn 0.9112 0.1130 -0.3963
vn 0.7568 0.1085 -0.6446
vn 0.5415 0.1002 -0.8347
vn 0.2618 0.0872 -0.9612
vn -0.0822 0.0699 -0.9942
vn -0.4381 0.0515 -0.8974
vn -0.7035 0.0391 -0.7096
vn -0.8211 0.0359 -0.5696
vn -0.8048 0.0349 -0.5925
vn -0.6686 0.0338 -0.7429
vn -0.3503 -0.0359 -0.9360
vn 0.1934 -0.1055 -0.9754
vn 0.7215 -0.1415 -0.6778
vn 0.9733 -0.1097 -0.2018
vn 0.9800 -0.0530 0.1920
vn 0.9460 -0.0049 0.3241
vn 0.9916 0.0240 0.1270
vn 0.9148 0.0795 -0.3960
vn 0.3409 0.1355 -0.9303
vn -0.9854 0.0547 -0.1613
vn -0.5585 0.1359 -0.8183
vn -0.9995 -0.0061 -0.0307
vn -0.7941 -0.0445 -0.6061
vn 0.0475 -0.0801 -0.9957
vn 0.7612 -0.0640 -0.6453
vn 0.9610 -0.0251 -0.2753
vn 0.9199 0.0387 -0.3903
vn -0.3171 0.1266 -0.9399
vn 0.4834 0.1100 -0.8684
vn -0.8797 0.0934 -0.4662
vn -0.9985 0.0526 0.0128
vn -0.9814 0.0307 0.1897
vn -0.9967 -0.0001 0.0814
vn -0.9810 -0.0539 -0.1863
vn -0.8636 -0.1177 -0.4903
vn -0.6002 -0.1689 -0.7818
vn -0.1295 -0.1809 -0.9749
vn 0.4745 -0.1298 -0.8706
vn 0.9096 -0.0378 -0.4137
vn 0.9932 0.0324 0.1120
vn 0.9025 0.0600 0.4265
vn 0.8718 0.0668 0.4854
vn 0.9471 0.0723 0.3126
vn 0.9939 0.0801 -0.0756
vn 0.8286 0.0848 -0.5534
vn 0.4360 0.0832 -0.8961
vn -0.0240 0.0799 -0.9965
vn -0.4184 0.0788 -0.9049
vn -0.7041 0.0791 -0.7057
vn -0.8830 0.0796 -0.4625
vn -0.9726 0.0795 -0.2186
vn -0.9969 0.0786 -0.0006
vn -0.9808 0.0773 0.1789
vn -0.9451 0.0758 0.3179
vn -0.9051 0.0770 0.4182
vn -0.3521 0.1084 0.9297
vn -0.3263 0.0917 0.9408
vn -0.2304 0.0835 0.9695
vn -0.0480 0.0844 0.9953
vn 0.2147 0.0913 0.9724
vn 0.5162 0.1005 0.8505
vn 0.7854 0.1086 0.6094
vn 0.9535 0.1140 0.2790
vn 0.9903 0.1162 -0.0760
vn 0.9112 0.1155 -0.3955
vn 0.7505 0.1112 -0.6514
vn 0.5267 0.1023 -0.8439
vn 0.2314 0.0875 -0.9689
vn -0.1360 0.0675 -0.9884
vn -0.5042 0.0476 -0.8623
vn -0.7502 0.0369 -0.6602
vn -0.8308 0.0376 -0.5554
vn -0.7703 0.0357 -0.6366
vn -0.5478 0.0036 -0.8366
vn -0.0994 -0.0689 -0.9927
vn 0.4654 -0.1348 -0.8748
vn 0.8660 -0.1350 -0.4815
vn 0.9968 -0.0763 -0.0246
vn 0.9647 -0.0203 0.2627
vn 0.9775 0.0127 0.2106
vn 0.9710 0.0649 -0.2299
vn 0.5396 0.1289 -0.8320
vn -0.3919 0.1306 -0.9107
vn -0.9991 -0.0069 -0.0429
vn -0.9527 0.0393 -0.3015
vn -0.7949 -0.0439 -0.6052
vn 0.0576 -0.0833 -0.9949
vn 0.7649 -0.0611 -0.6413
vn 0.9538 -0.0315 -0.2989
vn 0.3381 0.1091 -0.9348
vn 0.8610 0.0234 -0.5080
vn -0.4904 0.1254 -0.8624
vn -0.9418 0.0831 -0.3257
vn -0.9952 0.0459 0.0869
vn -0.9892 0.0199 0.1454
vn -0.9971 -0.0262 -0.0712
vn -0.9195 -0.0927 -0.3821
vn -0.7221 -0.1522 -0.6749
vn -0.3558 -0.1833 -0.9164
vn 0.2142 -0.1595 -0.9637
vn 0.7766 -0.0762 -0.6253
vn 0.9985 0.0110 -0.0538
vn 0.9300 0.0524 0.3637
vn 0.8693 0.0624 0.4903
vn 0.9323 0.0674 0.3554
vn 0.9967 0.0771 -0.0259
vn 0.8419 0.0863 -0.5328
vn 0.4229 0.0876 -0.9019
vn -0.0727 0.0841 -0.9938
vn -0.4811 0.0814 -0.8729
vn -0.7589 0.0801 -0.6463
vn -0.9186 0.0791 -0.3872
vn -0.9871 0.0780 -0.1397
vn -0.9945 0.0767 0.0719
vn -0.9681 0.0751 0.2392
vn -0.9284 0.0733 0.3644
vn -0.8885 0.0721 0.4531
vn -0.8568 0.0740 0.5104
vn -0.2755 0.0877 0.9573
vn -0.3381 0.0838 0.9374
vn -0.3499 0.0773 0.9336
vn -0.2877 0.0739 0.9549
vn -0.1327 0.0768 0.9882
vn 0.1182 0.0857 0.9893
vn 0.4331 0.0974 0.8961
vn 0.7363 0.1082 0.6679
vn 0.9386 0.1155 0.3251
vn 0.9914 0.1189 -0.0555
vn 0.9111 0.1186 -0.3947
vn 0.7438 0.1145 -0.6585
vn 0.5118 0.1048 -0.8527
vn 0.1994 0.0876 -0.9760
vn -0.1960 0.0647 -0.9785
vn -0.5741 0.0436 -0.8177
vn -0.7915 0.0358 -0.6101
vn -0.8275 0.0380 -0.5601
vn -0.7002 0.0323 -0.7132
vn -0.3515 -0.0328 -0.9356
vn 0.1836 -0.1114 -0.9767
vn 0.6730 -0.1455 -0.7252
vn 0.9493 -0.1100 -0.2947
vn 0.9920 -0.0479 0.1168
vn 0.9723 0.0091 0.2336
vn 0.9958 0.0523 -0.0751
vn 0.7104 0.1184 -0.6938
vn -0.1707 0.1411 -0.9752
vn -0.9980 -0.0168 -0.0603
vn -0.8930 0.0476 -0.4476
vn -0.7948 -0.0446 -0.6053
vn 0.0663 -0.0892 -0.9938
vn 0.7717 -0.0606 -0.6331
vn 0.9452 -0.0504 -0.3227
vn 0.1537 0.1224 -0.9805
vn 0.7751 0.0289 -0.6312
vn -0.6436 0.1209 -0.7558
vn -0.9788 0.0725 -0.1915
vn -0.9922 0.0396 0.1180
vn -0.9993 0.0008 0.0382
vn -0.9615 -0.0632 -0.2673
vn -0.8070 -0.1325 -0.5755
vn -0.5308 -0.1773 -0.8287
vn -0.0545 -0.1786 -0.9824
vn 0.5689 -0.1161 -0.8142
vn 0.9648 -0.0186 -0.2622
vn 0.9625 0.0410 0.2681
vn 0.8733 0.0578 0.4838
vn 0.9163 0.0623 0.3956
vn 0.9970 0.0735 0.0251
vn 0.8543 0.0875 -0.5124
vn 0.4062 0.0923 -0.9091
vn -0.1267 0.0887 -0.9880
vn -0.5460 0.0841 -0.8335
vn -0.8111 0.0807 -0.5793
vn -0.9485 0.0780 -0.3071
vn -0.9953 0.0757 -0.0602
vn -0.9872 0.0738 0.1414
vn -0.9532 0.0722 0.2935
vn -0.9129 0.0699 0.4022
vn -0.8765 0.0671 0.4767
vn -0.8491 0.0659 0.5241
vn -0.8336 0.0674 0.5482
vn -0.0380 0.0537 0.9978
vn -0.1792 0.0649 0.9817
vn -0.2888 0.0678 0.9550
vn -0.3438 0.0659 0.9367
vn -0.3221 0.0650 0.9445
vn -0.2034 0.0688 0.9767
vn 0.0236 0.0785 0.9966
vn 0.3409 0.0923 0.9356
vn 0.6761 0.1064 0.7291
vn 0.9185 0.1169 0.3777
vn 0.9920 0.1219 -0.0318
vn 0.9109 0.1226 -0.3940
vn 0.7369 0.1186 -0.6655
vn 0.4977 0.1078 -0.8606
vn 0.1654 0.0879 -0.9823
vn -0.2642 0.0614 -0.9625
vn -0.6465 0.0394 -0.7619
vn -0.8237 0.0365 -0.5658
vn -0.8031 0.0386 -0.5945
vn -0.5657 0.0051 -0.8246
vn -0.0887 -0.0771 -0.9931
vn 0.4323 -0.1400 -0.8908
vn 0.8140 -0.1409 -0.5635
vn 0.9900 -0.0741 -0.1202
vn 0.9840 -0.0058 0.1779
vn 0.9983 0.0352 0.0456
vn 0.8429 0.1046 -0.5278
vn 0.0726 0.1482 -0.9863
vn -0.9955 -0.0270 -0.0908
vn -0.7855 0.0611 -0.6159
vn -0.7989 -0.0502 -0.5994
vn 0.0719 -0.0976 -0.9926
vn 0.7866 -0.0547 -0.6151
vn 0.9288 -0.0400 -0.3683
vn -0.0407 0.1337 -0.9902
vn 0.6490 0.0550 -0.7588
vn -0.7709 0.1128 -0.6269
vn -0.9950 0.0614 -0.0785
vn -0.9957 0.0281 0.0886
vn -0.9900 -0.0297 -0.1381
vn -0.8716 -0.1093 -0.4779
vn -0.6516 -0.1665 -0.7401
vn -0.2915 -0.1869 -0.9381
vn 0.2999 -0.1512 -0.9419
vn 0.8640 -0.0566 -0.5003
vn 0.9916 0.0241 0.1271
vn 0.8865 0.0517 0.4598
vn 0.9000 0.0570 0.4322
vn 0.9946 0.0691 0.0779
vn 0.8658 0.0889 -0.4924
vn 0.3849 0.0974 -0.9178
vn -0.1866 0.0937 -0.9780
vn -0.6121 0.0868 -0.7860
vn -0.8592 0.0808 -0.5052
vn -0.9716 0.0762 -0.2241
vn -0.9972 0.0726 0.0178
vn -0.9760 0.0703 0.2062
vn -0.9374 0.0688 0.3415
vn -0.8988 0.0671 0.4333
vn -0.8681 0.0652 0.4921
vn -0.8466 0.0589 0.5290
vn -0.8356 0.0608 0.5460
vn -0.8389 0.0581 0.5411
vn 0.2732 0.0182 0.9618
vn 0.1066 0.0406 0.9935
vn -0.0644 0.0523 0.9966
vn -0.2136 0.0574 0.9752
vn -0.3125 0.0578 0.9481
vn -0.3348 0.0578 0.9405
vn -0.2585 0.0615 0.9641
vn -0.0657 0.0709 0.9953
vn 0.2415 0.0856 0.9666
vn 0.6036 0.1030 0.7906
vn 0.8918 0.1178 0.4368
vn 0.9921 0.1255 -0.0045
vn 0.9104 0.1274 -0.3937
vn 0.7299 0.1238 -0.6723
vn 0.4853 0.1116 -0.8672
vn 0.1283 0.0890 -0.9877
vn -0.3428 0.0573 -0.9377
vn -0.7188 0.0364 -0.6942
vn -0.8418 0.0379 -0.5385
vn -0.7327 0.0297 -0.6799
vn -0.3458 -0.0354 -0.9376
vn 0.1860 -0.1214 -0.9750
vn 0.6145 -0.1562 -0.7733
vn 0.9075 -0.1148 -0.4040
vn 0.9991 -0.0368 0.0214
vn 0.9946 0.0298 0.0998
vn 0.9316 0.0896 -0.3521
vn 0.3166 0.1516 -0.9364
vn -0.9845 0.0076 -0.1754
vn -0.6376 0.1197 -0.7610
vn -0.8014 -0.0547 -0.5956
vn 0.0758 -0.1297 -0.9887
vn 0.7799 -0.0399 -0.6246
vn 0.8914 0.0192 -0.4528
vn -0.2302 0.1418 -0.9627
vn 0.5202 0.1107 -0.8468
vn -0.8695 0.1012 -0.4835
vn -0.9985 0.0546 -0.0083
vn -0.9997 0.0052 -0.0226
vn -0.9277 -0.0779 -0.3651
vn -0.7322 -0.1557 -0.6630
vn -0.4681 -0.1878 -0.8635
vn 0.0095 -0.1762 -0.9843
vn 0.6724 -0.1002 -0.7334
vn 0.9975 -0.0003 -0.0703
vn 0.9118 0.0422 0.4084
vn 0.8848 0.0516 0.4631
vn 0.9891 0.0637 0.1327
vn 0.8765 0.0905 -0.4729
vn 0.3581 0.1033 -0.9279
vn -0.2522 0.0991 -0.9626
vn -0.6777 0.0891 -0.7299
vn -0.9016 0.0802 -0.4252
vn -0.9874 0.0735 -0.1401
vn -0.9933 0.0688 0.0924
vn -0.9620 0.0659 0.2651
vn -0.9213 0.0649 0.3835
vn -0.8868 0.0647 0.4576
vn -0.8621 0.0600 0.5031
vn -0.8455 0.0620 0.5304
vn -0.8400 0.0554 0.5397
vn -0.8479 0.0527 0.5275
vn -0.8736 0.0596 0.4831
vn 0.4883 0.0182 0.8725
vn 0.3810 0.0172 0.9244
vn 0.2387 0.0292 0.9706
vn 0.0616 0.0436 0.9971
vn -0.1160 0.0498 0.9920
vn -0.2562 0.0520 0.9652
vn -0.3251 0.0526 0.9442
vn -0.2961 0.0555 0.9535
vn -0.1466 0.0634 0.9872
vn 0.1373 0.0779 0.9875
vn 0.5176 0.0978 0.8500
vn 0.8564 0.1178 0.5027
vn 0.9912 0.1296 0.0269
vn 0.9093 0.1330 -0.3943
vn 0.7229 0.1304 -0.6785
vn 0.4759 0.1164 -0.8717
vn 0.0863 0.0920 -0.9920
vn -0.4337 0.0529 -0.8995
vn -0.7857 0.0359 -0.6176
vn -0.8319 0.0350 -0.5539
vn -0.5835 0.0044 -0.8121
vn -0.0604 -0.0878 -0.9943
vn 0.4061 -0.1520 -0.9011
vn 0.7363 -0.1629 -0.6568
vn 0.9665 -0.0747 -0.2454
vn 0.9982 0.0121 0.0589
vn 0.9784 0.0654 -0.1962
vn 0.5359 0.1519 -0.8305
vn -0.4598 0.1267 -0.8789
vn -0.7822 -0.0641 -0.6197
vn -0.9585 0.0071 -0.2849
vn 0.0740 -0.1819 -0.9805
vn 0.7423 -0.0238 -0.6696
vn 0.3858 0.1225 -0.9144
vn 0.8449 0.0302 -0.5341
vn -0.4068 0.1443 -0.9020
vn -0.9375 0.0870 -0.3371
vn -0.9988 0.0478 -0.0124
vn -0.9709 -0.0439 -0.2356
vn -0.7937 -0.1511 -0.5893
vn -0.5777 -0.1884 -0.7942
vn -0.2498 -0.1909 -0.9493
vn 0.3909 -0.1422 -0.9094
vn 0.9457 -0.0354 -0.3230
vn 0.9488 0.0276 0.3148
vn 0.8738 0.0455 0.4842
vn 0.9802 0.0573 0.1894
vn 0.8863 0.0925 -0.4538
vn 0.3253 0.1099 -0.9392
vn -0.3230 0.1048 -0.9406
vn -0.7411 0.0909 -0.6653
vn -0.9369 0.0785 -0.3408
vn -0.9959 0.0697 -0.0574
vn -0.9849 0.0637 0.1609
vn -0.9471 0.0599 0.3152
vn -0.9076 0.0582 0.4157
vn -0.8779 0.0579 0.4753
vn -0.8603 0.0602 0.5062
vn -0.8537 0.0545 0.5180
vn -0.8602 0.0401 0.5083
vn -0.8843 0.0364 0.4656
vn -0.9332 0.0088 0.3592
vn -0.9876 -0.0204 0.1554
vn 0.6736 -0.0439 0.7378
vn 0.5735 -0.0178 0.8190
vn 0.4741 0.0175 0.8803
vn 0.3554 0.0183 0.9345
vn 0.1955 0.0305 0.9802
vn 0.0038 0.0427 0.9991
vn -0.1729 0.0469 0.9838
vn -0.2899 0.0488 0.9558
vn -0.3132 0.0509 0.9483
vn -0.2152 0.0568 0.9749
vn 0.0313 0.0696 0.9971
vn 0.4168 0.0909 0.9044
vn 0.8095 0.1166 0.5755
vn 0.9889 0.1347 0.0632
vn 0.9072 0.1397 -0.3968
vn 0.7159 0.1397 -0.6840
vn 0.4707 0.1231 -0.8737
vn 0.0365 0.0981 -0.9945
vn -0.5368 0.0499 -0.8423
vn -0.8350 0.0319 -0.5493
vn -0.7692 0.0269 -0.6384
vn -0.3305 -0.0435 -0.9428
vn 0.2194 -0.1388 -0.9657
vn 0.5402 -0.1963 -0.8183
vn 0.8116 -0.1845 -0.5543
vn 0.9903 -0.0339 -0.1350
vn 0.9937 0.0345 -0.1070
vn 0.7103 0.1453 -0.6887
vn -0.2202 0.1519 -0.9636
vn -0.7223 -0.0794 -0.6871
vn -0.9175 0.0338 -0.3963
vn 0.0273 -0.2058 -0.9782
vn 0.6946 -0.0129 -0.7192
vn 0.2228 0.1522 -0.9629
vn 0.7876 0.0489 -0.6142
vn -0.5665 0.1386 -0.8123
vn -0.9734 0.0663 -0.2192
vn -0.9874 0.0031 -0.1580
vn -0.8318 -0.1739 -0.5271
vn -0.6245 -0.2500 -0.7400
vn -0.4393 -0.2111 -0.8732
vn 0.0582 -0.1747 -0.9829
vn 0.7925 -0.0817 -0.6044
vn 0.9869 0.0073 0.1610
vn 0.8724 0.0358 0.4875
vn 0.9677 0.0493 0.2471
vn 0.8955 0.0951 -0.4348
vn 0.2861 0.1178 -0.9509
vn -0.3976 0.1107 -0.9108
vn -0.8000 0.0917 -0.5929
vn -0.9641 0.0755 -0.2544
vn -0.9977 0.0645 0.0205
vn -0.9740 0.0570 0.2192
vn -0.9350 0.0515 0.3510
vn -0.9013 0.0473 0.4306
vn -0.8809 0.0439 0.4713
vn -0.8749 0.0395 0.4827
vn -0.8824 0.0301 0.4696
vn -0.9041 0.0217 0.4268
vn -0.9436 -0.0010 0.3311
vn -0.9895 -0.0265 0.1424
vn -0.9853 -0.0546 -0.1619
vn -0.8446 -0.0820 -0.5291
vn 0.9386 -0.1438 0.3135
vn 0.8342 -0.0922 0.5438
vn 0.7126 -0.0703 0.6980
vn 0.5961 -0.0301 0.8023
vn 0.4748 0.0120 0.8800
vn 0.3285 0.0182 0.9443
vn 0.1433 0.0304 0.9892
vn -0.0587 0.0409 0.9974
vn -0.2236 0.0452 0.9736
vn -0.3043 0.0475 0.9514
vn -0.2663 0.0516 0.9625
vn -0.0722 0.0616 0.9955
vn 0.3011 0.0826 0.9500
vn 0.7472 0.1138 0.6548
vn 0.9842 0.1416 0.1059
vn 0.9035 0.1480 -0.4023
vn 0.7087 0.1529 -0.6887
vn 0.4697 0.1334 -0.8727
vn -0.0251 0.1072 -0.9939
vn -0.6435 0.0502 -0.7638
vn -0.8501 0.0204 -0.5262
vn -0.6130 0.0007 -0.7901
vn 0.0088 -0.1194 -0.9928
vn 0.4299 -0.2294 -0.8732
vn 0.5834 -0.2644 -0.7680
vn 0.8561 -0.1956 -0.4783
vn 0.9788 0.0680 -0.1931
vn 0.8452 0.1664 -0.5078
vn 0.0505 0.1726 -0.9837
vn -0.6350 -0.0716 -0.7692
vn -0.8405 0.0521 -0.5393
vn 0.0143 -0.2043 -0.9788
vn 0.5889 -0.0795 -0.8043
vn 0.0563 0.1857 -0.9810
vn 0.6800 0.0764 -0.7293
vn -0.7099 0.1321 -0.6918
vn -0.9711 0.0629 -0.2303
vn -0.8946 -0.1104 -0.4331
vn -0.6001 -0.2226 -0.7683
vn -0.5459 -0.3076 -0.7793
vn -0.2883 -0.2345 -0.9284
vn 0.5038 -0.1364 -0.8530
vn 0.9972 -0.0197 -0.0719
vn 0.8875 0.0197 0.4605
vn 0.9524 0.0396 0.3022
vn 0.9042 0.0978 -0.4158
vn 0.2411 0.1276 -0.9621
vn -0.4738 0.1166 -0.8729
vn -0.8525 0.0912 -0.5148
vn -0.9830 0.0708 -0.1695
vn -0.9943 0.0576 0.0898
vn -0.9637 0.0486 0.2626
vn -0.9293 0.0409 0.3671
vn -0.9063 0.0330 0.4213
vn -0.8987 0.0241 0.4379
vn -0.9060 0.0135 0.4231
vn -0.9269 0.0004 0.3753
vn -0.9592 -0.0183 0.2822
vn -0.9919 -0.0450 0.1189
vn -0.9874 -0.0688 -0.1428
vn -0.8707 -0.0846 -0.4845
vn -0.6019 -0.0883 -0.7937
vn -0.2857 -0.0956 -0.9535
vn 0.8775 -0.2083 -0.4319
vn 0.9744 -0.1934 -0.1150
vn 0.9669 -0.1553 0.2023
vn 0.8798 -0.1104 0.4624
vn 0.7585 -0.0841 0.6462
vn 0.6271 -0.0412 0.7778
vn 0.4786 0.0017 0.8780
vn 0.2988 0.0156 0.9542
vn 0.0879 0.0297 0.9957
vn -0.1182 0.0401 0.9922
vn -0.2608 0.0447 0.9643
vn -0.2925 0.0477 0.9551
vn -0.1662 0.0545 0.9846
vn 0.1718 0.0735 0.9824
vn 0.6648 0.1094 0.7390
vn 0.9761 0.1503 0.1567
vn 0.8974 0.1595 -0.4114
vn 0.7003 0.1710 -0.6931
vn 0.4701 0.1495 -0.8699
vn -0.1034 0.1192 -0.9875
vn -0.7329 0.0407 -0.6791
vn -0.8108 0.0036 -0.5854
vn -0.3041 -0.0780 -0.9494
vn 0.3621 -0.2170 -0.9065
vn 0.5209 -0.3126 -0.7943
vn 0.5826 -0.2019 -0.7873
vn 0.8814 0.0006 -0.4723
vn 0.9091 0.1112 -0.4014
vn 0.3466 0.1837 -0.9199
vn -0.5711 -0.0101 -0.8208
vn -0.7035 0.1379 -0.6972
vn 0.4596 -0.0317 -0.8876
vn 0.0280 -0.1169 -0.9928
vn -0.1029 0.2344 -0.9667
vn 0.5259 0.1196 -0.8421
vn -0.7949 0.0668 -0.6030
vn -0.9185 0.0043 -0.3953
vn -0.6545 -0.1828 -0.7337
vn -0.5369 -0.2662 -0.8005
vn -0.4916 -0.2734 -0.8268
vn 0.0428 -0.2172 -0.9752
vn 0.9190 -0.0675 -0.3884
vn 0.9240 -0.0038 0.3824
vn 0.9362 0.0301 0.3502
vn 0.9124 0.1006 -0.3968
vn 0.1915 0.1402 -0.9714
vn -0.5487 0.1219 -0.8271
vn -0.8966 0.0891 -0.4338
vn -0.9939 0.0641 -0.0895
vn -0.9880 0.0492 0.1464
vn -0.9570 0.0389 0.2875
vn -0.9325 0.0288 0.3600
vn -0.9228 0.0171 0.3849
vn -0.9274 0.0033 0.3739
vn -0.9443 -0.0126 0.3288
vn -0.9699 -0.0311 0.2417
vn -0.9940 -0.0527 0.0959
vn -0.9890 -0.0751 -0.1272
vn -0.8969 -0.0893 -0.4331
vn -0.6586 -0.0950 -0.7465
vn -0.3585 -0.0940 -0.9288
vn -0.0598 -0.0391 -0.9974
vn 0.2140 -0.0521 -0.9754
vn 0.4315 -0.1410 -0.8910
vn 0.6469 -0.2027 -0.7351
vn 0.8256 -0.2046 -0.5259
vn 0.9525 -0.2003 -0.2296
vn 0.9815 -0.1704 0.0874
vn 0.9211 -0.1291 0.3673
vn 0.8066 -0.0978 0.5830
vn 0.6618 -0.0531 0.7478
vn 0.4843 -0.0096 0.8748
vn 0.2689 0.0125 0.9631
vn 0.0342 0.0301 0.9990
vn -0.1699 0.0404 0.9846
vn -0.2814 0.0442 0.9586
vn -0.2403 0.0484 0.9695
vn 0.0344 0.0637 0.9974
vn 0.5579 0.1040 0.8234
vn 0.9628 0.1603 0.2177
vn 0.8887 0.1759 -0.4234
vn 0.6891 0.1923 -0.6987
vn 0.4642 0.1740 -0.8685
vn -0.1926 0.1316 -0.9724
vn -0.7769 0.0031 -0.6296
vn -0.6558 -0.0346 -0.7542
vn 0.1537 -0.1638 -0.9744
vn 0.5687 -0.2191 -0.7929
vn 0.6366 -0.0813 -0.7669
vn 0.4623 -0.1467 -0.8745
vn 0.8423 -0.0566 -0.5361
vn 0.4849 0.1261 -0.8654
vn -0.5474 0.2039 -0.8117
vn -0.3469 0.0445 -0.9369
vn 0.3153 0.0964 -0.9441
vn 0.0336 -0.0086 -0.9994
vn -0.2427 0.2878 -0.9264
vn 0.3422 0.2328 -0.9103
vn -0.7643 0.0919 -0.6383
vn -0.8259 -0.0806 -0.5580
vn -0.4712 -0.0763 -0.8787
vn -0.5587 -0.1681 -0.8122
vn -0.4023 -0.1895 -0.8957
vn 0.6189 -0.1974 -0.7602
vn 0.9747 -0.0354 0.2205
vn 0.9247 0.0132 0.3804
vn 0.9209 0.1040 -0.3757
vn 0.1392 0.1567 -0.9778
vn -0.6186 0.1260 -0.7756
vn -0.9315 0.0857 -0.3535
vn -0.9983 0.0554 -0.0178
vn -0.9815 0.0395 0.1874
vn -0.9564 0.0284 0.2908
vn -0.9449 0.0160 0.3270
vn -0.9474 0.0004 0.3202
vn -0.9597 -0.0179 0.2804
vn -0.9781 -0.0377 0.2046
vn -0.9952 -0.0582 0.0790
vn -0.9905 -0.0780 -0.1133
vn -0.9223 -0.0928 -0.3752
vn -0.7364 -0.0940 -0.6700
vn -0.4550 -0.0789 -0.8870
vn -0.1246 -0.0066 -0.9922
vn 0.1529 -0.0720 -0.9856
vn 0.3724 -0.0557 -0.9264
vn 0.1396 -0.1338 -0.9811
vn -0.0529 -0.0810 -0.9953
vn 0.3531 -0.1607 -0.9217
vn 0.5594 -0.1755 -0.8101
vn 0.7694 -0.1971 -0.6077
vn 0.9213 -0.1989 -0.3342
vn 0.9835 -0.1789 -0.0253
vn 0.9529 -0.1442 0.2667
vn 0.8522 -0.1101 0.5115
vn 0.6993 -0.0660 0.7117
vn 0.4942 -0.0221 0.8691
vn 0.2439 0.0093 0.9698
vn -0.0141 0.0309 0.9994
vn -0.2139 0.0391 0.9761
vn -0.2767 0.0407 0.9601
vn -0.0981 0.0533 0.9938
vn 0.4249 0.0983 0.8999
vn 0.9416 0.1700 0.2907
vn 0.8777 0.1996 -0.4357
vn 0.6714 0.2161 -0.7089
vn 0.4436 0.2154 -0.8700
vn -0.2758 0.1553 -0.9486
vn -0.7355 -0.0470 -0.6759
vn -0.3181 -0.1363 -0.9382
vn 0.4815 -0.0817 -0.8726
vn 0.5291 -0.0251 -0.8482
vn 0.5804 -0.0253 -0.8139
vn 0.7788 -0.0839 -0.6216
vn 0.4567 0.3697 -0.8092
vn -0.2710 0.3078 -0.9120
vn 0.0154 0.1179 -0.9929
vn -0.2082 0.1358 -0.9686
vn 0.1383 0.1736 -0.9751
vn 0.1764 0.3196 -0.9310
vn -0.3094 0.3825 -0.8706
vn -0.6636 0.1862 -0.7246
vn -0.6741 -0.0662 -0.7357
vn -0.5916 -0.0557 -0.8043
vn -0.4477 -0.0484 -0.8929
vn 0.1210 -0.1889 -0.9745
vn 0.9871 -0.0954 -0.1285
vn 0.9331 -0.0355 0.3579
vn 0.9284 0.1065 -0.3560
vn 0.0859 0.1809 -0.9797
vn -0.6803 0.1280 -0.7217
vn -0.9572 0.0824 -0.2774
vn -0.9980 0.0446 0.0440
vn -0.9770 0.0294 0.2111
vn -0.9626 0.0183 0.2703
vn -0.9639 0.0033 0.2661
vn -0.9739 -0.0164 0.2266
vn -0.9863 -0.0385 0.1605
vn -0.9965 -0.0604 0.0577
vn -0.9917 -0.0796 -0.1011
vn -0.9408 -0.0930 -0.3259
vn -0.7987 -0.0954 -0.5941
vn -0.5420 -0.0805 -0.8365
vn -0.2166 -0.0406 -0.9754
vn 0.0866 -0.0562 -0.9947
vn 0.4295 0.0036 -0.9031
vn 0.3074 -0.0166 -0.9514
vn 0.5374 0.0008 -0.8433
vn 0.5883 0.0013 -0.8087
vn -0.2013 -0.0553 -0.9780
vn -0.2724 -0.0400 -0.9613
vn -0.0768 -0.1041 -0.9916
vn 0.0783 -0.1025 -0.9917
vn 0.2728 -0.1338 -0.9527
vn 0.4936 -0.1647 -0.8539
vn 0.7097 -0.1889 -0.6787
vn 0.8811 -0.1971 -0.4300
vn 0.9732 -0.1855 -0.1356
vn 0.9742 -0.1587 0.1605
vn 0.8942 -0.1237 0.4302
vn 0.7407 -0.0802 0.6671
vn 0.5135 -0.0353 0.8574
vn 0.2281 0.0040 0.9736
vn -0.0592 0.0277 0.9979
vn -0.2469 0.0296 0.9686
vn -0.1991 0.0356 0.9793
vn 0.2766 0.0879 0.9570
vn 0.9092 0.1810 0.3750
vn 0.8619 0.2392 -0.4470
vn 0.6430 0.2440 -0.7260
vn 0.3945 0.2632 -0.8804
vn -0.3233 0.1432 -0.9354
vn -0.5419 -0.0437 -0.8393
vn 0.0410 -0.0770 -0.9962
vn 0.5213 0.1098 -0.8463
vn 0.6338 0.1943 -0.7487
vn 0.5843 0.0331 -0.8108
vn 0.5102 0.4551 -0.7298
vn 0.0938 0.4084 -0.9080
vn -0.0656 0.3770 -0.9239
vn -0.1164 0.1915 -0.9746
vn -0.0179 0.3869 -0.9219
vn 0.0709 0.3379 -0.9385
vn -0.4005 0.4413 -0.8030
vn -0.4796 0.3972 -0.7824
vn -0.5917 0.0390 -0.8052
vn -0.5957 0.1442 -0.7901
vn -0.3516 0.0774 -0.9330
vn 0.7844 -0.1642 -0.5981
vn 0.9705 -0.0816 0.2269
vn 0.9276 0.1086 -0.3575
vn 0.0300 0.2082 -0.9776
vn -0.7357 0.1361 -0.6635
vn -0.9752 0.0860 -0.2041
vn -0.9943 0.0355 0.1008
vn -0.9757 0.0219 0.2181
vn -0.9748 0.0104 0.2230
vn -0.9847 -0.0088 0.1739
vn -0.9940 -0.0334 0.1041
vn -0.9981 -0.0585 0.0192
vn -0.9915 -0.0802 -0.1024
vn -0.9538 -0.0947 -0.2852
vn -0.8451 -0.0986 -0.5254
vn -0.6301 -0.0881 -0.7715
vn -0.3230 -0.0637 -0.9442
vn 0.0007 -0.0352 -0.9994
vn 0.2592 -0.0216 -0.9656
vn 0.4204 -0.0007 -0.9073
vn 0.5307 -0.0003 -0.8475
vn 0.5935 0.0057 -0.8048
vn 0.6033 0.0051 -0.7975
vn 0.5785 -0.0031 -0.8157
vn -0.3412 -0.0357 -0.9393
vn -0.3511 -0.0329 -0.9358
vn -0.2940 -0.0441 -0.9548
vn -0.2155 -0.0427 -0.9756
vn -0.1053 -0.0585 -0.9927
vn 0.0347 -0.1000 -0.9944
vn 0.2079 -0.1207 -0.9707
vn 0.4251 -0.1523 -0.8923
vn 0.6463 -0.1798 -0.7416
vn 0.8337 -0.1941 -0.5169
vn 0.9514 -0.1908 -0.2418
vn 0.9837 -0.1732 0.0489
vn 0.9314 -0.1408 0.3356
vn 0.7890 -0.0975 0.6066
vn 0.5451 -0.0480 0.8370
vn 0.2129 -0.0044 0.9771
vn -0.1100 0.0111 0.9939
vn -0.2282 0.0066 0.9736
vn 0.1394 0.0641 0.9882
vn 0.8642 0.2003 0.4615
vn 0.8426 0.2861 -0.4563
vn 0.6046 0.2678 -0.7501
vn 0.3590 0.2725 -0.8927
vn -0.2313 0.1381 -0.9630
vn -0.2287 0.0508 -0.9722
vn 0.2816 0.1390 -0.9494
vn 0.6144 0.1427 -0.7759
vn 0.4248 0.4261 -0.7987
vn 0.4927 0.4524 -0.7434
vn 0.3785 0.4744 -0.7948
vn -0.1917 0.4364 -0.8791
vn -0.0833 0.3315 -0.9398
vn -0.1472 0.4975 -0.8549
vn 0.0883 0.3529 -0.9315
vn -0.4844 0.3889 -0.7837
vn -0.3261 0.4473 -0.8328
vn -0.5345 0.2259 -0.8144
vn -0.5699 0.1371 -0.8102
vn 0.9831 -0.0796 -0.1649
vn 0.4401 -0.1404 -0.8869
vn 0.8980 0.1305 -0.4202
vn -0.0434 0.2847 -0.9576
vn -0.8027 0.1505 -0.5771
vn -0.9862 0.1203 -0.1138
vn -0.9915 0.0214 0.1285
vn -0.9842 -0.0006 0.1771
vn -0.9925 -0.0078 0.1219
vn -0.9990 -0.0252 0.0379
vn -0.9975 -0.0519 -0.0479
vn -0.9876 -0.0789 -0.1355
vn -0.9596 -0.0973 -0.2640
vn -0.8805 -0.1045 -0.4623
vn -0.7065 -0.0965 -0.7011
vn -0.4266 -0.0743 -0.9014
vn -0.0961 -0.0448 -0.9944
vn 0.1989 -0.0178 -0.9799
vn 0.4052 0.0001 -0.9142
vn 0.5222 0.0081 -0.8528
vn 0.5782 0.0067 -0.8158
vn 0.5866 0.0096 -0.8099
vn 0.5529 0.0122 -0.8331
vn 0.4898 0.0157 -0.8717
vn 0.4135 0.0215 -0.9102
vn -0.3270 -0.0379 -0.9443
vn -0.3388 -0.0317 -0.9403
vn -0.3464 -0.0235 -0.9378
vn -0.3472 -0.0236 -0.9375
vn -0.3251 -0.0278 -0.9453
vn -0.2566 -0.0480 -0.9653
vn -0.1500 -0.0463 -0.9876
vn -0.0061 -0.0658 -0.9978
vn 0.1799 -0.0891 -0.9796
vn 0.3828 -0.1500 -0.9115
vn 0.5859 -0.1691 -0.7925
vn 0.7820 -0.1922 -0.5930
vn 0.9191 -0.1955 -0.3422
vn 0.9807 -0.1844 -0.0658
vn 0.9625 -0.1600 0.2193
vn 0.8470 -0.1197 0.5179
vn 0.5826 -0.0676 0.8099
vn 0.1760 -0.0228 0.9841
vn -0.1380 -0.0306 0.9900
vn 0.0636 0.0060 0.9980
vn 0.8106 0.2337 0.5369
vn 0.8310 0.3159 -0.4579
vn 0.5728 0.2795 -0.7706
vn 0.3835 0.2927 -0.8760
vn 0.0889 0.2579 -0.9621
vn 0.2085 0.2064 -0.9560
vn 0.4110 0.3515 -0.8411
vn 0.4197 0.4777 -0.7718
vn 0.4434 0.4339 -0.7843
vn 0.4035 0.5598 -0.7237
vn 0.0214 0.6204 -0.7840
vn -0.0425 0.4852 -0.8734
vn -0.2637 0.5473 -0.7943
vn -0.0090 0.4325 -0.9016
vn -0.3638 0.4656 -0.8068
vn -0.3403 0.3981 -0.8519
vn -0.4992 0.3927 -0.7724
vn -0.0011 0.1145 -0.9934
vn 0.6893 0.1113 -0.7158
vn 0.7775 0.1181 -0.6177
vn -0.1647 0.3787 -0.9107
vn -0.8271 0.1903 -0.5289
vn -0.9771 0.1194 -0.1761
vn -0.9969 -0.0748 -0.0234
vn -0.9991 -0.0319 -0.0296
vn -0.9879 -0.0823 -0.1317
vn -0.9718 -0.1238 -0.2006
vn -0.9669 -0.1091 -0.2308
vn -0.9514 -0.1088 -0.2880
vn -0.9032 -0.1142 -0.4138
vn -0.7735 -0.1106 -0.6241
vn -0.5286 -0.0866 -0.8445
vn -0.2009 -0.0546 -0.9781
vn 0.1189 -0.0240 -0.9926
vn 0.3567 0.0002 -0.9342
vn 0.4941 0.0156 -0.8692
vn 0.5478 0.0237 -0.8363
vn 0.5410 0.0269 -0.8406
vn 0.4907 0.0289 -0.8708
vn 0.4070 0.0350 -0.9128
vn 0.3009 0.0449 -0.9526
vn 0.1846 0.0581 -0.9811
vn 0.0637 0.0748 -0.9952
vn -0.1652 -0.0231 -0.9860
vn -0.1972 -0.0210 -0.9801
vn -0.2289 -0.0185 -0.9733
vn -0.2583 -0.0164 -0.9659
vn -0.2966 -0.0123 -0.9549
vn -0.2824 -0.0145 -0.9592
vn -0.2956 -0.0124 -0.9552
vn -0.2679 -0.0226 -0.9632
vn -0.2047 -0.0361 -0.9782
vn -0.0607 -0.0636 -0.9961
vn 0.1538 -0.0612 -0.9862
vn 0.3748 -0.0936 -0.9224
vn 0.5980 -0.1264 -0.7914
vn 0.7698 -0.2060 -0.6041
vn 0.8838 -0.2078 -0.4191
vn 0.9542 -0.2163 -0.2067
vn 0.9751 -0.2219 -0.0016
vn 0.9234 -0.2169 0.3168
vn 0.6749 -0.1460 0.7233
vn 0.2120 -0.1052 0.9716
vn 0.1786 -0.1037 0.9784
vn 0.8124 0.1817 0.5540
vn 0.8005 0.3459 -0.4894
vn 0.5358 0.3997 -0.7437
vn 0.5509 0.3852 -0.7403
vn 0.4289 0.3985 -0.8107
vn 0.3593 0.4127 -0.8370
vn 0.3924 0.4201 -0.8183
vn 0.3787 0.5194 -0.7660
vn 0.3325 0.6022 -0.7258
vn 0.0982 0.6641 -0.7412
vn 0.0337 0.5921 -0.8051
vn -0.2496 0.6094 -0.7525
vn -0.0982 0.6418 -0.7605
vn -0.2981 0.5338 -0.7913
vn -0.3977 0.5316 -0.7478
vn -0.2742 0.4475 -0.8512
vn 0.2433 0.2144 -0.9459
vn 0.3890 0.2705 -0.8806
vn -0.4237 0.3489 -0.8359
vn -0.8335 0.2657 -0.4845
vn -0.9335 0.1926 -0.3025
vn -0.9669 0.0411 -0.2520
vn -0.9523 -0.0488 -0.3013
vn -0.8981 -0.1985 -0.3925
vn -0.8867 -0.1881 -0.4224
vn -0.8956 -0.2332 -0.3788
vn -0.8995 -0.2101 -0.3831
vn -0.8300 -0.1537 -0.5362
vn -0.6331 -0.1130 -0.7658
vn -0.3146 -0.0676 -0.9468
vn 0.0298 -0.0323 -0.9990
vn 0.2975 -0.0052 -0.9547
vn 0.4517 0.0143 -0.8920
vn 0.5061 0.0285 -0.8620
vn 0.4852 0.0382 -0.8735
vn 0.4089 0.0462 -0.9114
vn 0.2941 0.0558 -0.9542
vn 0.1568 0.0678 -0.9853
vn 0.0111 0.0823 -0.9965
vn -0.1337 0.0987 -0.9861
vn -0.2734 0.1157 -0.9549
vn -0.4066 0.1321 -0.9040
vn 0.2431 0.0176 -0.9699
vn 0.1753 0.0129 -0.9844
vn 0.1106 0.0091 -0.9938
vn 0.0486 0.0063 -0.9988
vn -0.0104 0.0046 -0.9999
vn -0.0655 0.0038 -0.9978
vn -0.1156 0.0030 -0.9933
vn -0.1805 -0.0011 -0.9836
vn -0.1564 0.0010 -0.9877
vn -0.1896 0.0243 -0.9816
vn -0.1597 0.0083 -0.9871
vn -0.0713 -0.0210 -0.9972
vn 0.0860 -0.0434 -0.9953
vn 0.3313 -0.1458 -0.9322
vn 0.5534 -0.1638 -0.8167
vn 0.8110 -0.3260 -0.4859
vn 0.7300 -0.2631 -0.6308
vn 0.8399 -0.2951 -0.4555
vn 0.9391 -0.1219 -0.3213
vn 0.9734 -0.1622 0.1616
vn 0.7110 -0.1705 0.6822
vn 0.5628 -0.0976 0.8208
vn 0.8913 0.1981 0.4079
vn 0.7347 0.3987 -0.5489
vn 0.5229 0.5393 -0.6601
vn 0.6641 0.4828 -0.5708
vn 0.5246 0.5032 -0.6867
vn 0.3420 0.5619 -0.7532
vn 0.2978 0.5953 -0.7463
vn 0.2921 0.6394 -0.7112
vn 0.1338 0.7041 -0.6974
vn 0.0331 0.6930 -0.7202
vn -0.2043 0.6678 -0.7157
vn -0.1054 0.7095 -0.6967
vn -0.3173 0.6149 -0.7219
vn -0.3384 0.5599 -0.7563
vn -0.1918 0.4920 -0.8492
vn -0.1542 0.5007 -0.8518
vn -0.5272 0.4389 -0.7276
vn -0.8216 0.3951 -0.4110
vn -0.8716 0.2577 -0.4170
vn -0.8860 0.1728 -0.4304
vn -0.8818 0.0328 -0.4705
vn -0.8723 -0.0622 -0.4850
vn -0.8669 -0.1617 -0.4715
vn -0.8828 -0.2384 -0.4048
vn -0.8965 -0.2270 -0.3804
vn -0.7695 -0.2052 -0.6048
vn -0.4608 -0.1041 -0.8814
vn -0.0751 -0.0412 -0.9963
vn 0.2311 -0.0123 -0.9729
vn 0.3957 0.0139 -0.9183
vn 0.4430 0.0320 -0.8960
vn 0.4013 0.0444 -0.9149
vn 0.2944 0.0570 -0.9540
vn 0.1442 0.0727 -0.9869
vn -0.0260 0.0892 -0.9957
vn -0.1968 0.1060 -0.9747
vn -0.3563 0.1223 -0.9264
vn -0.4986 0.1377 -0.8558
vn -0.6224 0.1513 -0.7679
vn -0.7274 0.1624 -0.6667
vn -0.8131 0.1707 -0.5566
vn 0.8235 0.0653 -0.5636
vn 0.7521 0.0591 -0.6564
vn 0.6748 0.0533 -0.7361
vn 0.5946 0.0481 -0.8025
vn 0.5124 0.0430 -0.8576
vn 0.4290 0.0385 -0.9025
vn 0.3458 0.0350 -0.9376
vn 0.2641 0.0325 -0.9639
vn 0.1871 0.0305 -0.9819
vn 0.1094 0.0372 -0.9933
vn -0.0173 0.0313 -0.9994
vn 0.0304 0.0280 -0.9991
vn -0.0323 0.0440 -0.9985
vn 0.0458 0.0016 -0.9990
vn 0.2019 -0.0107 -0.9794
vn 0.4283 -0.1245 -0.8950
vn 0.6773 -0.2787 -0.6808
vn 0.8471 -0.0967 -0.5225
vn 0.8263 -0.2600 -0.4996
vn 0.8320 -0.0445 -0.5530
vn 0.9286 0.0567 -0.3667
vn 0.9709 -0.0861 0.2234
vn 0.9173 0.0579 0.3940
vn 0.9214 0.3887 -0.0023
vn 0.6324 0.4710 -0.6150
vn 0.5557 0.5789 -0.5967
vn 0.6324 0.6212 -0.4628
vn 0.4602 0.6623 -0.5912
vn 0.2676 0.7050 -0.6567
vn 0.2360 0.7132 -0.6600
vn 0.1251 0.7540 -0.6449
vn -0.0934 0.7620 -0.6408
vn 0.0181 0.7607 -0.6489
vn -0.1917 0.7532 -0.6292
vn -0.2419 0.7091 -0.6623
vn -0.2629 0.6679 -0.6963
vn -0.3931 0.6278 -0.6718
vn -0.6431 0.5403 -0.5426
vn -0.7502 0.5391 -0.3828
vn -0.7869 0.3819 -0.4847
vn -0.8084 0.3298 -0.4875
vn -0.8210 0.1711 -0.5448
vn -0.8327 0.0643 -0.5500
vn -0.8730 -0.0737 -0.4822
vn -0.9201 -0.1052 -0.3772
vn -0.8920 -0.2010 -0.4048
vn -0.6828 -0.1950 -0.7041
vn -0.2472 -0.0981 -0.9640
vn 0.1360 -0.0130 -0.9906
vn 0.3144 0.0216 -0.9491
vn 0.3402 0.0413 -0.9394
vn 0.2623 0.0513 -0.9636
vn 0.1124 0.0726 -0.9910
vn -0.0768 0.0947 -0.9925
vn -0.2730 0.1152 -0.9551
vn -0.4538 0.1330 -0.8811
vn -0.6082 0.1479 -0.7799
vn -0.7330 0.1601 -0.6612
vn -0.8290 0.1695 -0.5330
vn -0.8991 0.1760 -0.4008
vn -0.9464 0.1795 -0.2685
vn -0.9735 0.1810 -0.1398
vn -0.9834 0.1806 -0.0190
vn 0.9694 0.0606 0.2380
vn 0.9915 0.0620 0.1147
vn 0.9965 0.0836 0.0008
vn 0.9916 0.0704 -0.1084
vn 0.9702 0.0694 -0.2322
vn 0.9339 0.0679 -0.3510
vn 0.8841 0.0663 -0.4625
vn 0.8223 0.0647 -0.5654
vn 0.7496 0.0630 -0.6588
vn 0.6676 0.0620 -0.7419
vn 0.5771 0.0618 -0.8143
vn 0.4809 0.0622 -0.8746
vn 0.3798 0.0681 -0.9226
vn 0.2818 0.0609 -0.9575
vn 0.2237 0.0592 -0.9729
vn 0.2492 0.0759 -0.9655
vn 0.4170 -0.0258 -0.9085
vn 0.8932 -0.1130 -0.4353
vn 0.6853 -0.0005 -0.7282
vn 0.8968 -0.0736 -0.4362
vn 0.8533 0.1290 -0.5053
vn 0.8633 0.2416 -0.4431
vn 0.9582 0.2595 -0.1205
vn 0.9540 0.2981 -0.0323
vn 0.7767 0.5386 -0.3265
vn 0.4960 0.6345 -0.5928
vn 0.5392 0.6550 -0.5294
vn 0.4988 0.7584 -0.4195
vn 0.3698 0.7725 -0.5162
vn 0.2109 0.8265 -0.5220
vn 0.1454 0.8227 -0.5496
vn -0.1036 0.8203 -0.5624
vn 0.0268 0.8237 -0.5664
vn -0.1906 0.7953 -0.5755
vn -0.1816 0.8089 -0.5592
vn -0.3737 0.7662 -0.5227
vn -0.6088 0.6844 -0.4011
vn -0.6806 0.6250 -0.3824
vn -0.6975 0.5199 -0.4931
vn -0.7491 0.4668 -0.4701
vn -0.8017 0.3392 -0.4921
vn -0.8405 0.3008 -0.4507
vn -0.8994 0.1975 -0.3900
vn -0.9609 -0.0394 -0.2741
vn -0.8632 -0.0365 -0.5035
vn -0.5109 -0.1287 -0.8499
vn -0.0908 -0.0197 -0.9957
vn 0.1625 0.0517 -0.9853
vn 0.1626 0.0482 -0.9855
vn 0.0262 0.0697 -0.9972
vn -0.1774 0.1037 -0.9787
vn -0.3951 0.1294 -0.9095
vn -0.5898 0.1505 -0.7934
vn -0.7458 0.1650 -0.6454
vn -0.8587 0.1745 -0.4819
vn -0.9318 0.1796 -0.3154
vn -0.9713 0.1819 -0.1535
vn -0.9834 0.1816 -0.0015
vn -0.9741 0.1793 0.1381
vn -0.9485 0.1751 0.2638
vn -0.9146 0.1792 0.3624
vn -0.8775 0.1591 0.4524
vn -0.8287 0.1540 0.5381
vn 0.6429 0.0350 0.7652
vn 0.5826 0.0307 0.8122
vn 0.7175 0.0530 0.6945
vn 0.7899 0.0395 0.6120
vn 0.8488 0.0445 0.5269
vn 0.8959 0.0625 0.4398
vn 0.9360 0.0573 0.3472
vn 0.9700 0.0614 0.2352
vn 0.9911 0.0650 0.1161
vn 0.9976 0.0684 -0.0077
vn 0.9883 0.0719 -0.1348
vn 0.9617 0.0752 -0.2637
vn 0.9165 0.0788 -0.3923
vn 0.8516 0.0815 -0.5177
vn 0.7688 0.0823 -0.6342
vn 0.6613 0.0915 -0.7445
vn 0.5689 0.0408 -0.8214
vn 0.6315 0.0621 -0.7729
vn 0.5147 0.2215 -0.8283
vn 0.8090 0.0298 -0.5871
vn 0.8579 0.1786 -0.4819
vn 0.8611 0.2356 -0.4505
vn 0.8708 0.4122 -0.2678
vn 0.8141 0.3785 -0.4405
vn 0.8195 0.5278 -0.2231
vn 0.6553 0.6587 -0.3696
vn 0.4546 0.7593 -0.4656
vn 0.4614 0.7659 -0.4478
vn 0.3591 0.8441 -0.3981
vn 0.1493 0.8810 -0.4489
vn 0.2505 0.8605 -0.4436
vn 0.0266 0.8958 -0.4436
vn -0.0963 0.8857 -0.4542
vn -0.3009 0.8400 -0.4515
vn -0.1476 0.8753 -0.4605
vn -0.4573 0.8261 -0.3292
vn -0.5853 0.7387 -0.3343
vn -0.6401 0.6401 -0.4249
vn -0.6945 0.6009 -0.3957
vn -0.7723 0.5017 -0.3896
vn -0.8280 0.4380 -0.3502
vn -0.9124 0.2797 -0.2989
vn -0.8747 0.2653 -0.4056
vn -0.7348 -0.0703 -0.6746
vn -0.1763 0.1496 -0.9729
vn -0.3213 0.0893 -0.9428
vn -0.1658 0.0558 -0.9846
vn -0.3668 0.1322 -0.9208
vn -0.5994 0.1583 -0.7846
vn -0.7815 0.1812 -0.5970
vn -0.9043 0.1916 -0.3814
vn -0.9675 0.1935 -0.1630
vn -0.9810 0.1895 0.0413
vn -0.9577 0.1822 0.2228
vn -0.9092 0.1731 0.3786
vn -0.8505 0.1758 0.4957
vn -0.7879 0.1483 0.5977
vn -0.7114 0.1393 0.6889
vn -0.6346 0.1304 0.7618
vn -0.5601 0.1222 0.8193
vn -0.4793 0.1276 0.8683
vn -0.4046 0.1078 0.9081
vn 0.3759 0.0099 0.9266
vn 0.3552 0.0111 0.9347
vn 0.4037 0.0084 0.9148
vn 0.4375 0.0103 0.8992
vn 0.4772 0.0134 0.8787
vn 0.5335 0.0270 0.8454
vn 0.5940 0.0184 0.8042
vn 0.6502 0.0218 0.7595
vn 0.7083 0.0266 0.7054
vn 0.7662 0.0318 0.6418
vn 0.8223 0.0377 0.5678
vn 0.8744 0.0439 0.4832
vn 0.9207 0.0509 0.3870
vn 0.9587 0.0595 0.2781
vn 0.9817 0.0875 0.1693
vn 0.9943 0.0895 0.0573
vn 0.9912 0.1095 -0.0746
vn 0.9546 0.1685 -0.2456
vn 0.8955 0.1466 -0.4202
vn 0.8745 0.2382 -0.4224
vn 0.8635 0.3129 -0.3956
vn 0.8619 0.3975 -0.3148
vn 0.8480 0.4633 -0.2574
vn 0.8099 0.4973 -0.3111
vn 0.7958 0.5584 -0.2341
vn 0.7178 0.6754 -0.1693
vn 0.5800 0.7583 -0.2977
vn 0.4170 0.8565 -0.3042
vn 0.3719 0.8640 -0.3393
vn 0.2553 0.9091 -0.3291
vn 0.0330 0.9270 -0.3736
vn 0.1503 0.9236 -0.3527
vn -0.0887 0.9332 -0.3483
vn -0.2098 0.9201 -0.3307
vn -0.3037 0.9047 -0.2989
vn -0.4900 0.8170 -0.3039
vn -0.5570 0.7676 -0.3171
vn -0.6170 0.7187 -0.3205
vn -0.6867 0.6193 -0.3807
vn -0.7438 0.4889 -0.4558
vn -0.7735 0.3598 -0.5218
vn -0.7492 0.2278 -0.6219
vn -0.5991 0.3430 -0.7235
vn -0.6107 0.3334 -0.7183
vn -0.6875 0.1333 -0.7138
vn -0.8367 0.2814 -0.4698
vn -0.9619 0.2313 -0.1456
vn -0.9663 0.2208 0.1322
vn -0.9059 0.2008 0.3728
vn -0.8052 0.1775 0.5659
vn -0.6946 0.1714 0.6987
vn -0.5842 0.1284 0.8014
vn -0.4632 0.1117 0.8792
vn -0.3528 0.0982 0.9305
vn -0.2565 0.0876 0.9626
vn -0.1618 0.0942 0.9823
vn -0.0840 0.0714 0.9939
vn -0.0314 0.0659 0.9973
vn 0.0128 0.0612 0.9980
vn 0.0510 0.0572 0.9971
vn 0.0857 0.0537 0.9949
vn -0.3444 0.1007 0.9334
vn 0.1184 0.0496 0.9917
vn 0.5092 -0.0087 0.8606
vn 0.5087 -0.0104 0.8609
vn 0.5070 -0.0129 0.8618
vn 0.5074 -0.0130 0.8616
vn 0.5098 -0.0130 0.8602
vn 0.5161 -0.0126 0.8564
vn 0.5255 -0.0115 0.8507
vn 0.5392 -0.0109 0.8421
vn 0.5587 -0.0086 0.8293
vn 0.5835 -0.0055 0.8121
vn 0.6135 -0.0018 0.7897
vn 0.6481 0.0025 0.7616
vn 0.6862 0.0065 0.7274
vn 0.7271 0.0110 0.6865
vn 0.7797 0.0310 0.6254
vn 0.8317 0.0289 0.5545
vn 0.8776 0.0381 0.4778
vn 0.9305 0.0595 0.3614
vn 0.9622 0.1527 0.2256
vn 0.9663 0.2358 0.1032
vn 0.9405 0.3391 -0.0201
vn 0.9035 0.3953 -0.1654
vn 0.8708 0.4398 -0.2197
vn 0.8197 0.5397 -0.1922
vn 0.7602 0.6186 -0.1985
vn 0.7202 0.6721 -0.1721
vn 0.5768 0.8109 -0.0986
vn 0.5094 0.8400 -0.1870
vn 0.3677 0.9035 -0.2201
vn 0.2431 0.9498 -0.1971
vn 0.1756 0.9638 -0.2007
vn 0.0272 0.9732 -0.2283
vn -0.2099 0.9548 -0.2107
vn -0.1407 0.9630 -0.2301
vn -0.3335 0.9192 -0.2095
vn -0.5581 0.7967 -0.2317
vn -0.4849 0.8548 -0.1850
vn -0.6079 0.7675 -0.2036
vn -0.6431 0.7333 -0.2208
vn -0.6874 0.6790 -0.2579
vn -0.7468 0.5606 -0.3579
vn -0.8484 0.3859 -0.3623
vn -0.9556 0.2794 -0.0932
vn -0.8667 0.3504 0.3550
vn -0.7039 0.2315 0.6715
vn -0.4998 0.0934 0.8611
vn -0.2668 0.0590 0.9619
vn -0.0947 0.0483 0.9943
vn 0.0291 0.0335 0.9990
vn 0.1229 0.0235 0.9921
vn 0.2098 0.0329 0.9772
vn 0.2742 0.0110 0.9616
vn 0.3094 0.0124 0.9509
vn 0.3346 0.0168 0.9422
vn 0.3524 0.0224 0.9356
vn 0.3649 0.0278 0.9306
vn 0.3742 0.0310 0.9268
vn 0.3810 0.0318 0.9240
vn 0.3867 0.0305 0.9217
vn 0.3925 0.0279 0.9193
vn 0.3989 0.0248 0.9167
vn 0.1485 0.0453 0.9879
vn 0.4058 0.0215 0.9137
vn 0.8959 -0.0430 0.4421
vn 0.8895 -0.0427 0.4550
vn 0.8824 -0.0426 0.4686
vn 0.8749 -0.0426 0.4824
vn 0.8670 -0.0427 0.4964
vn 0.8590 -0.0429 0.5102
vn 0.8438 -0.0440 0.5349
vn 0.8513 -0.0428 0.5229
vn 0.8368 -0.0441 0.5458
vn 0.8314 -0.0439 0.5540
vn 0.8281 -0.0433 0.5588
vn 0.8279 -0.0419 0.5593
vn 0.8314 -0.0398 0.5543
vn 0.8392 -0.0365 0.5426
vn 0.8522 -0.0321 0.5222
vn 0.8809 -0.0450 0.4711
vn 0.9168 -0.0316 0.3982
vn 0.9472 -0.0732 0.3123
vn 0.9840 0.0155 0.1772
vn 0.9907 0.1239 0.0564
vn 0.9792 0.2021 -0.0160
vn 0.9499 0.3071 -0.0588
vn 0.8730 0.4848 -0.0539
vn 0.8371 0.5401 -0.0874
vn 0.7746 0.6246 -0.0987
vn 0.6897 0.7199 -0.0778
vn 0.5949 0.8004 -0.0747
vn 0.3918 0.9165 -0.0814
vn 0.5291 0.8455 -0.0720
vn 0.2421 0.9658 -0.0931
vn 0.1522 0.9840 -0.0923
vn 0.0385 0.9965 -0.0739
vn -0.0958 0.9927 -0.0735
vn -0.2249 0.9690 -0.1026
vn -0.3406 0.9377 -0.0682
vn -0.4443 0.8901 -0.1013
vn -0.6433 0.7601 -0.0912
vn -0.5585 0.8230 -0.1036
vn -0.6814 0.7308 -0.0409
vn -0.7262 0.6834 0.0752
vn -0.7731 0.6033 0.1957
vn -0.9193 0.3133 0.2381
vn -0.9419 0.0506 0.3321
vn -0.8445 0.0849 0.5289
vn -0.7247 0.0458 0.6875
vn -0.5539 -0.0838 0.8284
vn -0.3773 -0.0275 0.9257
vn -0.2476 -0.0638 0.9668
vn -0.1076 -0.0374 0.9935
vn -0.0073 -0.0210 0.9998
vn 0.0709 -0.0115 0.9974
vn 0.1350 -0.0038 0.9908
vn 0.1884 0.0030 0.9821
vn 0.2341 0.0093 0.9722
vn 0.2739 0.0149 0.9617
vn 0.3083 0.0199 0.9511
vn 0.3375 0.0234 0.9410
vn 0.3609 0.0250 0.9323
vn 0.3907 0.0218 0.9203
vn 0.3782 0.0247 0.9254
vn 0.3976 0.0212 0.9173
vn 0.4007 0.0182 0.9160
vn 0.4023 0.0173 0.9154
vn 0.9302 -0.0551 -0.3628
vn 0.9381 -0.0552 -0.3421
vn 0.9454 -0.0552 -0.3212
vn 0.9523 -0.0552 -0.3002
vn 0.9587 -0.0553 -0.2789
vn 0.9648 -0.0555 -0.2572
vn 0.9704 -0.0559 -0.2351
vn 0.9755 -0.0567 -0.2127
vn 0.9801 -0.0577 -0.1899
vn 0.9843 -0.0591 -0.1665
vn 0.9879 -0.0609 -0.1426
vn 0.9909 -0.0638 -0.1188
vn 0.9930 -0.0685 -0.0965
vn 0.9942 -0.0753 -0.0770
vn 0.9944 -0.0862 -0.0609
vn 0.9894 -0.1424 -0.0291
vn 0.9890 -0.1436 -0.0359
vn 0.9910 -0.1340 0.0048
vn 0.9951 0.0862 0.0484
vn 0.9969 -0.0594 0.0520
vn 0.9700 0.2415 0.0280
vn 0.9481 0.3174 0.0157
vn 0.8711 0.4799 -0.1037
vn 0.8482 0.5291 -0.0241
vn 0.7631 0.6454 0.0322
vn 0.6942 0.7192 0.0299
vn 0.5121 0.8582 0.0356
vn 0.5993 0.7998 0.0345
vn 0.3854 0.9213 0.0517
vn 0.2622 0.9641 0.0419
vn 0.1855 0.9826 -0.0052
vn -0.0882 0.9960 0.0142
vn 0.0201 0.9996 0.0177
vn -0.3581 0.9336 0.0102
vn -0.2345 0.9721 0.0069
vn -0.4297 0.9030 0.0041
vn -0.6483 0.7608 0.0289
vn -0.5674 0.8228 0.0330
vn -0.8111 0.5761 0.1013
vn -0.7272 0.6846 0.0494
vn -0.8469 0.4954 0.1932
vn -0.8767 0.3979 0.2702
vn -0.9737 0.2053 0.0991
vn -0.9989 0.0403 -0.0256
vn -0.9878 0.1556 -0.0012
vn -0.9968 -0.0794 -0.0117
vn -0.9861 -0.1338 0.0982
vn -0.9377 -0.2215 0.2676
vn -0.8853 -0.1444 0.4420
vn -0.8208 -0.1179 0.5590
vn -0.7399 -0.0967 0.6657
vn -0.6478 -0.0810 0.7575
vn -0.5478 -0.0661 0.8340
vn -0.4445 -0.0518 0.8943
vn -0.3421 -0.0382 0.9389
vn -0.2438 -0.0257 0.9695
vn -0.1519 -0.0145 0.9883
vn -0.0688 -0.0043 0.9976
vn 0.0034 0.0045 1.0000
vn 0.1064 0.0174 0.9942
vn 0.0616 0.0110 0.9980
vn 0.1375 0.0190 0.9903
vn 0.1481 0.0278 0.9886
vn 0.4367 -0.0322 -0.8990
vn 0.4523 -0.0333 -0.8913
vn 0.4657 -0.0358 -0.8842
vn 0.4783 -0.0355 -0.8775
vn 0.4910 -0.0369 -0.8704
vn 0.5024 -0.0382 -0.8638
vn 0.5130 -0.0393 -0.8575
vn 0.5235 -0.0402 -0.8511
vn 0.5345 -0.0405 -0.8442
vn 0.5466 -0.0401 -0.8364
vn 0.5594 -0.0396 -0.8280
vn 0.5707 -0.0402 -0.8202
vn 0.5775 -0.0415 -0.8153
vn 0.5889 -0.0375 -0.8074
vn 0.6117 -0.0315 -0.7905
vn 0.6550 -0.0337 -0.7549
vn 0.7262 -0.0368 -0.6865
vn 0.8614 0.0288 -0.5072
vn 0.7971 -0.0277 -0.6033
vn 0.9355 0.0976 -0.3397
vn 0.9448 0.2198 -0.2428
vn 0.8938 0.4469 -0.0366
vn 0.9641 0.2381 -0.1174
vn 0.7626 0.6444 0.0563
vn 0.7395 0.6594 0.1351
vn 0.5925 0.7900 0.1576
vn 0.6824 0.7148 0.1527
vn 0.5073 0.8509 0.1360
vn 0.3004 0.9464 0.1186
vn 0.3772 0.9139 0.1501
vn 0.1859 0.9688 0.1639
vn -0.0159 0.9850 0.1721
vn -0.0947 0.9831 0.1565
vn -0.3294 0.9360 0.1244
vn -0.2310 0.9570 0.1753
vn -0.4407 0.8935 0.0858
vn -0.5686 0.8165 0.0998
vn -0.6538 0.7473 0.1191
vn -0.7289 0.6656 0.1602
vn -0.8104 0.5626 0.1637
vn -0.8628 0.4844 0.1451
vn -0.9573 0.2522 0.1412
vn -0.9154 0.3756 0.1449
vn -0.9856 0.1327 0.1045
vn -0.9952 0.0418 0.0884
vn -0.9950 -0.0675 0.0738
vn -0.9772 -0.2017 -0.0662
vn -0.9873 -0.1560 0.0308
vn -0.9789 -0.1660 -0.1194
vn -0.9872 -0.1324 -0.0885
vn -0.9928 -0.1158 -0.0315
vn -0.9922 -0.1162 0.0453
vn -0.9834 -0.1142 0.1413
vn -0.9620 -0.1104 0.2496
vn -0.9257 -0.1047 0.3635
vn -0.8740 -0.0971 0.4761
vn -0.8079 -0.0882 0.5827
vn -0.7288 -0.0777 0.6803
vn -0.6392 -0.0653 0.7662
vn -0.5422 -0.0502 0.8387
vn -0.4423 -0.0320 0.8963
vn -0.2523 0.0169 0.9675
vn -0.3461 -0.0091 0.9382
vn 0.0204 -0.0107 -0.9997
vn 0.0129 -0.0083 -0.9999
vn 0.0294 -0.0136 -0.9995
vn 0.0388 -0.0145 -0.9991
vn 0.0465 -0.0171 -0.9988
vn 0.0543 -0.0191 -0.9983
vn 0.0637 -0.0198 -0.9978
vn 0.0764 -0.0195 -0.9969
vn 0.0935 -0.0181 -0.9955
vn 0.1135 -0.0177 -0.9934
vn 0.1375 -0.0198 -0.9903
vn 0.1665 -0.0279 -0.9856
vn 0.2077 -0.0280 -0.9778
vn 0.2857 0.0066 -0.9583
vn 0.3782 0.0076 -0.9257
vn 0.4665 0.0317 -0.8840
vn 0.5698 0.0561 -0.8198
vn 0.6965 0.0840 -0.7126
vn 0.8900 0.2502 -0.3812
vn 0.8096 0.1770 -0.5597
vn 0.9238 0.3710 -0.0945
vn 0.8888 0.4206 0.1819
vn 0.7917 0.5164 0.3264
vn 0.7152 0.6209 0.3209
vn 0.7084 0.6646 0.2376
vn 0.6657 0.6995 0.2601
vn 0.6094 0.7533 0.2473
vn 0.4949 0.8422 0.2141
vn 0.2659 0.9205 0.2863
vn 0.3726 0.8840 0.2823
vn 0.0191 0.9633 0.2678
vn 0.1402 0.9362 0.3223
vn -0.1093 0.9613 0.2528
vn -0.2213 0.9405 0.2580
vn -0.4242 0.8708 0.2486
vn -0.2690 0.9244 0.2704
vn -0.5457 0.8285 0.1254
vn -0.7099 0.6703 0.2162
vn -0.7250 0.6323 0.2731
vn -0.7900 0.5574 0.2554
vn -0.8499 0.4591 0.2587
vn -0.9000 0.3487 0.2617
vn -0.9728 0.1572 0.1701
vn -0.9310 0.2730 0.2424
vn -0.9961 0.0389 0.0797
vn -0.9990 -0.0427 -0.0110
vn -0.9914 -0.0696 -0.1110
vn -0.9482 -0.0220 -0.3168
vn -0.9775 -0.0183 -0.2103
vn -0.9168 -0.0331 -0.3980
vn -0.8972 -0.0600 -0.4375
vn -0.8935 -0.0763 -0.4425
vn -0.8995 -0.0872 -0.4281
vn -0.9144 -0.0979 -0.3927
vn -0.9358 -0.0995 -0.3383
vn -0.9572 -0.1053 -0.2697
vn -0.9766 -0.1088 -0.1854
vn -0.9897 -0.1121 -0.0891
vn -0.9933 -0.1146 0.0174
vn -0.9845 -0.1157 0.1320
vn -0.9604 -0.1150 0.2539
vn -0.9168 -0.1110 0.3837
vn -0.0639 -0.0012 -0.9980
vn -0.0752 -0.0010 -0.9972
vn -0.0465 -0.0004 -0.9989
vn -0.0229 -0.0006 -0.9997
vn 0.0087 -0.0009 -1.0000
vn 0.0472 -0.0003 -0.9989
vn 0.0958 0.0042 -0.9954
vn 0.1559 0.0109 -0.9877
vn 0.2449 0.0355 -0.9689
vn 0.3479 0.0278 -0.9371
vn 0.4513 0.0388 -0.8915
vn 0.5701 0.0512 -0.8200
vn 0.6977 0.0720 -0.7128
vn 0.8914 0.1342 -0.4329
vn 0.8018 0.1233 -0.5847
vn 0.9588 0.1637 -0.2320
vn 0.9817 0.1902 -0.0076
vn 0.9477 0.2197 0.2315
vn 0.8251 0.2642 0.4994
vn 0.7055 0.1874 0.6835
vn 0.6770 0.3698 0.6363
vn 0.6860 0.4266 0.5895
vn 0.7465 0.3544 0.5631
vn 0.7700 0.4650 0.4369
vn 0.7287 0.5641 0.3883
vn 0.6885 0.6433 0.3350
vn 0.5876 0.7640 0.2665
vn 0.4838 0.7908 0.3749
vn 0.3086 0.8824 0.3552
vn 0.2622 0.8849 0.3849
vn 0.1730 0.9049 0.3889
vn 0.0539 0.9157 0.3983
vn -0.0972 0.9161 0.3889
vn -0.2526 0.9000 0.3552
vn -0.3154 0.8679 0.3837
vn -0.3082 0.8690 0.3872
vn -0.5269 0.7674 0.3653
vn -0.7052 0.6789 0.2045
vn -0.7837 0.5650 0.2582
vn -0.7680 0.5503 0.3276
vn -0.8442 0.4405 0.3053
vn -0.8828 0.3165 0.3473
vn -0.9018 0.2712 0.3365
vn -0.9364 0.2460 0.2501
vn -0.9777 0.1671 0.1271
vn -0.9947 0.1015 -0.0184
vn -0.9871 0.0581 -0.1490
vn -0.9480 0.0316 -0.3168
vn -0.9667 0.0497 -0.2512
vn -0.9275 0.0117 -0.3736
vn -0.8960 -0.0119 -0.4439
vn -0.8580 -0.0230 -0.5131
vn -0.8150 -0.0194 -0.5791
vn -0.7712 -0.0411 -0.6353
vn -0.7488 -0.0489 -0.6610
vn -0.7414 -0.0581 -0.6686
vn -0.7457 -0.0610 -0.6635
vn -0.7589 -0.0653 -0.6479
vn -0.7806 -0.0666 -0.6215
vn -0.8077 -0.0686 -0.5856
vn -0.8367 -0.0700 -0.5432
vn -0.8486 -0.1033 0.5189
vn -0.8661 -0.0721 -0.4946
vn 0.1363 0.0153 -0.9906
vn 0.1878 0.0223 -0.9820
vn 0.2486 0.0305 -0.9681
vn 0.3200 0.0399 -0.9466
vn 0.4176 0.0658 -0.9062
vn 0.5254 0.0590 -0.8488
vn 0.6256 0.0730 -0.7767
vn 0.7264 0.0876 -0.6817
vn 0.8871 0.1266 -0.4438
vn 0.8107 0.1239 -0.5722
vn 0.9510 0.1430 -0.2740
vn 0.9842 0.1582 -0.0795
vn 0.9764 0.1708 0.1324
vn 0.9197 0.1789 0.3494
vn 0.8108 0.1806 0.5568
vn 0.6530 0.1718 0.7376
vn 0.4367 0.1648 0.8844
vn 0.2779 0.0661 0.9583
vn 0.3364 0.2080 0.9185
vn 0.4765 0.1452 0.8671
vn 0.7409 -0.0260 0.6711
vn 0.8254 0.2885 0.4852
vn 0.8254 0.3917 0.4065
vn 0.7887 0.4340 0.4355
vn 0.7695 0.5018 0.3950
vn 0.6975 0.6169 0.3647
vn 0.5832 0.6936 0.4228
vn 0.3814 0.8121 0.4416
vn 0.3508 0.7853 0.5102
vn 0.2393 0.8321 0.5003
vn 0.1302 0.8547 0.5024
vn 0.0320 0.8545 0.5184
vn -0.2303 0.8234 0.5186
vn -0.0779 0.8464 0.5268
vn -0.3350 0.8106 0.4804
vn -0.3824 0.7529 0.5357
vn -0.3927 0.7423 0.5430
vn -0.6772 0.6567 0.3320
vn -0.8570 0.4959 0.1403
vn -0.8882 0.4374 0.1405
vn -0.8262 0.3181 0.4650
vn -0.8424 0.2839 0.4580
vn -0.8543 0.2679 0.4455
vn -0.8350 0.2494 0.4906
vn -0.8315 0.0841 0.5490
vn -0.8078 0.0187 0.5892
vn -0.8719 0.0541 0.4867
vn -0.9419 0.0369 0.3337
vn -0.9817 0.0289 0.1882
vn -0.9987 0.0199 0.0469
vn -0.9959 0.0134 -0.0894
vn -0.9759 0.0082 -0.2179
vn -0.9032 -0.0096 -0.4290
vn -0.9456 0.0112 -0.3251
vn -0.8464 -0.0159 -0.5323
vn -0.7834 -0.0195 -0.6212
vn -0.7151 -0.0011 -0.6990
vn -0.6487 -0.0145 -0.7609
vn -0.6089 -0.0163 -0.7931
vn -0.5848 -0.0146 -0.8111
vn -0.5713 -0.0068 -0.8207
vn -0.8964 -0.0744 -0.4369
vn -0.5668 -0.0009 -0.8238
vn 0.5999 0.0737 -0.7967
vn 0.6837 0.0849 -0.7248
vn 0.7662 0.0974 -0.6351
vn 0.8435 0.1097 -0.5258
vn 0.9498 0.1424 -0.2785
vn 0.9017 0.1428 -0.4081
vn 0.9815 0.1526 -0.1156
vn 0.9852 0.1604 0.0599
vn 0.9559 0.1652 0.2427
vn 0.8899 0.1672 0.4244
vn 0.7851 0.1650 0.5970
vn 0.6419 0.1584 0.7503
vn 0.4659 0.1465 0.8726
vn 0.2695 0.1294 0.9543
vn 0.0762 0.1071 0.9913
vn -0.0718 0.0825 0.9940
vn -0.0688 0.1043 0.9922
vn 0.1882 -0.0154 0.9820
vn 0.5854 -0.0829 0.8065
vn 0.8416 0.0225 0.5396
vn 0.8290 0.1788 0.5299
vn 0.9198 0.0498 0.3892
vn 0.7744 0.3118 0.5505
vn 0.8529 0.3631 0.3752
vn 0.8215 0.4671 0.3270
vn 0.7180 0.5770 0.3893
vn 0.4860 0.6910 0.5350
vn 0.3978 0.6787 0.6173
vn 0.2828 0.7624 0.5820
vn 0.2501 0.7597 0.6002
vn 0.1515 0.7915 0.5921
vn 0.0229 0.7984 0.6016
vn -0.1105 0.7894 0.6039
vn -0.2042 0.7763 0.5964
vn -0.3241 0.7517 0.5743
vn -0.4204 0.7579 0.4989
vn -0.4381 0.6617 0.6085
vn -0.5591 0.5981 0.5742
vn -0.8557 0.5175 0.0082
vn -0.9104 0.1619 -0.3808
vn -0.9765 0.0207 -0.2147
vn -0.8980 0.2695 0.3477
vn -0.7739 0.0098 0.6332
vn -0.8272 0.1010 0.5527
vn -0.7107 -0.1338 0.6906
vn -0.6346 -0.0147 0.7727
vn -0.5330 0.0280 0.8456
vn -0.5157 0.0146 0.8567
vn -0.6192 0.0279 0.7848
vn -0.7391 0.0232 0.6732
vn -0.8382 0.0164 0.5451
vn -0.9121 0.0102 0.4099
vn -0.9638 0.0086 0.2665
vn -0.9932 0.0069 0.1162
vn -0.9993 0.0059 -0.0366
vn -0.9822 0.0056 -0.1876
vn -0.8995 -0.0046 -0.4369
vn -0.9491 0.0163 -0.3144
vn -0.8322 -0.0044 -0.5545
vn -0.7493 0.0231 -0.6619
vn -0.6641 0.0149 -0.7475
vn -0.6050 0.0176 -0.7961
vn -0.5594 0.0205 -0.8286
vn 0.9768 0.1539 -0.1488
vn 0.9462 0.1444 -0.2896
vn 0.9870 0.1608 0.0035
vn 0.9727 0.1651 0.1628
vn 0.9315 0.1661 0.3237
vn 0.8629 0.1648 0.4778
vn 0.7675 0.1597 0.6208
vn 0.6458 0.1519 0.7483
vn 0.4996 0.1418 0.8546
vn 0.3329 0.1294 0.9340
vn 0.1544 0.1150 0.9813
vn -0.0208 0.0990 0.9949
vn -0.1689 0.0816 0.9823
vn -0.2603 0.0716 0.9629
vn -0.2629 0.0607 0.9629
vn -0.1115 0.0288 0.9934
vn 0.2569 -0.1101 0.9602
vn 0.6678 -0.2377 0.7054
vn 0.8527 -0.1825 0.4894
vn 0.8629 -0.0508 0.5028
vn 0.8011 0.0007 0.5986
vn 0.7914 0.1163 0.6002
vn 0.9575 0.1891 0.2179
vn 0.9735 0.2266 0.0313
vn 0.8801 0.4232 0.2153
vn 0.5951 0.5601 0.5763
vn 0.4040 0.5801 0.7073
vn 0.3538 0.6494 0.6731
vn 0.3303 0.6459 0.6883
vn 0.2910 0.6958 0.6566
vn 0.1111 0.7689 0.6297
vn 0.0077 0.7186 0.6953
vn -0.0956 0.7234 0.6838
vn -0.2120 0.6967 0.6853
vn -0.2534 0.6962 0.6716
vn -0.4332 0.6381 0.6366
vn -0.5375 0.6357 0.5540
vn -0.4262 0.6241 0.6549
vn -0.7738 0.4726 0.4217
vn -0.6880 0.2219 -0.6910
vn -0.5783 0.0429 -0.8147
vn -0.6711 -0.3271 -0.6653
vn -0.9003 -0.0421 0.4332
vn -0.9958 -0.0468 -0.0787
vn -0.7389 -0.1942 0.6453
vn -0.8200 -0.1250 0.5585
vn -0.5581 -0.1976 0.8059
vn -0.3852 -0.0317 0.9223
vn -0.2626 0.0007 0.9649
vn -0.2462 0.0235 0.9689
vn -0.3294 -0.0023 0.9442
vn -0.4592 0.0127 0.8882
vn -0.5762 -0.0024 0.8173
vn -0.6795 -0.0034 0.7337
vn -0.7761 -0.0050 0.6305
vn -0.8606 -0.0043 0.5093
vn -0.9286 -0.0032 0.3710
vn -0.9759 -0.0007 0.2183
vn -0.9984 0.0029 0.0567
vn -0.9731 -0.0027 -0.2305
vn -0.9962 0.0195 -0.0850
vn -0.9267 0.0020 -0.3758
vn -0.8648 0.0110 -0.5020
vn 0.8402 0.1673 0.5158
vn 0.9091 0.1707 0.3800
vn 0.7509 0.1609 0.6406
vn 0.6434 0.1519 0.7503
vn 0.5207 0.1411 0.8420
vn 0.3850 0.1290 0.9138
vn 0.2383 0.1165 0.9642
vn 0.0842 0.1040 0.9910
vn -0.0695 0.0919 0.9933
vn -0.2096 0.0802 0.9745
vn -0.3176 0.0695 0.9457
vn -0.3732 0.0609 0.9257
vn -0.3550 0.0468 0.9337
vn -0.2356 0.0233 0.9716
vn 0.0176 -0.0157 0.9997
vn 0.3773 -0.1145 0.9190
vn 0.6798 -0.2435 0.6918
vn 0.7885 -0.3056 0.5337
vn 0.7664 -0.2743 0.5808
vn 0.7745 -0.1544 0.6134
vn 0.8904 -0.0196 0.4548
vn 0.9951 -0.0424 -0.0893
vn 0.9415 0.0711 -0.3294
vn 0.9492 0.2671 -0.1665
vn 0.7244 0.4181 0.5481
vn 0.3341 0.4190 0.8443
vn 0.4035 0.4688 0.7857
vn 0.4047 0.5382 0.7393
vn 0.3544 0.5998 0.7174
vn 0.3315 0.6704 0.6638
vn 0.0961 0.7176 0.6898
vn -0.0531 0.6565 0.7524
vn -0.1048 0.6538 0.7494
vn -0.2309 0.6106 0.7575
vn -0.2760 0.5728 0.7718
vn -0.3244 0.5627 0.7603
vn -0.5003 0.5154 0.6957
vn -0.5487 0.5127 0.6603
vn -0.5064 0.4711 0.7222
vn -0.8583 0.4221 0.2919
vn -0.3900 0.0311 -0.9203
vn 0.2235 -0.1777 -0.9584
vn -0.0893 -0.1628 -0.9826
vn -0.7552 -0.2465 -0.6074
vn -0.9023 -0.2369 0.3603
vn -0.9847 -0.1742 -0.0015
vn -0.7915 -0.2774 0.5446
vn -0.5877 -0.2415 0.7722
vn -0.1604 -0.0525 0.9857
vn -0.3601 -0.1590 0.9193
vn -0.0494 -0.0058 0.9988
vn -0.0377 0.0283 0.9989
vn -0.0849 -0.0260 0.9960
vn -0.1503 -0.0290 0.9882
vn -0.2442 -0.0211 0.9695
vn -0.3501 -0.0233 0.9364
vn -0.4593 -0.0223 0.8880
vn -0.5705 -0.0209 0.8211
vn -0.6784 -0.0184 0.7344
vn -0.7793 -0.0153 0.6265
vn -0.8683 -0.0098 0.4959
vn -0.9382 -0.0025 0.3461
vn 0.4102 0.1313 0.9025
vn 0.5278 0.1435 0.8371
vn 0.2877 0.1185 0.9503
vn 0.1622 0.1058 0.9811
vn 0.0343 0.0940 0.9950
vn -0.0942 0.0839 0.9920
vn -0.2180 0.0754 0.9730
vn -0.3269 0.0682 0.9426
vn -0.4066 0.0621 0.9115
vn -0.4415 0.0550 0.8956
vn -0.4147 0.0435 0.9089
vn -0.3066 0.0246 0.9515
vn -0.0995 -0.0033 0.9950
vn 0.1936 -0.0494 0.9798
vn 0.5026 -0.1165 0.8566
vn 0.7260 -0.1783 0.6642
vn 0.8156 -0.2351 0.5287
vn 0.8326 -0.2701 0.4835
vn 0.8930 -0.2286 0.3877
vn 0.9904 -0.1181 0.0714
vn 0.8793 -0.1033 -0.4649
vn 0.7414 -0.0487 -0.6693
vn 0.9086 0.1511 -0.3894
vn 0.7122 0.3169 0.6264
vn 0.1411 0.3112 0.9398
vn 0.2532 0.2880 0.9235
vn 0.5052 0.3311 0.7969
vn 0.4100 0.4715 0.7807
vn 0.4348 0.4488 0.7807
vn 0.3979 0.6326 0.6645
vn 0.0105 0.6697 0.7425
vn -0.1456 0.5538 0.8198
vn -0.0764 0.5839 0.8082
vn -0.2608 0.5266 0.8091
vn -0.3065 0.4818 0.8209
vn -0.3539 0.4690 0.8092
vn -0.4008 0.4295 0.8092
vn -0.4740 0.3707 0.7987
vn -0.4807 0.3979 0.7814
vn -0.6275 0.3278 0.7063
vn -0.9361 0.3465 0.0603
vn -0.2722 0.1228 -0.9544
vn 0.4999 -0.0979 -0.8606
vn 0.4084 -0.0926 -0.9081
vn -0.2416 -0.1214 -0.9628
vn -0.7791 -0.2158 -0.5886
vn -0.9561 -0.2177 0.1962
vn -0.9599 -0.2446 -0.1370
vn -0.8482 -0.1868 0.4956
vn -0.6434 -0.1479 0.7511
vn -0.3919 -0.0993 0.9146
vn -0.1099 -0.1014 0.9888
vn 0.0699 -0.0695 0.9951
vn 0.1258 -0.0449 0.9910
vn 0.1250 -0.0221 0.9919
vn 0.0893 -0.0343 0.9954
vn 0.0329 -0.0345 0.9989
vn -0.0436 -0.0334 0.9985
vn -0.1329 -0.0347 0.9905
vn -0.2309 -0.0344 0.9724
vn -0.3351 -0.0331 0.9416
vn -0.9829 0.0036 0.1839
vn -0.4437 -0.0301 0.8957
vn -0.0116 0.0856 0.9963
vn 0.0948 0.0973 0.9907
vn -0.1152 0.0755 0.9905
vn -0.2167 0.0678 0.9739
vn -0.3134 0.0627 0.9475
vn -0.3980 0.0594 0.9155
vn -0.4593 0.0568 0.8865
vn -0.4839 0.0523 0.8736
vn -0.4575 0.0435 0.8881
vn -0.3641 0.0281 0.9309
vn -0.1902 0.0034 0.9817
vn 0.0609 -0.0330 0.9976
vn 0.3516 -0.0800 0.9327
vn 0.6142 -0.1272 0.7788
vn 0.7953 -0.1553 0.5860
vn 0.8945 -0.1654 0.4153
vn 0.9566 -0.1590 0.2443
vn 0.9904 -0.1376 -0.0158
vn 0.9030 -0.1098 -0.4154
vn 0.6084 -0.0353 -0.7929
vn 0.5348 -0.0185 -0.8448
vn 0.8941 0.1676 -0.4153
vn 0.7141 0.2973 0.6338
vn -0.0755 0.1959 0.9777
vn -0.0578 0.1174 0.9914
vn 0.4028 0.2209 0.8882
vn 0.5912 0.2755 0.7580
vn 0.3737 0.3981 0.8378
vn 0.3829 0.4756 0.7919
vn 0.5488 0.3578 0.7555
vn -0.0639 0.3931 0.9173
vn -0.1866 0.5455 0.8171
vn -0.0541 0.5326 0.8446
vn -0.3164 0.4484 0.8360
vn -0.2658 0.4084 0.8733
vn -0.3384 0.4898 0.8034
vn -0.5177 0.2719 0.8112
vn -0.3436 0.2173 0.9136
vn -0.2744 0.2335 0.9328
vn -0.4346 0.2816 0.8555
vn -0.7181 0.2817 0.6363
vn -0.9641 0.2610 -0.0491
vn -0.3198 0.1251 -0.9392
vn 0.5187 -0.0166 -0.8548
vn 0.6062 -0.0292 -0.7948
vn 0.2149 -0.0225 -0.9764
vn -0.3628 -0.0771 -0.9287
vn -0.7852 -0.1449 -0.6021
vn -0.9603 -0.1960 -0.1984
vn -0.9551 -0.2271 0.1902
vn -0.8164 -0.2236 0.5324
vn -0.3711 -0.1366 0.9185
vn -0.6077 -0.2161 0.7642
vn -0.1367 -0.0996 0.9856
vn 0.0520 -0.0735 0.9959
vn 0.1649 -0.0605 0.9845
vn 0.2225 -0.0545 0.9734
vn 0.2353 -0.0329 0.9714
vn 0.2076 -0.0401 0.9774
vn 0.1668 -0.0418 0.9851
vn 0.1113 -0.0451 0.9928
vn -0.5556 -0.0261 0.8310
vn 0.0472 -0.0483 0.9977
vn -0.3010 0.0546 0.9521
vn -0.2245 0.0607 0.9726
vn -0.3742 0.0518 0.9259
vn -0.4398 0.0515 0.8966
vn -0.4889 0.0518 0.8708
vn -0.5098 0.0504 0.8588
vn -0.4892 0.0446 0.8711
vn -0.4129 0.0321 0.9102
vn -0.2680 0.0106 0.9633
vn -0.0512 -0.0210 0.9985
vn 0.2184 -0.0608 0.9740
vn 0.4942 -0.1018 0.8633
vn 0.7228 -0.1334 0.6780
vn 0.8768 -0.1484 0.4575
vn 0.9640 -0.1427 0.2245
vn 0.9924 -0.1140 -0.0474
vn 0.9190 -0.0666 -0.3887
vn 0.6863 -0.0157 -0.7271
vn 0.4056 -0.0063 -0.9140
vn 0.4841 0.0169 -0.8749
vn 0.9216 0.1674 -0.3503
vn 0.7186 0.2482 0.6497
vn -0.1965 0.1707 0.9655
vn -0.3381 0.0105 0.9410
vn 0.2129 0.0865 0.9732
vn 0.6061 0.1187 0.7865
vn 0.5171 0.1600 0.8408
vn 0.4803 0.2105 0.8515
vn 0.1447 0.3884 0.9100
vn 0.6015 0.4224 0.6781
vn -0.0906 0.1786 0.9797
vn 0.0604 0.3633 0.9297
vn -0.1185 0.3205 0.9398
vn -0.3182 0.3928 0.8628
vn -0.2456 0.3887 0.8880
vn -0.3098 0.4027 0.8613
vn -0.6346 0.0965 0.7668
vn -0.4065 0.1169 0.9061
vn -0.0977 0.0456 0.9942
vn -0.0421 0.1377 0.9896
vn -0.4733 0.2162 0.8540
vn -0.7944 0.2470 0.5549
vn -0.9711 0.2228 -0.0859
vn -0.3902 0.1200 -0.9129
vn 0.4503 0.0146 -0.8928
vn 0.6531 0.0023 -0.7573
vn 0.4408 0.0097 -0.8976
vn -0.0067 -0.0103 -0.9999
vn -0.4716 -0.0683 -0.8791
vn -0.7916 -0.1364 -0.5956
vn -0.9518 -0.1863 -0.2437
vn -0.9659 -0.2214 0.1344
vn -0.8428 -0.2306 0.4863
vn -0.6218 -0.2121 0.7539
vn -0.3659 -0.1764 0.9138
vn -0.1331 -0.1340 0.9820
vn 0.1724 -0.0634 0.9830
vn 0.0417 -0.1032 0.9938
vn 0.2524 -0.0554 0.9660
vn 0.2867 -0.0465 0.9569
vn 0.2908 -0.0458 0.9557
vn -0.0228 -0.0499 0.9985
vn 0.2751 -0.0513 0.9601
vn -0.4640 0.0421 0.8848
vn -0.4160 0.0403 0.9085
vn -0.5034 0.0455 0.8628
vn -0.5233 0.0474 0.8508
vn -0.5110 0.0451 0.8584
vn -0.4528 0.0361 0.8909
vn -0.3353 0.0181 0.9419
vn -0.1499 -0.0097 0.9887
vn 0.0967 -0.0458 0.9943
vn 0.3740 -0.0847 0.9236
vn 0.6338 -0.1177 0.7645
vn 0.8333 -0.1369 0.5355
vn 0.9540 -0.1371 0.2665
vn 0.9928 -0.1162 -0.0279
vn 0.9351 -0.0771 -0.3459
vn 0.7554 -0.0287 -0.6546
vn 0.4916 0.0034 -0.8708
vn 0.3211 0.0101 -0.9470
vn 0.5222 0.0491 -0.8514
vn 0.9507 0.1465 -0.2733
vn 0.7322 0.1914 0.6536
vn -0.1679 0.1926 0.9668
vn -0.5831 0.0121 0.8123
vn -0.0865 -0.0835 0.9927
vn 0.5565 -0.0340 0.8301
vn 0.5626 0.0460 0.8255
vn 0.3445 0.0772 0.9356
vn 0.6531 -0.0713 0.7539
vn 0.6569 0.3411 0.6723
vn -0.2665 0.3901 0.8814
vn -0.3008 0.2163 0.9288
vn -0.0255 0.1443 0.9892
vn 0.1157 0.1912 0.9747
vn -0.1731 0.3459 0.9222
vn -0.2475 0.3761 0.8929
vn -0.4428 0.2682 0.8556
vn -0.6643 -0.0265 0.7470
vn -0.5123 0.0308 0.8583
vn -0.2539 -0.0113 0.9672
vn 0.1900 -0.0585 0.9800
vn 0.0260 0.1328 0.9908
vn -0.5648 0.1951 0.8018
vn -0.8486 0.2133 0.4841
vn -0.9735 0.1963 -0.1172
vn -0.4516 0.1194 -0.8842
vn 0.3572 0.0320 -0.9335
vn 0.6432 0.0199 -0.7654
vn 0.5527 0.0270 -0.8330
vn 0.2392 0.0235 -0.9707
vn -0.1718 -0.0077 -0.9851
vn -0.5351 -0.0677 -0.8421
vn -0.7934 -0.1315 -0.5943
vn -0.9437 -0.1810 -0.2769
vn -0.9716 -0.2211 0.0841
vn -0.8685 -0.2355 0.4361
vn -0.6627 -0.2218 0.7153
vn -0.4133 -0.1876 0.8911
vn -0.1760 -0.1469 0.9734
vn 0.0162 -0.1094 0.9939
vn 0.1547 -0.0803 0.9847
vn 0.2429 -0.0624 0.9680
vn 0.2488 -0.0591 0.9668
vn 0.2900 -0.0562 0.9554
vn -0.5264 0.0404 0.8493
vn -0.5084 0.0338 0.8605
vn -0.5225 0.0432 0.8516
vn -0.4821 0.0389 0.8752
vn -0.3910 0.0253 0.9201
vn -0.2366 0.0015 0.9716
vn -0.0161 -0.0317 0.9994
vn 0.2538 -0.0697 0.9647
vn 0.5330 -0.1048 0.8396
vn 0.7714 -0.1282 0.6233
vn 0.9305 -0.1339 0.3410
vn 0.9925 -0.1194 0.0250
vn 0.9507 -0.0868 -0.2976
vn 0.8022 -0.0437 -0.5954
vn 0.5731 -0.0047 -0.8195
vn 0.3582 0.0157 -0.9335
vn 0.3122 0.0256 -0.9497
vn 0.5952 0.0525 -0.8019
vn 0.9718 0.1302 -0.1967
vn 0.7370 0.1594 0.6569
vn -0.0926 0.1656 0.9818
vn -0.6747 0.0323 0.7374
vn -0.4823 -0.0300 0.8755
vn 0.2974 -0.0820 0.9512
vn 0.6131 -0.1593 0.7738
vn 0.4482 -0.0522 0.8924
vn 0.4858 0.0163 0.8739
vn 0.6829 0.1432 0.7163
vn 0.8728 0.1094 0.4757
vn -0.5891 0.2467 0.7695
vn -0.4893 0.0911 0.8673
vn 0.0889 0.0505 0.9948
vn 0.1161 0.0877 0.9894
vn 0.0358 0.2607 0.9648
vn -0.1853 0.3841 0.9045
vn -0.6002 0.2037 0.7734
vn -0.7630 -0.0670 0.6429
vn -0.5218 -0.0420 0.8520
vn -0.4943 -0.0918 0.8644
vn 0.0440 -0.1112 0.9928
vn 0.4027 -0.0216 0.9151
vn -0.0742 0.1484 0.9861
vn -0.6467 0.1655 0.7446
vn -0.8826 0.1901 0.4300
vn -0.9734 0.1765 -0.1461
vn -0.5032 0.1186 -0.8560
vn 0.2570 0.0446 -0.9654
vn 0.6021 0.0286 -0.7979
vn 0.5999 0.0344 -0.7993
vn 0.3909 0.0381 -0.9197
vn 0.0582 0.0228 -0.9980
vn -0.2870 -0.0104 -0.9579
vn -0.5742 -0.0681 -0.8159
vn -0.7909 -0.1270 -0.5986
vn -0.9341 -0.1759 -0.3105
vn -0.9748 -0.2202 0.0367
vn -0.8893 -0.2395 0.3895
vn -0.6983 -0.2289 0.6782
vn -0.4571 -0.1968 0.8674
vn -0.2206 -0.1562 0.9628
vn -0.0236 -0.1186 0.9927
vn 0.3083 -0.0596 0.9494
vn 0.1190 -0.0907 0.9887
vn -0.4975 0.0376 0.8667
vn -0.5210 0.0348 0.8528
vn -0.4323 0.0308 0.9012
vn -0.3097 0.0123 0.9507
vn -0.1195 -0.0174 0.9927
vn 0.1342 -0.0546 0.9894
vn 0.4221 -0.0920 0.9019
vn 0.6927 -0.1203 0.7111
vn 0.8924 -0.1317 0.4316
vn 0.9872 -0.1228 0.1017
vn 0.9673 -0.0956 -0.2348
vn 0.8411 -0.0568 -0.5378
vn 0.6380 -0.0172 -0.7698
vn 0.4215 0.0110 -0.9068
vn 0.2889 0.0258 -0.9570
vn 0.3492 0.0334 -0.9365
vn 0.6694 0.0544 -0.7409
vn 0.9844 0.1169 -0.1315
vn 0.7414 0.1414 0.6560
vn -0.0137 0.1513 0.9884
vn -0.6571 0.0834 0.7492
vn -0.7294 0.0248 0.6836
vn -0.1418 -0.0961 0.9852
vn 0.4866 -0.1906 0.8526
vn 0.5284 -0.2473 0.8122
vn 0.4059 -0.1752 0.8970
vn 0.7565 -0.1118 0.6444
vn 0.9232 0.1611 0.3489
vn 0.4680 0.2348 0.8520
vn -0.7745 0.1747 0.6080
vn -0.6866 0.0349 0.7262
vn 0.0664 -0.0562 0.9962
vn 0.2856 0.0302 0.9579
vn 0.2645 0.1866 0.9462
vn -0.0749 0.3300 0.9410
vn -0.7075 0.0981 0.6999
vn -0.8738 0.0114 0.4862
vn -0.6193 -0.1573 0.7692
vn -0.5260 -0.2414 0.8155
vn -0.2055 -0.1395 0.9687
vn 0.4166 -0.0040 0.9091
vn 0.3936 0.0443 0.9182
vn -0.2111 0.1307 0.9687
vn -0.6896 0.1475 0.7090
vn -0.9061 0.1729 0.3860
vn -0.9716 0.1605 -0.1738
vn -0.5452 0.1162 -0.8302
vn 0.1576 0.0526 -0.9861
vn 0.5430 0.0332 -0.8391
vn 0.6095 0.0376 -0.7919
vn 0.4813 0.0444 -0.8755
vn 0.2209 0.0393 -0.9745
vn -0.0875 0.0194 -0.9960
vn -0.3676 -0.0121 -0.9299
vn -0.5962 -0.0670 -0.8001
vn -0.7822 -0.1216 -0.6111
vn -0.9227 -0.1719 -0.3452
vn -0.9755 -0.2199 -0.0066
vn -0.9059 -0.2430 0.3469
vn -0.7282 -0.2361 0.6434
vn -0.4942 -0.2051 0.8448
vn 0.2177 -0.0856 0.9723
vn -0.2589 -0.1657 0.9516
vn -0.3647 0.0210 0.9309
vn -0.4537 0.0312 0.8906
vn -0.2101 -0.0028 0.9777
vn 0.0175 -0.0379 0.9991
vn 0.3022 -0.0776 0.9501
vn 0.5972 -0.1116 0.7943
vn 0.8381 -0.1297 0.5299
vn 0.9728 -0.1265 0.1941
vn 0.9820 -0.1037 -0.1578
vn 0.8774 -0.0681 -0.4749
vn 0.6930 -0.0291 -0.7203
vn 0.4826 0.0032 -0.8759
vn 0.3160 0.0238 -0.9485
vn 0.2681 0.0332 -0.9628
vn 0.4060 0.0381 -0.9131
vn 0.7348 0.0573 -0.6758
vn 0.9914 0.1070 -0.0760
vn 0.7465 0.1293 0.6527
vn 0.0548 0.1381 0.9889
vn -0.5937 0.0854 0.8002
vn -0.7942 0.0432 0.6062
vn -0.5334 0.0086 0.8458
vn 0.1556 -0.1737 0.9724
vn 0.4865 -0.2643 0.8328
vn 0.4242 -0.2687 0.8648
vn 0.6359 -0.2449 0.7318
vn 0.9726 -0.0471 0.2275
vn 0.9567 0.0304 0.2896
vn 0.1440 0.2067 0.9677
vn -0.9108 0.0737 0.4063
vn 0.0352 -0.1748 0.9840
vn -0.7942 -0.0987 0.5996
vn 0.4821 0.0678 0.8735
vn 0.4181 -0.0861 0.9043
vn 0.0664 0.2206 0.9731
vn -0.6404 0.1356 0.7560
vn -0.9451 0.0515 0.3227
vn -0.8199 -0.2153 0.5305
vn -0.5509 -0.2699 0.7897
vn -0.3111 -0.1820 0.9328
vn 0.2442 -0.0273 0.9693
vn 0.5381 0.0319 0.8423
vn 0.2617 0.0615 0.9632
vn -0.3187 0.1165 0.9407
vn -0.7172 0.1384 0.6830
vn -0.9246 0.1600 0.3458
vn -0.9681 0.1492 -0.2012
vn -0.5790 0.1132 -0.8075
vn 0.0652 0.0586 -0.9961
vn 0.4746 0.0373 -0.8794
vn 0.5958 0.0391 -0.8021
vn 0.5314 0.0467 -0.8458
vn 0.3350 0.0483 -0.9410
vn 0.0650 0.0370 -0.9972
vn -0.2013 0.0175 -0.9794
vn -0.4208 -0.0136 -0.9071
vn -0.6027 -0.0674 -0.7952
vn -0.7685 -0.1149 -0.6295
vn -0.9100 -0.1678 -0.3791
vn -0.9746 -0.2187 -0.0479
vn -0.9202 -0.2459 0.3044
vn -0.0747 -0.1337 0.9882
vn -0.7554 -0.2414 0.6091
vn -0.0909 -0.0199 0.9957
vn -0.2808 0.0093 0.9597
vn 0.1757 -0.0601 0.9826
vn 0.4842 -0.1001 0.8692
vn 0.7650 -0.1265 0.6315
vn 0.9458 -0.1303 0.2974
vn 0.9913 -0.1117 -0.0694
vn 0.9108 -0.0780 -0.4054
vn 0.7426 -0.0393 -0.6685
vn 0.5388 -0.0047 -0.8425
vn 0.3567 0.0201 -0.9340
vn 0.2532 0.0338 -0.9668
vn 0.2787 0.0391 -0.9596
vn 0.4691 0.0439 -0.8820
vn 0.7898 0.0608 -0.6103
vn 0.9947 0.0986 -0.0276
vn 0.7526 0.1199 0.6475
vn 0.1149 0.1280 0.9851
vn -0.5207 0.0883 0.8492
vn -0.8006 0.0570 0.5965
vn -0.7165 0.0315 0.6968
vn -0.2590 -0.0412 0.9650
vn 0.2875 -0.1812 0.9405
vn 0.4590 -0.3056 0.8342
vn 0.5799 -0.2497 0.7755
vn 0.9359 -0.1393 0.3234
vn 0.9966 0.0676 -0.0472
vn 0.8708 0.1381 0.4719
vn -0.1529 0.1861 0.9706
vn -0.9765 0.0477 0.2104
vn -0.0278 -0.1750 0.9842
vn -0.8759 -0.0257 0.4819
vn 0.6388 0.0128 0.7692
vn 0.4994 -0.0739 0.8632
vn 0.2270 0.1394 0.9639
vn -0.4953 0.1183 0.8606
vn -0.9695 0.0100 0.2451
vn -0.9701 -0.1010 0.2208
vn -0.7312 -0.2466 0.6361
vn -0.4052 -0.1701 0.8983
vn 0.0595 -0.0521 0.9969
vn 0.4848 0.0340 0.8739
vn 0.4995 0.0478 0.8650
vn 0.1111 0.0621 0.9919
vn -0.3959 0.1084 0.9119
vn -0.7413 0.1339 0.6577
vn -0.9400 0.1506 0.3061
vn -0.9636 0.1407 -0.2272
vn -0.6062 0.1100 -0.7877
vn -0.0175 0.0640 -0.9978
vn 0.4028 0.0419 -0.9143
vn 0.5679 0.0406 -0.8221
vn 0.5547 0.0472 -0.8307
vn 0.4133 0.0518 -0.9091
vn 0.1834 0.0476 -0.9819
vn -0.0692 0.0325 -0.9971
vn -0.2843 0.0183 -0.9586
vn -0.4501 -0.0141 -0.8929
vn -0.5974 -0.0657 -0.7992
vn -0.7522 -0.1060 -0.6503
vn -0.8966 -0.1633 -0.4117
vn -0.5258 -0.2109 0.8240
vn -0.9722 -0.2164 -0.0896
vn 0.3543 -0.0836 0.9314
vn 0.0502 -0.0404 0.9979
vn 0.6691 -0.1202 0.7334
vn 0.9023 -0.1334 0.4099
vn 0.9923 -0.1202 0.0289
vn 0.9401 -0.0877 -0.3295
vn 0.7879 -0.0481 -0.6139
vn 0.5906 -0.0114 -0.8069
vn 0.4009 0.0167 -0.9160
vn 0.2656 0.0342 -0.9635
vn 0.2243 0.0425 -0.9736
vn 0.3091 0.0455 -0.9500
vn 0.5334 0.0499 -0.8444
vn 0.8361 0.0641 -0.5448
vn 0.9956 0.0922 0.0161
vn 0.7591 0.1120 0.6412
vn 0.1702 0.1197 0.9781
vn -0.4468 0.0920 0.8899
vn -0.7786 0.0641 0.6243
vn -0.8015 0.0432 0.5964
vn -0.5238 0.0018 0.8518
vn -0.0046 -0.0849 0.9964
vn 0.3784 -0.1645 0.9109
vn 0.5866 -0.2286 0.7770
vn 0.8734 -0.1536 0.4621
vn 0.9972 -0.0091 -0.0745
vn 0.9976 0.0487 -0.0487
vn 0.6905 0.1504 0.7075
vn -0.4149 0.1614 0.8954
vn -0.9968 0.0312 0.0740
vn -0.9111 -0.0601 0.4079
vn 0.5580 -0.0968 0.8242
vn -0.0880 -0.2214 0.9712
vn 0.7293 -0.0165 0.6840
vn 0.3963 0.0959 0.9131
vn -0.3291 0.1211 0.9365
vn -0.9425 0.0389 0.3319
vn -1.0000 -0.0095 0.0017
vn -0.9173 -0.1432 0.3715
vn -0.5760 -0.1718 0.7992
vn -0.1152 -0.0857 0.9896
vn 0.3611 0.0141 0.9324
vn 0.5510 0.0469 0.8332
vn 0.3970 0.0443 0.9168
vn -0.0131 0.0662 0.9977
vn -0.4555 0.1051 0.8840
vn -0.7659 0.1309 0.6295
vn -0.9532 0.1433 0.2661
vn -0.9586 0.1341 -0.2512
vn -0.6284 0.1070 -0.7705
vn -0.0903 0.0686 -0.9935
vn 0.3312 0.0465 -0.9424
vn 0.5310 0.0425 -0.8463
vn 0.5603 0.0475 -0.8270
vn 0.4654 0.0535 -0.8835
vn 0.2768 0.0544 -0.9594
vn 0.0413 0.0462 -0.9981
vn -0.1756 0.0289 -0.9840
vn -0.3387 0.0185 -0.9407
vn -0.4631 -0.0189 -0.8861
vn -0.5890 -0.0631 -0.8057
vn -0.9326 -0.2486 0.2614
vn -0.7384 -0.0981 -0.6671
vn 0.8360 -0.1340 0.5321
vn 0.5473 -0.1076 0.8300
vn 0.9820 -0.1287 0.1383
vn 0.9638 -0.0985 -0.2478
vn 0.8285 -0.0567 -0.5571
vn 0.6380 -0.0169 -0.7699
vn 0.4448 0.0144 -0.8955
vn 0.2902 0.0353 -0.9563
vn 0.2070 0.0466 -0.9772
vn 0.2215 0.0509 -0.9738
vn 0.3530 0.0524 -0.9342
vn 0.5969 0.0557 -0.8004
vn 0.8750 0.0664 -0.4795
vn 0.9946 0.0867 0.0567
vn 0.7657 0.1045 0.6346
vn 0.2223 0.1128 0.9684
vn -0.3739 0.0953 0.9226
vn -0.7426 0.0702 0.6660
vn -0.8362 0.0521 0.5459
vn -0.6953 0.0223 0.7184
vn -0.2788 -0.0430 0.9594
vn 0.1975 -0.1181 0.9732
vn 0.5176 -0.1540 0.8416
vn 0.8083 -0.1427 0.5713
vn 0.9965 -0.0491 0.0678
vn 0.9696 0.0275 -0.2431
vn 0.9903 0.0764 0.1161
vn 0.4637 0.1666 0.8702
vn -0.6283 0.1326 0.7666
vn -0.9997 0.0085 -0.0245
vn -0.9358 -0.0391 0.3505
vn -0.1311 -0.1407 0.9813
vn 0.7965 -0.0219 0.6042
vn 0.5849 -0.0743 0.8077
vn 0.5361 0.0749 0.8408
vn -0.1398 0.1117 0.9839
vn -0.8671 0.0674 0.4936
vn -0.9975 0.0127 -0.0700
vn -0.9928 -0.0970 0.0696
vn -0.7776 -0.1659 0.6065
vn -0.3090 -0.1160 0.9439
vn 0.2076 -0.0226 0.9780
vn 0.5143 0.0420 0.8566
vn 0.5228 0.0432 0.8514
vn 0.2884 0.0459 0.9564
vn -0.1129 0.0720 0.9910
vn -0.5059 0.1051 0.8562
vn -0.7915 0.1280 0.5977
vn -0.9644 0.1370 0.2264
vn -0.9535 0.1285 -0.2725
vn -0.6471 0.1047 -0.7552
vn -0.1541 0.0726 -0.9854
vn 0.2621 0.0515 -0.9637
vn 0.4887 0.0453 -0.8713
vn 0.5537 0.0487 -0.8313
vn 0.4981 0.0550 -0.8654
vn 0.3482 0.0582 -0.9356
vn 0.1386 0.0542 -0.9889
vn -0.0783 0.0406 -0.9961
vn -0.2514 0.0240 -0.9676
vn -0.3717 0.0138 -0.9283
vn -0.8817 -0.1588 -0.4443
vn -0.4732 -0.0237 -0.8807
vn 0.9812 -0.1094 -0.1590
vn 0.9551 -0.1359 0.2634
vn 0.8635 -0.0670 -0.4999
vn 0.6796 -0.0218 -0.7332
vn 0.4859 0.0134 -0.8739
vn 0.3201 0.0373 -0.9467
vn 0.2097 0.0513 -0.9764
vn 0.1769 0.0576 -0.9825
vn 0.2394 0.0592 -0.9691
vn 0.4065 0.0591 -0.9117
vn 0.6582 0.0606 -0.7504
vn 0.9075 0.0676 -0.4145
vn 0.9921 0.0817 0.0949
vn 0.7719 0.0972 0.6282
vn 0.2719 0.1067 0.9564
vn -0.3015 0.0976 0.9485
vn -0.6982 0.0768 0.7118
vn -0.8441 0.0588 0.5329
vn -0.7945 0.0361 0.6062
vn -0.5102 -0.0114 0.8600
vn -0.0345 -0.0837 0.9959
vn 0.3867 -0.1335 0.9125
vn 0.7149 -0.1374 0.6856
vn 0.9635 -0.0775 0.2563
vn 0.9780 -0.0105 -0.2084
vn 0.9703 0.0400 -0.2387
vn 0.9370 0.1045 0.3334
vn 0.2073 0.1697 0.9634
vn -0.7727 0.1229 0.6227
vn -0.9930 0.0118 -0.1175
vn -0.9457 -0.0371 0.3231
vn -0.1647 -0.1199 0.9790
vn 0.8371 -0.0446 0.5452
vn 0.5725 -0.0769 0.8163
vn 0.6652 0.0259 0.7462
vn 0.0624 0.1025 0.9928
vn -0.7494 0.0775 0.6575
vn -0.9995 0.0051 -0.0316
vn -0.9879 -0.0491 -0.1471
vn -0.9340 -0.1392 0.3290
vn -0.5391 -0.1431 0.8300
vn 0.0225 -0.0557 0.9982
vn 0.4298 0.0178 0.9027
vn 0.5534 0.0438 0.8318
vn 0.4615 0.0403 0.8862
vn 0.1876 0.0503 0.9810
vn -0.1950 0.0778 0.9777
vn -0.5517 0.1063 0.8272
vn -0.8172 0.1253 0.5626
vn -0.9734 0.1314 0.1876
vn -0.9488 0.1235 -0.2907
vn -0.6636 0.1029 -0.7410
vn -0.2104 0.0762 -0.9747
vn 0.1963 0.0566 -0.9789
vn 0.4433 0.0492 -0.8950
vn 0.5385 0.0512 -0.8411
vn 0.5172 0.0576 -0.8540
vn 0.4034 0.0629 -0.9129
vn 0.2239 0.0615 -0.9727
vn 0.0191 0.0513 -0.9985
vn -0.1653 0.0304 -0.9858
vn -0.5908 -0.0509 -0.8052
vn -0.3014 0.0149 -0.9534
vn 0.7136 -0.0280 -0.7000
vn 0.8934 -0.0823 -0.4417
vn 0.5214 0.0155 -0.8532
vn 0.3504 0.0409 -0.9357
vn 0.2234 0.0569 -0.9731
vn 0.1584 0.0650 -0.9852
vn 0.1714 0.0676 -0.9829
vn 0.2744 0.0668 -0.9593
vn 0.4669 0.0649 -0.8819
vn 0.7162 0.0643 -0.6949
vn 0.9342 0.0676 -0.3504
vn 0.9884 0.0769 0.1308
vn 0.7776 0.0901 0.6222
vn 0.3189 0.1010 0.9424
vn -0.2294 0.0986 0.9683
vn -0.6471 0.0830 0.7578
vn -0.8367 0.0652 0.5438
vn -0.8476 0.0466 0.5286
vn -0.6771 0.0110 0.7358
vn -0.2782 -0.0511 0.9592
vn 0.2018 -0.1118 0.9730
vn 0.5975 -0.1327 0.7908
vn 0.8967 -0.1004 0.4312
vn 0.9977 -0.0364 -0.0566
vn 0.9410 0.0131 -0.3382
vn 0.9896 0.0512 -0.1342
vn 0.8247 0.1274 0.5510
vn -0.0522 0.1642 0.9850
vn -0.8803 0.0666 0.4698
vn -0.9814 -0.0274 -0.1898
vn -0.9496 -0.0394 0.3111
vn -0.2037 -0.1073 0.9731
vn 0.8516 -0.0339 0.5231
vn 0.5611 -0.0800 0.8239
vn 0.7673 0.0202 0.6410
vn 0.2576 0.0912 0.9619
vn -0.5968 0.0867 0.7977
vn -0.9957 0.0240 0.0895
vn -0.9613 -0.0392 -0.2726
vn -0.9919 -0.1170 0.0489
vn -0.7672 -0.1497 0.6237
vn -0.2104 -0.0943 0.9730
vn 0.3042 -0.0130 0.9525
vn 0.5322 0.0440 0.8455
vn 0.5370 0.0372 0.8427
vn 0.3919 0.0409 0.9191
vn 0.0974 0.0572 0.9936
vn -0.2659 0.0835 0.9604
vn -0.5951 0.1076 0.7964
vn -0.8422 0.1225 0.5251
vn -0.9805 0.1263 0.1505
vn -0.9447 0.1189 -0.3058
vn -0.6789 0.1014 -0.7272
vn -0.2611 0.0792 -0.9621
vn 0.1335 0.0619 -0.9891
vn 0.3954 0.0543 -0.9169
vn 0.5166 0.0555 -0.8544
vn 0.5251 0.0617 -0.8488
vn 0.4446 0.0681 -0.8931
vn 0.2971 0.0689 -0.9524
vn 0.1144 0.0604 -0.9916
vn -0.4028 -0.0015 -0.9153
vn -0.0683 0.0427 -0.9968
vn 0.3758 0.0457 -0.9256
vn 0.5450 0.0203 -0.8382
vn 0.2418 0.0642 -0.9682
vn 0.1559 0.0740 -0.9850
vn 0.1339 0.0772 -0.9880
vn 0.1874 0.0763 -0.9793
vn 0.3231 0.0733 -0.9435
vn 0.5311 0.0694 -0.8444
vn 0.7697 0.0663 -0.6350
vn 0.9553 0.0664 -0.2880
vn 0.9838 0.0722 0.1641
vn 0.7828 0.0834 0.6166
vn 0.3629 0.0954 0.9270
vn -0.1581 0.0985 0.9825
vn -0.5904 0.0884 0.8023
vn -0.8186 0.0721 0.5698
vn -0.8735 0.0549 0.4837
vn -0.7852 0.0275 0.6186
vn -0.4930 -0.0228 0.8697
vn -0.0229 -0.0861 0.9960
vn 0.4431 -0.1240 0.8878
vn 0.8031 -0.1145 0.5847
vn 0.9898 -0.0624 0.1278
vn 0.9593 -0.0103 -0.2822
vn 0.9337 0.0275 -0.3571
vn 0.9968 0.0719 0.0348
vn 0.6600 0.1448 0.7372
vn -0.2932 0.1521 0.9439
vn -0.9539 0.0440 0.2970
vn -0.9755 -0.0275 -0.2181
vn -0.9507 -0.0342 0.3083
vn -0.2467 -0.0982 0.9641
vn 0.8631 -0.0326 0.5039
vn 0.5456 -0.0831 0.8339
vn 0.8440 0.0359 0.5352
vn 0.4137 0.0941 0.9055
vn -0.4152 0.0909 0.9052
vn -0.9654 0.0408 0.2576
vn -0.9763 -0.0544 -0.2093
vn -0.9536 0.0009 -0.3010
vn -0.9307 -0.1452 0.3357
vn -0.4786 -0.1255 0.8690
vn 0.1253 -0.0385 0.9914
vn 0.4711 0.0189 0.8819
vn 0.5573 0.0342 0.8296
vn 0.5058 0.0369 0.8619
vn 0.3201 0.0443 0.9463
vn 0.0161 0.0641 0.9978
vn -0.3298 0.0885 0.9399
vn -0.6368 0.1085 0.7633
vn -0.8657 0.1198 0.4860
vn -0.9858 0.1216 0.1154
vn -0.9410 0.1146 -0.3183
vn -0.6934 0.0997 -0.7136
vn -0.3080 0.0816 -0.9479
vn 0.0725 0.0671 -0.9951
vn 0.3450 0.0602 -0.9367
vn 0.4888 0.0612 -0.8703
vn 0.5241 0.0675 -0.8490
vn 0.4740 0.0749 -0.8773
vn 0.3592 0.0777 -0.9300
vn -0.2209 0.0137 -0.9752
vn 0.2047 0.0701 -0.9763
vn 0.1604 0.0887 -0.9831
vn 0.2515 0.0756 -0.9649
vn 0.1166 0.0901 -0.9891
vn 0.1340 0.0879 -0.9871
vn 0.2222 0.0836 -0.9714
vn 0.3824 0.0782 -0.9207
vn 0.5964 0.0721 -0.7994
vn 0.8175 0.0667 -0.5721
vn 0.9714 0.0643 -0.2285
vn 0.9786 0.0677 0.1944
vn 0.7875 0.0774 0.6114
vn 0.4036 0.0899 0.9105
vn -0.0882 0.0973 0.9913
vn -0.5285 0.0928 0.8438
vn -0.7916 0.0791 0.6059
vn -0.8830 0.0628 0.4652
vn -0.8506 0.0407 0.5242
vn -0.6583 0.0006 0.7528
vn -0.2559 -0.0588 0.9649
vn 0.2463 -0.1095 0.9630
vn 0.6790 -0.1199 0.7243
vn 0.9470 -0.0851 0.3097
vn 0.9888 -0.0312 -0.1458
vn 0.9159 0.0081 -0.4013
vn 0.9552 0.0372 -0.2936
vn 0.9677 0.0925 0.2346
vn 0.4582 0.1554 0.8752
vn -0.5000 0.1363 0.8552
vn -0.9883 0.0337 0.1489
vn -0.9731 -0.0124 -0.2299
vn -0.9550 -0.0311 0.2951
vn -0.2921 -0.0920 0.9520
vn 0.8718 -0.0355 0.4886
vn 0.5242 -0.0844 0.8474
vn 0.8988 0.0128 0.4382
vn 0.5544 0.0591 0.8302
vn -0.2159 0.0928 0.9720
vn -0.9000 0.0505 0.4330
vn -0.9747 -0.0109 -0.2234
vn -0.9283 -0.0544 -0.3678
vn -0.9920 -0.1226 0.0303
vn -0.7331 -0.1440 0.6647
vn -0.1188 -0.0776 0.9899
vn 0.3636 -0.0106 0.9315
vn 0.5422 0.0375 0.8394
vn 0.5544 0.0327 0.8316
vn 0.4638 0.0365 0.8852
vn 0.2501 0.0499 0.9669
vn -0.0586 0.0710 0.9958
vn -0.3891 0.0927 0.9165
vn -0.6766 0.1090 0.7282
vn -0.8872 0.1173 0.4463
vn -0.9897 0.1175 0.0821
vn -0.9378 0.1104 -0.3290
vn -0.7073 0.0978 -0.7001
vn -0.3522 0.0833 -0.9322
vn 0.0121 0.0717 -0.9974
vn 0.2912 0.0664 -0.9543
vn 0.4547 0.0681 -0.8880
vn 0.5143 0.0751 -0.8543
vn 0.4923 0.0841 -0.8664
vn 0.0388 0.0515 -0.9979
vn 0.4103 0.0896 -0.9075
vn 0.1082 0.1077 -0.9883
vn 0.1111 0.1191 -0.9866
vn 0.1585 0.0974 -0.9825
vn 0.2735 0.0891 -0.9577
vn 0.4488 0.0812 -0.8899
vn 0.6598 0.0729 -0.7479
vn 0.8586 0.0656 -0.5084
vn 0.9830 0.0616 -0.1731
vn 0.9731 0.0636 0.2213
vn 0.7919 0.0721 0.6064
vn 0.4407 0.0848 0.8936
vn -0.0206 0.0952 0.9952
vn -0.4625 0.0958 0.8814
vn -0.7563 0.0856 0.6486
vn -0.8812 0.0706 0.4674
vn -0.8881 0.0518 0.4567
vn -0.7736 0.0199 0.6334
vn -0.4660 -0.0321 0.8842
vn 0.0189 -0.0894 0.9958
vn 0.5159 -0.1182 0.8484
vn 0.8696 -0.1017 0.4832
vn 0.9983 -0.0536 0.0217
vn 0.9404 -0.0089 -0.3399
vn 0.9018 0.0197 -0.4316
vn 0.9841 0.0504 -0.1702
vn 0.8930 0.1122 0.4359
vn 0.2379 0.1598 0.9581
vn -0.6655 0.1186 0.7369
vn -0.9992 0.0250 0.0325
vn -0.9712 -0.0063 -0.2381
vn -0.9602 -0.0314 0.2775
vn -0.3359 -0.0873 0.9378
vn 0.8757 -0.0379 0.4814
vn 0.4982 -0.0844 0.8629
vn 0.9283 0.0057 0.3718
vn 0.6799 0.0498 0.7316
vn -0.0122 0.0918 0.9957
vn -0.7971 0.0626 0.6006
vn -0.9936 0.0018 -0.1127
vn -0.8972 -0.0461 -0.4393
vn -0.9707 -0.0985 -0.2190
vn -0.9151 -0.1456 0.3759
vn -0.4073 -0.1127 0.9063
vn 0.1972 -0.0318 0.9799
vn 0.4918 0.0226 0.8704
vn 0.5615 0.0282 0.8270
vn 0.5413 0.0302 0.8403
vn 0.4179 0.0390 0.9076
vn 0.1815 0.0562 0.9818
vn -0.1286 0.0771 0.9887
vn -0.4448 0.0961 0.8904
vn -0.7141 0.1092 0.6915
vn -0.9064 0.1151 0.4065
vn -0.9922 0.1138 0.0506
vn -0.9349 0.1065 -0.3387
vn -0.7204 0.0954 -0.6870
vn -0.3941 0.0839 -0.9152
vn -0.0485 0.0755 -0.9960
vn 0.2330 0.0723 -0.9698
vn 0.4130 0.0753 -0.9076
vn 0.4946 0.0842 -0.8650
vn 0.2910 0.0850 -0.9529
vn 0.4980 0.0968 -0.8618
vn 0.2085 0.1048 -0.9724
vn 0.1385 0.1221 -0.9828
vn 0.3382 0.0919 -0.9366
vn 0.5180 0.0815 -0.8515
vn 0.7181 0.0718 -0.6922
vn 0.8927 0.0635 -0.4462
vn 0.9907 0.0588 -0.1226
vn 0.9677 0.0599 0.2449
vn 0.7959 0.0675 0.6016
vn 0.4741 0.0799 0.8768
vn 0.0437 0.0923 0.9948
vn -0.3935 0.0973 0.9142
vn -0.7133 0.0913 0.6949
vn -0.8705 0.0782 0.4859
vn -0.9077 0.0616 0.4150
vn -0.8484 0.0362 0.5281
vn -0.6348 -0.0075 0.7726
vn -0.2148 -0.0654 0.9745
vn 0.3127 -0.1092 0.9436
vn 0.7536 -0.1116 0.6477
vn 0.9770 -0.0747 0.1999
vn 0.9750 -0.0267 -0.2205
vn 0.8947 0.0058 -0.4466
vn 0.9189 0.0275 -0.3936
vn 0.9978 0.0660 -0.0087
vn 0.7753 0.1293 0.6183
vn 0.0157 0.1583 0.9873
vn -0.7788 0.1149 0.6167
vn -0.9967 0.0346 -0.0738
vn -0.9696 -0.0062 -0.2446
vn -0.9648 -0.0323 0.2609
vn -0.3774 -0.0837 0.9223
vn 0.8743 -0.0369 0.4840
vn 0.4711 -0.0815 0.8783
vn 0.9478 0.0004 0.3189
vn 0.7783 0.0410 0.6266
vn 0.1845 0.0885 0.9788
vn -0.6591 0.0725 0.7486
vn -0.9992 0.0157 0.0381
vn -0.9109 -0.0583 -0.4084
vn -0.8979 -0.0180 -0.4398
vn -0.9892 -0.1339 0.0601
vn -0.6852 -0.1382 0.7151
vn -0.0393 -0.0647 0.9971
vn 0.4001 -0.0045 0.9164
vn 0.5420 0.0287 0.8399
vn 0.5682 0.0225 0.8226
vn 0.5226 0.0298 0.8520
vn 0.3687 0.0436 0.9285
vn 0.1140 0.0623 0.9915
vn -0.1949 0.0821 0.9774
vn -0.4970 0.0985 0.8622
vn -0.7486 0.1092 0.6539
vn -0.9233 0.1132 0.3671
vn -0.9937 0.1106 0.0204
vn -0.9319 0.1028 -0.3479
vn -0.7323 0.0927 -0.6746
vn -0.4335 0.0836 -0.8973
vn -0.1088 0.0779 -0.9910
vn 0.1698 0.0770 -0.9825
vn 0.3614 0.0818 -0.9288
vn 0.4485 0.1069 -0.8874
vn 0.4608 0.0945 -0.8825
vn 0.4098 0.0898 -0.9078
vn 0.2780 0.1031 -0.9550
vn 0.5843 0.0791 -0.8077
vn 0.7688 0.0696 -0.6357
vn 0.9198 0.0613 -0.3875
vn 0.9954 0.0562 -0.0771
vn 0.9624 0.0567 0.2657
vn 0.7996 0.0636 0.5972
vn 0.5040 0.0755 0.8604
vn 0.1038 0.0889 0.9906
vn -0.3229 0.0976 0.9414
vn -0.6630 0.0959 0.7424
vn -0.8518 0.0853 0.5168
vn -0.9155 0.0705 0.3960
vn -0.8942 0.0499 0.4449
vn -0.7581 0.0145 0.6520
vn -0.4290 -0.0393 0.9024
vn 0.0802 -0.0932 0.9924
vn 0.5939 -0.1147 0.7964
vn 0.9195 -0.0923 0.3820
vn 0.9964 -0.0464 -0.0703
vn 0.9217 -0.0075 -0.3878
vn 0.8773 0.0145 -0.4798
vn 0.9519 0.0356 -0.3044
vn 0.9820 0.0829 0.1700
vn 0.6230 0.1431 0.7691
vn -0.1953 0.1527 0.9688
vn -0.8657 0.0770 0.4946
vn -0.9870 0.0106 -0.1601
vn -0.9684 -0.0074 -0.2495
vn -0.9687 -0.0326 0.2461
vn -0.4163 -0.0808 0.9056
vn 0.4426 -0.0828 0.8929
vn 0.9600 -0.0010 0.2799
vn 0.8703 -0.0393 0.4910
vn 0.8513 0.0346 0.5235
vn 0.3646 0.0831 0.9274
vn -0.4922 0.0810 0.8667
vn -0.9786 0.0258 0.2040
vn -0.9280 -0.0252 -0.3718
vn -0.8574 -0.0558 -0.5116
vn -0.9705 -0.1085 -0.2152
vn -0.8899 -0.1475 0.4317
vn -0.3331 -0.1011 0.9374
vn 0.2511 -0.0291 0.9675
vn 0.4957 0.0251 0.8681
vn 0.5589 0.0145 0.8291
vn 0.5740 0.0226 0.8186
vn 0.4968 0.0336 0.8672
vn 0.3152 0.0492 0.9477
vn 0.0472 0.0679 0.9966
vn -0.2576 0.0860 0.9624
vn -0.5454 0.1004 0.8322
vn -0.7802 0.1092 0.6160
vn -0.9379 0.1115 0.3285
vn -0.9942 0.1076 -0.0086
vn -0.9288 0.0994 -0.3570
vn -0.7428 0.0900 -0.6635
vn -0.4694 0.0825 -0.8791
vn -0.1669 0.0786 -0.9828
vn 0.1033 0.0793 -0.9915
vn 0.4857 0.1142 -0.8667
vn 0.2988 0.0862 -0.9504
vn 0.6423 0.0758 -0.7627
vn 0.4770 0.0851 -0.8748
vn 0.8109 0.0676 -0.5813
vn 0.9410 0.0597 -0.3331
vn 0.9979 0.0542 -0.0357
vn 0.9572 0.0538 0.2845
vn 0.8029 0.0600 0.5931
vn 0.5305 0.0715 0.8446
vn 0.1591 0.0854 0.9836
vn -0.2525 0.0965 0.9628
vn -0.6063 0.0991 0.7890
vn -0.8253 0.0917 0.5572
vn -0.9148 0.0788 0.3963
vn -0.9206 0.0617 0.3857
vn -0.8414 0.0337 0.5394
vn -0.6058 -0.0132 0.7955
vn -0.1602 -0.0713 0.9845
vn 0.3904 -0.1102 0.9140
vn 0.8198 -0.1052 0.5629
vn 0.9929 -0.0660 0.0988
vn 0.9584 -0.0227 -0.2845
vn 0.8771 0.0043 -0.4802
vn 0.8896 0.0198 -0.4564
vn 0.9826 0.0460 -0.1797
vn 0.9317 0.1004 0.3490
vn 0.4466 0.1531 0.8815
vn -0.3845 0.1433 0.9119
vn -0.9294 0.0627 0.3636
vn -0.9771 0.0052 -0.2129
vn -0.9679 -0.0076 -0.2512
vn -0.9721 -0.0322 0.2325
vn -0.4529 -0.0785 0.8881
vn 0.4109 -0.0824 0.9080
vn 0.9680 -0.0004 0.2510
vn 0.8658 -0.0396 0.4988
vn 0.9070 0.0486 0.4184
vn 0.5058 0.0878 0.8581
vn -0.3042 0.0870 0.9486
vn -0.9267 0.0391 0.3738
vn -0.9610 -0.0164 -0.2761
vn -0.8351 -0.0519 -0.5477
vn -0.9072 -0.0901 -0.4110
vn -0.9835 -0.1405 0.1136
vn -0.6287 -0.1322 0.7663
vn 0.0314 -0.0507 0.9982
vn 0.4158 -0.0068 0.9095
vn 0.5308 0.0125 0.8474
vn 0.5814 0.0191 0.8134
vn 0.5693 0.0266 0.8217
vn 0.4625 0.0387 0.8858
vn 0.2578 0.0548 0.9647
vn -0.0187 0.0727 0.9972
vn -0.3166 0.0892 0.9444
vn -0.5899 0.1020 0.8010
vn -0.8089 0.1092 0.5778
vn -0.9505 0.1098 0.2905
vn -0.9938 0.1047 -0.0362
vn -0.9258 0.0964 -0.3656
vn -0.7518 0.0879 -0.6535
vn -0.5009 0.0816 -0.8617
vn -0.2196 0.0783 -0.9724
vn 0.4074 0.1010 -0.9076
vn 0.0387 0.0785 -0.9962
vn 0.8451 0.0663 -0.5305
vn 0.6911 0.0740 -0.7190
vn 0.9575 0.0587 -0.2824
vn 0.9986 0.0525 0.0029
vn 0.9519 0.0511 0.3022
vn 0.8058 0.0565 0.5895
vn 0.5545 0.0678 0.8294
vn 0.2097 0.0820 0.9743
vn -0.1839 0.0947 0.9784
vn -0.5445 0.1009 0.8327
vn -0.7909 0.0972 0.6041
vn -0.9068 0.0864 0.4126
vn -0.9342 0.0718 0.3495
vn -0.8941 0.0500 0.4452
vn -0.7386 0.0114 0.6741
vn -0.3843 -0.0453 0.9221
vn 0.1535 -0.0977 0.9833
vn 0.6717 -0.1123 0.7323
vn 0.9560 -0.0841 0.2812
vn 0.9877 -0.0398 -0.1512
vn 0.9041 -0.0063 -0.4272
vn 0.8595 0.0104 -0.5110
vn 0.9202 0.0243 -0.3908
vn 0.9977 0.0588 -0.0341
vn 0.8480 0.1175 0.5168
vn 0.2569 0.1588 0.9533
vn -0.5463 0.1309 0.8273
vn -0.9686 0.0504 0.2433
vn -0.9675 0.0026 -0.2529
vn -0.9679 -0.0069 -0.2511
vn -0.9759 -0.0346 0.2157
vn -0.4843 -0.0805 0.8712
vn 0.3779 -0.0823 0.9222
vn 0.9734 -0.0013 0.2292
vn 0.8600 -0.0399 0.5087
vn 0.9457 0.0280 0.3238
vn 0.6301 0.0588 0.7743
vn -0.1048 0.0914 0.9903
vn -0.8409 0.0524 0.5387
vn -0.9881 -0.0089 -0.1533
vn -0.8407 -0.0676 -0.5373
vn -0.8431 -0.0407 -0.5361
vn -0.9773 -0.1222 -0.1730
vn -0.8558 -0.1469 0.4959
vn -0.2593 -0.0915 0.9615
vn 0.2836 -0.0337 0.9583
vn 0.4899 0.0211 0.8715
vn 0.5584 0.0129 0.8295
vn 0.5956 0.0227 0.8029
vn 0.5546 0.0321 0.8315
vn 0.4204 0.0444 0.9063
vn 0.1971 0.0600 0.9785
vn -0.0826 0.0766 0.9936
vn -0.3713 0.0919 0.9240
vn -0.6310 0.1035 0.7689
vn -0.8350 0.1091 0.5393
vn -0.9613 0.1079 0.2533
vn -0.9929 0.1017 -0.0622
vn -0.9230 0.0935 -0.3732
vn -0.7603 0.0863 -0.6438
vn -0.5283 0.0815 -0.8451
vn 0.2307 0.0843 -0.9694
vn -0.2644 0.0783 -0.9612
vn 0.9704 0.0580 -0.2345
vn 0.8735 0.0663 -0.4824
vn 0.9979 0.0510 0.0403
vn 0.9463 0.0483 0.3196
vn 0.8083 0.0529 0.5864
vn 0.5766 0.0641 0.8145
vn 0.2563 0.0788 0.9634
vn -0.1186 0.0925 0.9886
vn -0.4796 0.1011 0.8717
vn -0.7487 0.1016 0.6551
vn -0.8919 0.0936 0.4424
vn -0.9392 0.0810 0.3337
vn -0.9254 0.0635 0.3736
vn -0.8301 0.0336 0.5566
vn -0.5731 -0.0174 0.8193
vn -0.0970 -0.0776 0.9923
vn 0.4741 -0.1122 0.8733
vn 0.8769 -0.0992 0.4704
vn 0.9983 -0.0577 0.0052
vn 0.9409 -0.0189 -0.3382
vn 0.8634 0.0026 -0.5044
vn 0.8687 0.0128 -0.4951
vn 0.9548 0.0303 -0.2956
vn 0.9900 0.0737 0.1204
vn 0.7344 0.1332 0.6656
vn 0.0629 0.1596 0.9852
vn -0.6651 0.1296 0.7354
vn -0.9906 0.0582 0.1239
vn -0.9592 0.0033 -0.2828
vn -0.9681 -0.0048 -0.2504
vn -0.5147 -0.0750 0.8541
vn -0.9796 -0.0290 0.1989
vn 0.3441 -0.0824 0.9353
vn 0.8530 -0.0401 0.5204
vn 0.9655 0.0208 0.2596
vn 0.9763 -0.0027 0.2163
vn 0.7385 0.0505 0.6724
vn 0.0942 0.0925 0.9912
vn -0.7215 0.0661 0.6892
vn -0.9999 0.0011 -0.0133
vn -0.8742 -0.0440 -0.4835
vn -0.7935 -0.0756 -0.6038
vn -0.9193 -0.1064 -0.3789
vn -0.9727 -0.1456 0.1805
vn -0.5659 -0.1253 0.8149
vn 0.0809 -0.0476 0.9956
vn 0.4192 -0.0012 0.9079
vn 0.5237 0.0124 0.8518
vn 0.5875 0.0219 0.8089
vn 0.5986 0.0292 0.8005
vn 0.5297 0.0381 0.8473
vn 0.3711 0.0499 0.9272
vn 0.1347 0.0643 0.9888
vn -0.1432 0.0800 0.9865
vn -0.4218 0.0947 0.9017
vn -0.6691 0.1051 0.7357
vn -0.8590 0.1088 0.5003
vn -0.9705 0.1058 0.2167
vn -0.9914 0.0984 -0.0866
vn -0.9209 0.0906 -0.3791
vn -0.7690 0.0852 -0.6336
vn -0.0178 0.0779 -0.9968
vn -0.5529 0.0819 -0.8292
vn 0.9958 0.0496 0.0774
vn 0.9804 0.0584 -0.1883
vn 0.9402 0.0454 0.3376
vn 0.8104 0.0490 0.5838
vn 0.5974 0.0603 0.7996
vn 0.2999 0.0758 0.9510
vn -0.0571 0.0905 0.9943
vn -0.4142 0.1004 0.9046
vn -0.6994 0.1040 0.7071
vn -0.8694 0.1001 0.4838
vn -0.9375 0.0901 0.3362
vn -0.9429 0.0755 0.3243
vn -0.8888 0.0525 0.4553
vn -0.7168 0.0104 0.6972
vn -0.3360 -0.0514 0.9405
vn 0.2346 -0.1034 0.9666
vn 0.7472 -0.1101 0.6554
vn 0.9807 -0.0754 0.1806
vn 0.9747 -0.0333 -0.2211
vn 0.8893 -0.0059 -0.4574
vn 0.8481 0.0056 -0.5298
vn 0.8952 0.0141 -0.4455
vn 0.9826 0.0389 -0.1819
vn 0.9570 0.0903 0.2757
vn 0.5954 0.1466 0.7899
vn -0.1261 0.1570 0.9795
vn -0.7644 0.0956 0.6376
vn -0.9992 0.0335 0.0217
vn -0.9522 0.0049 -0.3053
vn -0.9681 -0.0021 -0.2504
vn -0.5465 -0.0737 0.8342
vn -0.9824 -0.0273 0.1846
vn 0.3100 -0.0828 0.9471
vn 0.8448 -0.0403 0.5336
vn 0.9778 0.0173 0.2090
vn 0.9776 -0.0033 0.2105
vn 0.8287 0.0668 0.5558
vn 0.2608 0.1044 0.9597
vn -0.5703 0.0781 0.8177
vn -0.9903 0.0141 0.1381
vn -0.9113 -0.0404 -0.4098
vn -0.8476 -0.0779 -0.5250
vn -0.7793 -0.0585 -0.6239
vn -0.9848 -0.1308 -0.1142
vn -0.8135 -0.1479 0.5625
vn -0.1925 -0.0820 0.9779
vn 0.3031 -0.0268 0.9526
vn 0.4822 0.0190 0.8759
vn 0.5570 0.0201 0.8303
vn 0.6059 0.0291 0.7950
vn 0.5906 0.0362 0.8061
vn 0.4951 0.0440 0.8677
vn 0.3162 0.0545 0.9471
vn 0.0731 0.0677 0.9950
vn -0.1995 0.0832 0.9764
vn -0.4687 0.0975 0.8779
vn -0.7049 0.1066 0.7013
vn -0.8810 0.1084 0.4605
vn -0.9782 0.1033 0.1804
vn -0.9895 0.0947 -0.1094
vn -0.9198 0.0875 -0.3825
vn -0.3028 0.0801 -0.9497
vn -0.7787 0.0842 -0.6217
vn 0.9330 0.0418 0.3574
vn 0.9920 0.0485 0.1164
vn 0.8123 0.0445 0.5816
vn 0.6177 0.0563 0.7844
vn 0.3415 0.0729 0.9370
vn 0.0011 0.0887 0.9961
vn -0.3507 0.0995 0.9312
vn -0.6456 0.1046 0.7564
vn -0.8385 0.1050 0.5348
vn -0.9290 0.0994 0.3566
vn -0.9514 0.0877 0.2954
vn -0.9242 0.0685 0.3757
vn -0.8162 0.0381 0.5765
vn -0.5407 -0.0216 0.8409
vn -0.0283 -0.0850 0.9960
vn 0.5619 -0.1145 0.8192
vn 0.9245 -0.0921 0.3698
vn 0.9956 -0.0489 -0.0802
vn 0.9249 -0.0161 -0.3800
vn 0.8548 -0.0008 -0.5189
vn 0.8558 0.0047 -0.5173
vn 0.9275 0.0165 -0.3734
vn 0.9971 0.0506 -0.0577
vn 0.8981 0.1076 0.4265
vn 0.4370 0.1568 0.8857
vn -0.3005 0.1505 0.9418
vn -0.8462 0.0830 0.5263
vn -0.9985 0.0255 -0.0476
vn -0.9473 0.0060 -0.3204
vn -0.9679 0.0003 -0.2512
vn -0.5798 -0.0686 0.8119
vn -0.9847 -0.0222 0.1727
vn 0.2756 -0.0834 0.9576
vn 0.8357 -0.0406 0.5476
vn 0.9858 0.0150 0.1673
vn 0.9778 -0.0036 0.2094
vn 0.8958 0.0423 0.4425
vn 0.4202 0.0717 0.9046
vn -0.3906 0.0891 0.9163
vn -0.9547 0.0293 0.2962
vn -0.9468 -0.0374 -0.3196
vn -0.7856 -0.0924 -0.6118
vn -0.7973 -0.0664 -0.6000
vn -0.9359 -0.1221 -0.3306
vn -0.9556 -0.1508 0.2533
vn -0.4979 -0.1189 0.8590
vn 0.1225 -0.0441 0.9915
vn 0.4205 0.0108 0.9072
vn 0.5187 0.0166 0.8548
vn 0.5892 0.0291 0.8075
vn 0.6136 0.0372 0.7888
vn 0.5713 0.0431 0.8196
vn 0.4512 0.0492 0.8911
vn 0.2582 0.0578 0.9644
vn 0.0147 0.0707 0.9974
vn -0.2516 0.0864 0.9640
vn -0.5127 0.1002 0.8527
vn -0.7385 0.1080 0.6655
vn -0.9014 0.1077 0.4194
vn -0.9845 0.1003 0.1437
vn -0.9873 0.0904 -0.1304
vn -0.5761 0.0838 -0.8131
vn -0.9202 0.0840 -0.3823
vn 0.8138 0.0386 0.5799
vn 0.9232 0.0384 0.3824
vn 0.6385 0.0517 0.7679
vn 0.3820 0.0699 0.9215
vn 0.0564 0.0870 0.9946
vn -0.2899 0.0987 0.9520
vn -0.5906 0.1042 0.8002
vn -0.7998 0.1069 0.5906
vn -0.9118 0.1082 0.3961
vn -0.9517 0.1029 0.2893
vn -0.9452 0.0866 0.3149
vn -0.8807 0.0572 0.4702
vn -0.6973 0.0099 0.7167
vn -0.2880 -0.0569 0.9560
vn 0.3239 -0.1102 0.9396
vn 0.8190 -0.1060 0.5639
vn 0.9945 -0.0653 0.0818
vn 0.9604 -0.0274 -0.2774
vn 0.8800 -0.0084 -0.4749
vn 0.8434 -0.0028 -0.5372
vn 0.8775 0.0023 -0.4796
vn 0.9575 0.0218 -0.2877
vn 0.9952 0.0651 0.0727
vn 0.8133 0.1246 0.5684
vn 0.2665 0.1629 0.9500
vn -0.4546 0.1409 0.8795
vn -0.9054 0.0712 0.4186
vn -0.9944 0.0190 -0.1037
vn -0.9443 0.0064 -0.3291
vn -0.9673 0.0019 -0.2534
vn -0.9867 -0.0250 0.1607
vn -0.6114 -0.0709 0.7882
vn 0.2409 -0.0843 0.9669
vn 0.8264 -0.0410 0.5616
vn 0.9776 -0.0006 0.2107
vn 0.9325 0.0336 0.3596
vn 0.9903 0.0152 0.1383
vn 0.5686 0.0652 0.8200
vn -0.1922 0.0968 0.9766
vn -0.8883 0.0467 0.4568
vn -0.9758 -0.0297 -0.2167
vn -0.8233 -0.0717 -0.5631
vn -0.8689 -0.0921 -0.4864
vn -0.7531 -0.0814 -0.6528
vn -0.9895 -0.1374 -0.0461
vn -0.7639 -0.1481 0.6282
vn -0.1279 -0.0713 0.9892
vn 0.3180 -0.0153 0.9480
vn 0.4760 0.0206 0.8792
vn 0.5573 0.0303 0.8298
vn 0.6102 0.0399 0.7913
vn 0.6088 0.0471 0.7919
vn 0.5396 0.0498 0.8405
vn 0.4000 0.0524 0.9150
vn 0.2010 0.0600 0.9777
vn -0.0394 0.0736 0.9965
vn -0.2999 0.0894 0.9498
vn -0.5538 0.1027 0.8263
vn -0.7701 0.1092 0.6285
vn -0.9201 0.1067 0.3768
vn -0.9897 0.0965 0.1059
vn -0.7906 0.0840 -0.6065
vn -0.9851 0.0846 -0.1496
vn 0.6623 0.0468 0.7478
vn 0.8148 0.0336 0.5788
vn 0.4232 0.0670 0.9035
vn 0.1097 0.0860 0.9902
vn -0.2314 0.0986 0.9678
vn -0.5359 0.1045 0.8378
vn -0.7568 0.1073 0.6448
vn -0.8855 0.1120 0.4509
vn -0.9428 0.1173 0.3121
vn -0.9546 0.1100 0.2770
vn -0.9220 0.0791 0.3789
vn -0.8059 0.0446 0.5903
vn -0.5129 -0.0283 0.8580
vn 0.0468 -0.0947 0.9944
vn 0.6538 -0.1151 0.7478
vn 0.9614 -0.0829 0.2625
vn 0.9873 -0.0404 -0.1534
vn 0.9143 -0.0160 -0.4046
vn 0.8544 -0.0099 -0.5195
vn 0.8497 -0.0092 -0.5271
vn 0.9038 0.0015 -0.4280
vn 0.9806 0.0308 -0.1934
vn 0.9749 0.0816 0.2073
vn 0.7039 0.1400 0.6963
vn 0.0917 0.1650 0.9820
vn -0.5857 0.1289 0.8002
vn -0.9461 0.0609 0.3182
vn -0.9886 0.0135 -0.1497
vn -0.9668 0.0039 -0.2556
vn -0.9429 0.0058 -0.3329
vn -0.9891 -0.0226 0.1455
vn -0.6391 -0.0693 0.7660
vn 0.2057 -0.0854 0.9749
vn 0.8171 -0.0417 0.5750
vn 0.9773 0.0016 0.2120
vn 0.9567 0.0242 0.2901
vn 0.9924 0.0145 0.1225
vn 0.6897 0.0566 0.7219
vn 0.0129 0.0999 0.9949
vn -0.7872 0.0654 0.6132
vn -0.9947 -0.0190 -0.1014
vn -0.8531 -0.0747 -0.5164
vn -0.8037 -0.1029 -0.5861
vn -0.7562 -0.0880 -0.6484
vn -0.9532 -0.1303 -0.2728
vn -0.9327 -0.1555 0.3255
vn -0.4233 -0.1153 0.8986
vn 0.1609 -0.0308 0.9865
vn 0.4176 0.0184 0.9084
vn 0.5186 0.0242 0.8547
vn 0.5918 0.0420 0.8050
vn 0.6192 0.0548 0.7833
vn 0.5881 0.0569 0.8068
vn 0.4959 0.0539 0.8667
vn 0.3459 0.0549 0.9367
vn 0.1463 0.0634 0.9872
vn -0.0907 0.0773 0.9929
vn -0.3458 0.0930 0.9337
vn -0.5928 0.1058 0.7984
vn -0.7999 0.1111 0.5897
vn -0.9378 0.1057 0.3308
vn -0.9236 0.0810 -0.3747
vn -0.9937 0.0922 0.0636
vn 0.7408 0.1067 -0.6632
vn 0.8409 0.1130 -0.5293
vn 0.7954 0.0921 -0.5990
vn 0.5902 0.1411 -0.7948
vn 0.3806 0.1475 -0.9129
vn 0.1376 0.1370 -0.9810
vn -0.1125 0.1213 -0.9862
vn -0.3461 0.1056 -0.9322
vn -0.5438 0.0927 -0.8341
vn -0.6920 0.0850 -0.7168
vn -0.7854 0.0834 -0.6133
vn -0.8251 0.0814 -0.5591
vn -0.8121 0.0612 -0.5803
vn -0.7398 0.0205 -0.6725
vn -0.6065 -0.0206 -0.7948
vn -0.3588 -0.0991 -0.9281
vn 0.1629 -0.2177 -0.9623
vn 0.7730 -0.2596 -0.5789
vn 0.9905 -0.1340 -0.0315
vn 0.9289 -0.0717 0.3632
vn 0.8801 -0.0641 0.4705
vn 0.8809 -0.0654 0.4688
vn 0.9096 -0.0548 0.4119
vn 0.9696 -0.0178 0.2440
vn 0.9922 0.0577 -0.1101
vn 0.7559 0.1562 -0.6358
vn 0.0925 0.2097 -0.9734
vn -0.6143 0.1291 -0.7784
vn -0.9725 0.0419 -0.2292
vn -0.9784 0.0233 0.2055
vn -0.9913 0.0163 0.1306
vn -0.9997 0.0060 -0.0241
vn -0.8019 -0.0411 -0.5961
vn 0.7224 -0.0555 -0.6892
vn -0.0445 -0.0752 -0.9962
vn 0.9773 -0.0138 -0.2112
vn 1.0000 0.0062 -0.0073
vn 0.9271 0.0260 -0.3739
vn 0.9983 0.0027 -0.0580
vn 0.5148 0.1088 -0.8504
vn -0.1821 0.1854 -0.9657
vn -0.7700 0.1447 -0.6214
vn -0.9792 0.0784 -0.1872
vn -0.9960 0.0368 0.0813
vn -0.9780 0.0241 0.2072
vn -0.9671 0.0239 0.2534
vn -0.9688 0.0205 0.2471
vn -0.9816 0.0039 0.1908
vn -0.9970 -0.0340 0.0700
vn -0.9840 -0.1016 -0.1463
vn -0.8525 -0.2012 -0.4825
vn -0.4482 -0.2941 -0.8442
vn 0.1900 -0.2850 -0.9395
vn 0.6859 -0.1893 -0.7026
vn 0.9304 -0.1036 -0.3515
vn 0.9989 -0.0328 0.0341
vn 0.9359 0.0595 0.3471
vn 0.8592 0.1354 0.4934
vn 0.8576 0.1526 0.4912
vn 0.9113 0.1453 0.3851
vn 0.9696 0.1437 0.1979
vn 0.9874 0.1479 -0.0556
vn 0.9271 0.1497 -0.3437
vn 0.7806 0.1369 -0.6099
vn 0.4990 0.0502 -0.8652
vn 0.5943 0.0957 -0.7985
vn 0.3938 0.0937 -0.9144
vn 0.1308 0.1342 -0.9823
vn -0.1903 0.1489 -0.9704
vn -0.5023 0.1507 -0.8514
vn -0.7531 0.1479 -0.6411
vn -0.9152 0.1420 -0.3772
vn -0.9857 0.1329 -0.1036
vn -0.9826 0.1213 0.1408
vn -0.9372 0.1086 0.3316
vn -0.8822 0.0964 0.4609
vn -0.8422 0.0845 0.5325
vn -0.8290 0.0701 0.5548
vn -0.8440 0.0505 0.5340
vn -0.8962 0.0105 0.4435
vn -0.9880 -0.1533 0.0196
vn -0.6826 -0.2347 -0.6921
vn -0.0661 -0.0892 -0.9938
vn 0.4047 -0.0045 -0.9144
vn 0.5025 -0.0101 -0.8645
vn 0.5943 0.0108 -0.8042
vn 0.5555 0.0082 -0.8315
vn 0.3647 0.0526 -0.9297
vn -0.0126 0.1265 -0.9919
vn -0.4829 0.1852 -0.8559
vn -0.8525 0.2123 -0.4778
vn -0.9758 0.2106 0.0590
vn -0.7898 0.1556 0.5932
vn -0.3018 0.0823 0.9498
vn 0.1692 0.0362 0.9849
vn 0.4126 0.0191 0.9107
vn 0.4018 0.0169 0.9156
vn 0.1442 0.0333 0.9890
vn -0.1839 0.0034 0.9829
vn -0.7784 -0.1564 0.6080
vn -0.9148 -0.1002 -0.3914
vn -0.5708 0.0052 -0.8211
vn -0.5765 0.0060 -0.8170
vn -0.8141 0.0314 -0.5799
vn -0.9956 0.0608 0.0718
vn -0.6306 0.0253 0.7757
vn -0.0730 -0.0274 0.9970
vn 0.2285 -0.0547 0.9720
vn 0.3093 -0.0594 0.9491
vn 0.0254 -0.1142 0.9931
vn -0.3613 -0.2571 0.8963
vn -0.8235 -0.3637 0.4355
vn -0.9098 -0.2926 -0.2943
vn -0.6540 -0.1252 -0.7460
vn -0.4511 -0.0612 -0.8904
vn -0.2877 -0.0304 -0.9572
vn -0.0474 -0.0091 -0.9988
vn 0.2206 0.0317 -0.9749
vn 0.4119 0.0843 -0.9073
vn 0.4822 0.1175 -0.8682
vn 0.4408 0.1161 -0.8901
vn 0.3075 0.1134 -0.9448
vn 0.0972 0.1221 -0.9877
vn -0.1685 0.1381 -0.9760
vn -0.4501 0.1541 -0.8796
vn -0.6963 0.1625 -0.6991
vn -0.8684 0.1519 -0.4721
vn -0.9829 0.0799 -0.1657
vn -0.9585 0.1104 -0.2628
vn -0.9909 0.1134 -0.0721
vn -0.9727 0.1639 0.1645
vn -0.8809 0.1821 0.4368
vn -0.7093 0.1782 0.6820
vn -0.4810 0.1628 0.8615
vn -0.2290 0.1414 0.9631
vn 0.0172 0.1184 0.9928
vn 0.2353 0.0972 0.9670
vn 0.4103 0.0809 0.9083
vn 0.5344 0.0717 0.8422
vn 0.6043 0.0674 0.7939
vn 0.6189 0.0577 0.7833
vn 0.5789 0.0340 0.8147
vn 0.4973 0.0078 0.8675
vn 0.3744 -0.0316 0.9267
vn 0.0542 -0.1178 0.9916
vn -0.5637 -0.2554 0.7855
vn -0.9613 -0.2429 0.1301
vn -0.9117 -0.1256 -0.3911
vn -0.7667 -0.0831 -0.6366
vn -0.7654 -0.0888 -0.6374
vn -0.8733 -0.0581 -0.4837
vn -0.9993 0.0314 -0.0220
vn -0.6997 0.1449 0.6996
vn 0.1463 0.1632 0.9757
vn 0.7597 0.0668 0.6468
vn 0.9690 0.0100 0.2467
vn 0.9931 0.0134 0.1165
vn 0.9770 0.0026 0.2132
vn 0.8106 -0.0461 0.5838
vn 0.1795 -0.0969 0.9790
vn -0.6588 -0.0780 0.7483
vn -0.9908 -0.0237 0.1334
vn -0.9665 0.0052 -0.2565
vn -0.9427 0.0049 -0.3336
vn -0.9838 0.0029 -0.1792
vn -0.9664 0.0628 0.2494
vn -0.6608 0.1604 0.7332
vn -0.0240 0.2157 0.9762
vn 0.6173 0.2012 0.7606
vn 0.9471 0.1379 0.2899
vn 0.9887 0.0710 -0.1318
vn 0.9193 0.0217 -0.3931
vn 0.8579 -0.0035 -0.5138
vn 0.8472 -0.0125 -0.5311
vn 0.8897 -0.0275 -0.4558
vn 0.9621 -0.0669 -0.2642
vn 0.9867 -0.1365 0.0887
vn 0.7859 -0.2165 0.5792
vn 0.2340 -0.2378 0.9427
vn -0.3866 -0.1478 0.9103
vn -0.7513 -0.0311 0.6593
vn -0.9048 0.0372 0.4241
vn -0.9530 0.1053 0.2842
vn -0.9502 0.1285 0.2839
vn -0.9116 0.1367 0.3878
vn -0.8161 0.1484 0.5586
vn -0.6373 0.1624 0.7533
vn -0.3671 0.1719 0.9142
vn -0.0348 0.1712 0.9846
vn 0.2995 0.1576 0.9410
vn 0.5746 0.1254 0.8088
vn 0.7541 0.0671 0.6533
vn 0.8661 0.0636 0.4959
vn 0.8150 0.0396 0.5781
vn 0.9538 0.1111 0.2791
vn 0.9914 0.1303 -0.0100
vn 0.9387 0.1336 -0.3179
vn 0.7967 0.1311 -0.5900
vn 0.5997 0.1268 -0.7901
vn 0.3949 0.1242 -0.9103
vn 0.2231 0.1276 -0.9664
vn 0.1179 0.1344 -0.9839
vn 0.1253 0.1134 -0.9856
vn 0.3110 0.0178 -0.9503
vn 0.6347 -0.0896 -0.7675
vn 0.9320 -0.2424 -0.2696
vn 0.8360 -0.2785 0.4727
vn 0.3418 -0.1785 0.9227
vn -0.1048 -0.0711 0.9919
vn -0.3631 -0.0046 0.9317
vn -0.4859 0.0259 0.8736
vn -0.5233 0.0348 0.8515
vn -0.4923 0.0398 0.8695
vn -0.3847 0.0569 0.9213
vn -0.1750 0.0912 0.9803
vn 0.1623 0.1398 0.9768
vn 0.5950 0.1924 0.7803
vn 0.9347 0.2164 0.2820
vn 0.9087 0.1760 -0.3786
vn 0.5386 0.0746 -0.8393
vn 0.1025 0.0025 -0.9947
vn -0.0805 -0.0019 -0.9968
vn 0.0070 -0.0052 -1.0000
vn 0.4244 -0.0325 -0.9049
vn 0.9237 -0.0614 -0.3781
vn 0.9002 -0.0469 0.4330
vn 0.5091 -0.0075 0.8607
vn 0.3433 0.0103 0.9392
vn 0.5399 0.0142 0.8416
vn 0.9433 0.0692 0.3246
vn 0.8641 0.1083 -0.4915
vn 0.2907 0.0438 -0.9558
vn -0.1439 -0.0151 -0.9895
vn -0.3170 -0.0367 -0.9477
vn -0.3473 -0.0337 -0.9371
vn -0.3076 -0.0312 -0.9510
vn -0.1462 -0.0503 -0.9880
vn 0.2711 -0.1525 -0.9504
vn 0.7505 -0.3082 -0.5846
vn 0.9486 -0.2730 0.1602
vn 0.7278 -0.0972 0.6789
vn 0.5422 -0.0228 0.8400
vn 0.3571 -0.0407 0.9332
vn 0.0463 -0.0073 0.9989
vn -0.2291 0.0567 0.9717
vn -0.3492 0.1112 0.9304
vn -0.3056 0.1209 0.9445
vn -0.1396 0.1236 0.9825
vn 0.1093 0.1367 0.9846
vn 0.3949 0.1546 0.9056
vn 0.6602 0.1704 0.7316
vn 0.8570 0.1816 0.4823
vn 0.9629 0.1868 0.1946
vn 0.9787 0.1828 -0.0931
vn 0.9247 0.1606 -0.3452
vn 0.4985 0.0853 -0.8627
vn 0.5619 0.0161 -0.8270
vn 0.4169 0.0171 0.9088
vn -0.5314 0.0144 -0.8470
vn 0.2710 -0.0596 0.9607
vn -0.9812 0.0895 -0.1712
vt 0.031250 0.015625
vt 0.015625 0.031250
vt 0.015625 0.015625
vt 0.046875 0.015625
vt 0.031250 0.031250
vt 0.062500 0.015625
vt 0.046875 0.031250
vt 0.078125 0.015625
vt 0.062500 0.031250
vt 0.093750 0.015625
vt 0.078125 0.031250
vt 0.109375 0.015625
vt 0.093750 0.031250
vt 0.125000 0.015625
vt 0.109375 0.031250
vt 0.140625 0.015625
vt 0.125000 0.031250
vt 0.156250 0.015625
vt 0.140625 0.031250
vt 0.171875 0.015625
vt 0.156250 0.031250
vt 0.187500 0.015625
vt 0.171875 0.031250
vt 0.203125 0.015625
vt 0.187500 0.031250
vt 0.218750 0.015625
vt 0.203125 0.031250
vt 0.234375 0.015625
vt 0.218750 0.031250
vt 0.250000 0.015625
vt 0.234375 0.031250
vt 0.265625 0.015625
vt 0.250000 0.031250
vt 0.281250 0.015625
vt 0.265625 0.031250
vt 0.296875 0.015625
vt 0.281250 0.031250
vt 0.312500 0.031250
vt 0.296875 0.031250
vt 0.328125 0.015625
vt 0.312500 0.015625
vt 0.343750 0.015625
vt 0.328125 0.031250
vt 0.359375 0.015625
vt 0.343750 0.031250
vt 0.375000 0.015625
vt 0.359375 0.031250
vt 0.390625 0.015625
vt 0.375000 0.031250
vt 0.406250 0.015625
vt 0.390625 0.031250
vt 0.421875 0.015625
vt 0.406250 0.031250
vt 0.437500 0.031250
vt 0.421875 0.031250
vt 0.437500 0.015625
vt 0.453125 0.031250
vt 0.468750 0.015625
vt 0.453125 0.015625
vt 0.484375 0.015625
vt 0.468750 0.031250
vt 0.500000 0.031250
vt 0.484375 0.031250
vt 0.500000 0.015625
vt 0.515625 0.031250
vt 0.515625 0.015625
vt 0.531250 0.031250
vt 0.531250 0.015625
vt 0.546875 0.031250
vt 0.562500 0.015625
vt 0.546875 0.015625
vt 0.578125 0.015625
vt 0.562500 0.031250
vt 0.593750 0.015625
vt 0.578125 0.031250
vt 0.609375 0.031250
vt 0.593750 0.031250
vt 0.609375 0.015625
vt 0.625000 0.031250
vt 0.625000 0.015625
vt 0.640625 0.031250
vt 0.640625 0.015625
vt 0.656250 0.031250
vt 0.656250 0.015625
vt 0.671875 0.031250
vt 0.671875 0.015625
vt 0.687500 0.031250
vt 0.687500 0.015625
vt 0.703125 0.031250
vt 0.703125 0.015625
vt 0.718750 0.031250
vt 0.718750 0.015625
vt 0.734375 0.031250
vt 0.734375 0.015625
vt 0.750000 0.031250
vt 0.750000 0.015625
vt 0.765625 0.031250
vt 0.765625 0.015625
vt 0.781250 0.031250
vt 0.781250 0.015625
vt 0.796875 0.031250
vt 0.796875 0.015625
vt 0.812500 0.031250
vt 0.812500 0.015625
vt 0.828125 0.031250
vt 0.828125 0.015625
vt 0.843750 0.031250
vt 0.843750 0.015625
vt 0.859375 0.031250
vt 0.859375 0.015625
vt 0.875000 0.031250
vt 0.875000 0.015625
vt 0.890625 0.031250
vt 0.890625 0.015625
vt 0.906250 0.031250
vt 0.906250 0.015625
vt 0.921875 0.031250
vt 0.921875 0.015625
vt 0.937500 0.031250
vt 0.937500 0.015625
vt 0.953125 0.031250
vt 0.953125 0.015625
vt 0.968750 0.031250
vt 0.968750 0.015625
vt 0.984375 0.031250
vt 0.015625 0.046875
vt 0.031250 0.046875
vt 0.046875 0.046875
vt 0.062500 0.046875
vt 0.078125 0.046875
vt 0.093750 0.046875
vt 0.109375 0.046875
vt 0.125000 0.046875
vt 0.140625 0.046875
vt 0.156250 0.046875
vt 0.171875 0.046875
vt 0.187500 0.046875
vt 0.203125 0.046875
vt 0.218750 0.046875
vt 0.234375 0.046875
vt 0.250000 0.046875
vt 0.265625 0.046875
vt 0.281250 0.046875
vt 0.296875 0.046875
vt 0.312500 0.046875
vt 0.328125 0.046875
vt 0.343750 0.046875
vt 0.359375 0.046875
vt 0.375000 0.046875
vt 0.390625 0.046875
vt 0.406250 0.046875
vt 0.437500 0.046875
vt 0.421875 0.046875
vt 0.453125 0.046875
vt 0.468750 0.046875
vt 0.500000 0.046875
vt 0.484375 0.046875
vt 0.515625 0.046875
vt 0.531250 0.046875
vt 0.546875 0.046875
vt 0.562500 0.046875
vt 0.593750 0.046875
vt 0.578125 0.046875
vt 0.609375 0.046875
vt 0.625000 0.046875
vt 0.640625 0.046875
vt 0.656250 0.046875
vt 0.671875 0.046875
vt 0.687500 0.046875
vt 0.703125 0.046875
vt 0.718750 0.046875
vt 0.734375 0.046875
vt 0.750000 0.046875
vt 0.765625 0.046875
vt 0.781250 0.046875
vt 0.796875 0.046875
vt 0.812500 0.046875
vt 0.828125 0.046875
vt 0.843750 0.046875
vt 0.859375 0.046875
vt 0.875000 0.046875
vt 0.890625 0.046875
vt 0.906250 0.046875
vt 0.921875 0.046875
vt 0.937500 0.046875
vt 0.953125 0.046875
vt 0.968750 0.046875
vt 0.984375 0.046875
vt 0.015625 0.062500
vt 0.031250 0.062500
vt 0.046875 0.062500
vt 0.062500 0.062500
vt 0.078125 0.062500
vt 0.093750 0.062500
vt 0.109375 0.062500
vt 0.125000 0.062500
vt 0.140625 0.062500
vt 0.156250 0.062500
vt 0.171875 0.062500
vt 0.187500 0.062500
vt 0.203125 0.062500
vt 0.218750 0.062500
vt 0.234375 0.062500
vt 0.250000 0.062500
vt 0.265625 0.062500
vt 0.281250 0.062500
vt 0.296875 0.062500
vt 0.312500 0.062500
vt 0.328125 0.062500
vt 0.343750 0.062500
vt 0.359375 0.062500
vt 0.375000 0.062500
vt 0.390625 0.062500
vt 0.406250 0.062500
vt 0.437500 0.062500
vt 0.421875 0.062500
vt 0.453125 0.062500
vt 0.468750 0.062500
vt 0.484375 0.062500
vt 0.500000 0.062500
vt 0.515625 0.062500
vt 0.531250 0.062500
vt 0.546875 0.062500
vt 0.562500 0.062500
vt 0.593750 0.062500
vt 0.578125 0.062500
vt 0.609375 0.062500
vt 0.625000 0.062500
vt 0.640625 0.062500
vt 0.656250 0.062500
vt 0.671875 0.062500
vt 0.687500 0.062500
vt 0.703125 0.062500
vt 0.718750 0.062500
vt 0.734375 0.062500
vt 0.750000 0.062500
vt 0.765625 0.062500
vt 0.781250 0.062500
vt 0.796875 0.062500
vt 0.812500 0.062500
vt 0.828125 0.062500
vt 0.843750 0.062500
vt 0.859375 0.062500
vt 0.875000 0.062500
vt 0.890625 0.062500
vt 0.906250 0.062500
vt 0.921875 0.062500
vt 0.937500 0.062500
vt 0.953125 0.062500
vt 0.968750 0.062500
vt 0.984375 0.062500
vt 0.015625 0.078125
vt 0.031250 0.078125
vt 0.046875 0.078125
vt 0.062500 0.078125
vt 0.078125 0.078125
vt 0.093750 0.078125
vt 0.109375 0.078125
vt 0.125000 0.078125
vt 0.140625 0.078125
vt 0.156250 0.078125
vt 0.171875 0.078125
vt 0.187500 0.078125
vt 0.203125 0.078125
vt 0.218750 0.078125
vt 0.234375 0.078125
vt 0.250000 0.078125
vt 0.265625 0.078125
vt 0.281250 0.078125
vt 0.296875 0.078125
vt 0.312500 0.078125
vt 0.328125 0.078125
vt 0.343750 0.078125
vt 0.359375 0.078125
vt 0.375000 0.078125
vt 0.390625 0.078125
vt 0.406250 0.078125
vt 0.437500 0.078125
vt 0.421875 0.078125
vt 0.453125 0.078125
vt 0.468750 0.078125
vt 0.484375 0.078125
vt 0.500000 0.078125
vt 0.515625 0.078125
vt 0.531250 0.078125
vt 0.546875 0.078125
vt 0.562500 0.078125
vt 0.593750 0.078125
vt 0.578125 0.078125
vt 0.609375 0.078125
vt 0.625000 0.078125
vt 0.640625 0.078125
vt 0.656250 0.078125
vt 0.671875 0.078125
vt 0.687500 0.078125
vt 0.703125 0.078125
vt 0.718750 0.078125
vt 0.734375 0.078125
vt 0.750000 0.078125
vt 0.765625 0.078125
vt 0.781250 0.078125
vt 0.796875 0.078125
vt 0.812500 0.078125
vt 0.828125 0.078125
vt 0.843750 0.078125
vt 0.859375 0.078125
vt 0.875000 0.078125
vt 0.890625 0.078125
vt 0.906250 0.078125
vt 0.921875 0.078125
vt 0.937500 0.078125
vt 0.953125 0.078125
vt 0.968750 0.078125
vt 0.984375 0.078125
vt 0.015625 0.093750
vt 0.031250 0.093750
vt 0.046875 0.093750
vt 0.062500 0.093750
vt 0.078125 0.093750
vt 0.093750 0.093750
vt 0.109375 0.093750
vt 0.125000 0.093750
vt 0.140625 0.093750
vt 0.156250 0.093750
vt 0.171875 0.093750
vt 0.187500 0.093750
vt 0.203125 0.093750
vt 0.218750 0.093750
vt 0.234375 0.093750
vt 0.250000 0.093750
vt 0.265625 0.093750
vt 0.281250 0.093750
vt 0.296875 0.093750
vt 0.312500 0.093750
vt 0.328125 0.093750
vt 0.343750 0.093750
vt 0.359375 0.093750
vt 0.375000 0.093750
vt 0.390625 0.093750
vt 0.406250 0.093750
vt 0.437500 0.093750
vt 0.421875 0.093750
vt 0.453125 0.093750
vt 0.468750 0.093750
vt 0.484375 0.093750
vt 0.500000 0.093750
vt 0.515625 0.093750
vt 0.531250 0.093750
vt 0.546875 0.093750
vt 0.562500 0.093750
vt 0.593750 0.093750
vt 0.578125 0.093750
vt 0.609375 0.093750
vt 0.625000 0.093750
vt 0.640625 0.093750
vt 0.656250 0.093750
vt 0.671875 0.093750
vt 0.687500 0.093750
vt 0.703125 0.093750
vt 0.718750 0.093750
vt 0.734375 0.093750
vt 0.750000 0.093750
vt 0.765625 0.093750
vt 0.781250 0.093750
vt 0.796875 0.093750
vt 0.812500 0.093750
vt 0.828125 0.093750
vt 0.843750 0.093750
vt 0.859375 0.093750
vt 0.875000 0.093750
vt 0.890625 0.093750
vt 0.906250 0.093750
vt 0.921875 0.093750
vt 0.937500 0.093750
vt 0.953125 0.093750
vt 0.968750 0.093750
vt 0.984375 0.093750
vt 0.015625 0.109375
vt 0.031250 0.109375
vt 0.046875 0.109375
vt 0.062500 0.109375
vt 0.078125 0.109375
vt 0.093750 0.109375
vt 0.109375 0.109375
vt 0.125000 0.109375
vt 0.140625 0.109375
vt 0.156250 0.109375
vt 0.171875 0.109375
vt 0.187500 0.109375
vt 0.203125 0.109375
vt 0.218750 0.109375
vt 0.234375 0.109375
vt 0.250000 0.109375
vt 0.265625 0.109375
vt 0.281250 0.109375
vt 0.296875 0.109375
vt 0.312500 0.109375
vt 0.328125 0.109375
vt 0.343750 0.109375
vt 0.359375 0.109375
vt 0.375000 0.109375
vt 0.390625 0.109375
vt 0.406250 0.109375
vt 0.421875 0.109375
vt 0.453125 0.109375
vt 0.437500 0.109375
vt 0.468750 0.109375
vt 0.484375 0.109375
vt 0.500000 0.109375
vt 0.515625 0.109375
vt 0.531250 0.109375
vt 0.546875 0.109375
vt 0.578125 0.109375
vt 0.562500 0.109375
vt 0.593750 0.109375
vt 0.609375 0.109375
vt 0.625000 0.109375
vt 0.640625 0.109375
vt 0.656250 0.109375
vt 0.671875 0.109375
vt 0.687500 0.109375
vt 0.703125 0.109375
vt 0.718750 0.109375
vt 0.734375 0.109375
vt 0.750000 0.109375
vt 0.765625 0.109375
vt 0.781250 0.109375
vt 0.796875 0.109375
vt 0.812500 0.109375
vt 0.828125 0.109375
vt 0.843750 0.109375
vt 0.859375 0.109375
vt 0.875000 0.109375
vt 0.890625 0.109375
vt 0.906250 0.109375
vt 0.921875 0.109375
vt 0.937500 0.109375
vt 0.953125 0.109375
vt 0.968750 0.109375
vt 0.984375 0.109375
vt 0.015625 0.125000
vt 0.031250 0.125000
vt 0.046875 0.125000
vt 0.062500 0.125000
vt 0.078125 0.125000
vt 0.093750 0.125000
vt 0.109375 0.125000
vt 0.125000 0.125000
vt 0.140625 0.125000
vt 0.156250 0.125000
vt 0.171875 0.125000
vt 0.187500 0.125000
vt 0.203125 0.125000
vt 0.218750 0.125000
vt 0.234375 0.125000
vt 0.250000 0.125000
vt 0.265625 0.125000
vt 0.281250 0.125000
vt 0.296875 0.125000
vt 0.312500 0.125000
vt 0.328125 0.125000
vt 0.343750 0.125000
vt 0.359375 0.125000
vt 0.375000 0.125000
vt 0.390625 0.125000
vt 0.406250 0.125000
vt 0.421875 0.125000
vt 0.453125 0.125000
vt 0.437500 0.125000
vt 0.468750 0.125000
vt 0.484375 0.125000
vt 0.500000 0.125000
vt 0.515625 0.125000
vt 0.531250 0.125000
vt 0.546875 0.125000
vt 0.578125 0.125000
vt 0.562500 0.125000
vt 0.593750 0.125000
vt 0.609375 0.125000
vt 0.625000 0.125000
vt 0.640625 0.125000
vt 0.656250 0.125000
vt 0.671875 0.125000
vt 0.687500 0.125000
vt 0.703125 0.125000
vt 0.718750 0.125000
vt 0.734375 0.125000
vt 0.750000 0.125000
vt 0.765625 0.125000
vt 0.781250 0.125000
vt 0.796875 0.125000
vt 0.812500 0.125000
vt 0.828125 0.125000
vt 0.843750 0.125000
vt 0.859375 0.125000
vt 0.875000 0.125000
vt 0.890625 0.125000
vt 0.906250 0.125000
vt 0.921875 0.125000
vt 0.937500 0.125000
vt 0.953125 0.125000
vt 0.968750 0.125000
vt 0.984375 0.125000
vt 0.015625 0.140625
vt 0.031250 0.140625
vt 0.046875 0.140625
vt 0.062500 0.140625
vt 0.078125 0.140625
vt 0.093750 0.140625
vt 0.109375 0.140625
vt 0.125000 0.140625
vt 0.140625 0.140625
vt 0.156250 0.140625
vt 0.171875 0.140625
vt 0.187500 0.140625
vt 0.203125 0.140625
vt 0.218750 0.140625
vt 0.234375 0.140625
vt 0.250000 0.140625
vt 0.265625 0.140625
vt 0.281250 0.140625
vt 0.296875 0.140625
vt 0.312500 0.140625
vt 0.328125 0.140625
vt 0.343750 0.140625
vt 0.359375 0.140625
vt 0.375000 0.140625
vt 0.390625 0.140625
vt 0.406250 0.140625
vt 0.421875 0.140625
vt 0.453125 0.140625
vt 0.437500 0.140625
vt 0.468750 0.140625
vt 0.484375 0.140625
vt 0.500000 0.140625
vt 0.515625 0.140625
vt 0.531250 0.140625
vt 0.546875 0.140625
vt 0.578125 0.140625
vt 0.562500 0.140625
vt 0.593750 0.140625
vt 0.609375 0.140625
vt 0.625000 0.140625
vt 0.640625 0.140625
vt 0.656250 0.140625
vt 0.671875 0.140625
vt 0.687500 0.140625
vt 0.703125 0.140625
vt 0.718750 0.140625
vt 0.734375 0.140625
vt 0.750000 0.140625
vt 0.765625 0.140625
vt 0.781250 0.140625
vt 0.796875 0.140625
vt 0.812500 0.140625
vt 0.828125 0.140625
vt 0.843750 0.140625
vt 0.859375 0.140625
vt 0.875000 0.140625
vt 0.890625 0.140625
vt 0.906250 0.140625
vt 0.921875 0.140625
vt 0.937500 0.140625
vt 0.953125 0.140625
vt 0.968750 0.140625
vt 0.984375 0.140625
vt 0.015625 0.156250
vt 0.031250 0.156250
vt 0.046875 0.156250
vt 0.062500 0.156250
vt 0.078125 0.156250
vt 0.093750 0.156250
vt 0.109375 0.156250
vt 0.125000 0.156250
vt 0.140625 0.156250
vt 0.156250 0.156250
vt 0.171875 0.156250
vt 0.187500 0.156250
vt 0.203125 0.156250
vt 0.218750 0.156250
vt 0.234375 0.156250
vt 0.250000 0.156250
vt 0.265625 0.156250
vt 0.281250 0.156250
vt 0.296875 0.156250
vt 0.312500 0.156250
vt 0.328125 0.156250
vt 0.343750 0.156250
vt 0.359375 0.156250
vt 0.375000 0.156250
vt 0.390625 0.156250
vt 0.406250 0.156250
vt 0.421875 0.156250
vt 0.453125 0.156250
vt 0.437500 0.156250
vt 0.468750 0.156250
vt 0.484375 0.156250
vt 0.500000 0.156250
vt 0.515625 0.156250
vt 0.531250 0.156250
vt 0.546875 0.156250
vt 0.578125 0.156250
vt 0.562500 0.156250
vt 0.593750 0.156250
vt 0.609375 0.156250
vt 0.625000 0.156250
vt 0.640625 0.156250
vt 0.656250 0.156250
vt 0.671875 0.156250
vt 0.687500 0.156250
vt 0.703125 0.156250
vt 0.718750 0.156250
vt 0.734375 0.156250
vt 0.750000 0.156250
vt 0.765625 0.156250
vt 0.781250 0.156250
vt 0.796875 0.156250
vt 0.812500 0.156250
vt 0.828125 0.156250
vt 0.843750 0.156250
vt 0.859375 0.156250
vt 0.875000 0.156250
vt 0.890625 0.156250
vt 0.906250 0.156250
vt 0.921875 0.156250
vt 0.937500 0.156250
vt 0.953125 0.156250
vt 0.968750 0.156250
vt 0.984375 0.156250
vt 0.015625 0.171875
vt 0.031250 0.171875
vt 0.046875 0.171875
vt 0.062500 0.171875
vt 0.078125 0.171875
vt 0.093750 0.171875
vt 0.109375 0.171875
vt 0.125000 0.171875
vt 0.140625 0.171875
vt 0.156250 0.171875
vt 0.171875 0.171875
vt 0.187500 0.171875
vt 0.203125 0.171875
vt 0.218750 0.171875
vt 0.234375 0.171875
vt 0.250000 0.171875
vt 0.265625 0.171875
vt 0.281250 0.171875
vt 0.296875 0.171875
vt 0.312500 0.171875
vt 0.328125 0.171875
vt 0.343750 0.171875
vt 0.359375 0.171875
vt 0.375000 0.171875
vt 0.390625 0.171875
vt 0.406250 0.171875
vt 0.421875 0.171875
vt 0.437500 0.171875
vt 0.468750 0.171875
vt 0.453125 0.171875
vt 0.484375 0.171875
vt 0.500000 0.171875
vt 0.515625 0.171875
vt 0.531250 0.171875
vt 0.562500 0.171875
vt 0.546875 0.171875
vt 0.578125 0.171875
vt 0.593750 0.171875
vt 0.609375 0.171875
vt 0.625000 0.171875
vt 0.640625 0.171875
vt 0.656250 0.171875
vt 0.671875 0.171875
vt 0.687500 0.171875
vt 0.703125 0.171875
vt 0.718750 0.171875
vt 0.734375 0.171875
vt 0.750000 0.171875
vt 0.765625 0.171875
vt 0.781250 0.171875
vt 0.796875 0.171875
vt 0.812500 0.171875
vt 0.828125 0.171875
vt 0.843750 0.171875
vt 0.859375 0.171875
vt 0.875000 0.171875
vt 0.890625 0.171875
vt 0.906250 0.171875
vt 0.921875 0.171875
vt 0.937500 0.171875
vt 0.953125 0.171875
vt 0.968750 0.171875
vt 0.984375 0.171875
vt 0.015625 0.187500
vt 0.031250 0.187500
vt 0.046875 0.187500
vt 0.062500 0.187500
vt 0.078125 0.187500
vt 0.093750 0.187500
vt 0.109375 0.187500
vt 0.125000 0.187500
vt 0.140625 0.187500
vt 0.156250 0.187500
vt 0.171875 0.187500
vt 0.187500 0.187500
vt 0.203125 0.187500
vt 0.218750 0.187500
vt 0.234375 0.187500
vt 0.250000 0.187500
vt 0.265625 0.187500
vt 0.281250 0.187500
vt 0.296875 0.187500
vt 0.312500 0.187500
vt 0.328125 0.187500
vt 0.343750 0.187500
vt 0.359375 0.187500
vt 0.375000 0.187500
vt 0.390625 0.187500
vt 0.406250 0.187500
vt 0.421875 0.187500
vt 0.437500 0.187500
vt 0.468750 0.187500
vt 0.453125 0.187500
vt 0.484375 0.187500
vt 0.500000 0.187500
vt 0.515625 0.187500
vt 0.531250 0.187500
vt 0.562500 0.187500
vt 0.546875 0.187500
vt 0.578125 0.187500
vt 0.593750 0.187500
vt 0.609375 0.187500
vt 0.625000 0.187500
vt 0.640625 0.187500
vt 0.656250 0.187500
vt 0.671875 0.187500
vt 0.687500 0.187500
vt 0.703125 0.187500
vt 0.718750 0.187500
vt 0.734375 0.187500
vt 0.750000 0.187500
vt 0.765625 0.187500
vt 0.781250 0.187500
vt 0.796875 0.187500
vt 0.812500 0.187500
vt 0.828125 0.187500
vt 0.843750 0.187500
vt 0.859375 0.187500
vt 0.875000 0.187500
vt 0.890625 0.187500
vt 0.906250 0.187500
vt 0.921875 0.187500
vt 0.937500 0.187500
vt 0.953125 0.187500
vt 0.968750 0.187500
vt 0.984375 0.187500
vt 0.015625 0.203125
vt 0.031250 0.203125
vt 0.046875 0.203125
vt 0.062500 0.203125
vt 0.078125 0.203125
vt 0.093750 0.203125
vt 0.109375 0.203125
vt 0.125000 0.203125
vt 0.140625 0.203125
vt 0.156250 0.203125
vt 0.171875 0.203125
vt 0.187500 0.203125
vt 0.203125 0.203125
vt 0.218750 0.203125
vt 0.234375 0.203125
vt 0.250000 0.203125
vt 0.265625 0.203125
vt 0.281250 0.203125
vt 0.296875 0.203125
vt 0.312500 0.203125
vt 0.328125 0.203125
vt 0.343750 0.203125
vt 0.359375 0.203125
vt 0.375000 0.203125
vt 0.390625 0.203125
vt 0.406250 0.203125
vt 0.421875 0.203125
vt 0.437500 0.203125
vt 0.468750 0.203125
vt 0.453125 0.203125
vt 0.484375 0.203125
vt 0.500000 0.203125
vt 0.515625 0.203125
vt 0.531250 0.203125
vt 0.562500 0.203125
vt 0.546875 0.203125
vt 0.578125 0.203125
vt 0.593750 0.203125
vt 0.609375 0.203125
vt 0.625000 0.203125
vt 0.640625 0.203125
vt 0.656250 0.203125
vt 0.671875 0.203125
vt 0.687500 0.203125
vt 0.703125 0.203125
vt 0.718750 0.203125
vt 0.734375 0.203125
vt 0.750000 0.203125
vt 0.765625 0.203125
vt 0.781250 0.203125
vt 0.796875 0.203125
vt 0.812500 0.203125
vt 0.828125 0.203125
vt 0.843750 0.203125
vt 0.859375 0.203125
vt 0.875000 0.203125
vt 0.890625 0.203125
vt 0.906250 0.203125
vt 0.921875 0.203125
vt 0.937500 0.203125
vt 0.953125 0.203125
vt 0.968750 0.203125
vt 0.984375 0.203125
vt 0.015625 0.218750
vt 0.031250 0.218750
vt 0.046875 0.218750
vt 0.062500 0.218750
vt 0.078125 0.218750
vt 0.093750 0.218750
vt 0.109375 0.218750
vt 0.125000 0.218750
vt 0.140625 0.218750
vt 0.156250 0.218750
vt 0.171875 0.218750
vt 0.187500 0.218750
vt 0.203125 0.218750
vt 0.218750 0.218750
vt 0.234375 0.218750
vt 0.250000 0.218750
vt 0.265625 0.218750
vt 0.281250 0.218750
vt 0.296875 0.218750
vt 0.312500 0.218750
vt 0.328125 0.218750
vt 0.343750 0.218750
vt 0.359375 0.218750
vt 0.375000 0.218750
vt 0.390625 0.218750
vt 0.406250 0.218750
vt 0.421875 0.218750
vt 0.437500 0.218750
vt 0.468750 0.218750
vt 0.453125 0.218750
vt 0.484375 0.218750
vt 0.500000 0.218750
vt 0.515625 0.218750
vt 0.531250 0.218750
vt 0.562500 0.218750
vt 0.546875 0.218750
vt 0.578125 0.218750
vt 0.593750 0.218750
vt 0.609375 0.218750
vt 0.625000 0.218750
vt 0.640625 0.218750
vt 0.656250 0.218750
vt 0.671875 0.218750
vt 0.687500 0.218750
vt 0.703125 0.218750
vt 0.718750 0.218750
vt 0.734375 0.218750
vt 0.750000 0.218750
vt 0.765625 0.218750
vt 0.781250 0.218750
vt 0.796875 0.218750
vt 0.812500 0.218750
vt 0.828125 0.218750
vt 0.843750 0.218750
vt 0.859375 0.218750
vt 0.875000 0.218750
vt 0.890625 0.218750
vt 0.906250 0.218750
vt 0.921875 0.218750
vt 0.937500 0.218750
vt 0.953125 0.218750
vt 0.968750 0.218750
vt 0.984375 0.218750
vt 0.015625 0.234375
vt 0.031250 0.234375
vt 0.046875 0.234375
vt 0.062500 0.234375
vt 0.078125 0.234375
vt 0.093750 0.234375
vt 0.109375 0.234375
vt 0.125000 0.234375
vt 0.140625 0.234375
vt 0.156250 0.234375
vt 0.171875 0.234375
vt 0.187500 0.234375
vt 0.203125 0.234375
vt 0.218750 0.234375
vt 0.234375 0.234375
vt 0.250000 0.234375
vt 0.265625 0.234375
vt 0.281250 0.234375
vt 0.296875 0.234375
vt 0.312500 0.234375
vt 0.328125 0.234375
vt 0.343750 0.234375
vt 0.359375 0.234375
vt 0.375000 0.234375
vt 0.390625 0.234375
vt 0.406250 0.234375
vt 0.421875 0.234375
vt 0.437500 0.234375
vt 0.453125 0.234375
vt 0.484375 0.234375
vt 0.468750 0.234375
vt 0.500000 0.234375
vt 0.515625 0.234375
vt 0.546875 0.234375
vt 0.531250 0.234375
vt 0.562500 0.234375
vt 0.578125 0.234375
vt 0.593750 0.234375
vt 0.609375 0.234375
vt 0.625000 0.234375
vt 0.640625 0.234375
vt 0.656250 0.234375
vt 0.671875 0.234375
vt 0.687500 0.234375
vt 0.703125 0.234375
vt 0.718750 0.234375
vt 0.734375 0.234375
vt 0.750000 0.234375
vt 0.765625 0.234375
vt 0.781250 0.234375
vt 0.796875 0.234375
vt 0.812500 0.234375
vt 0.828125 0.234375
vt 0.843750 0.234375
vt 0.859375 0.234375
vt 0.875000 0.234375
vt 0.890625 0.234375
vt 0.906250 0.234375
vt 0.921875 0.234375
vt 0.937500 0.234375
vt 0.953125 0.234375
vt 0.968750 0.234375
vt 0.984375 0.234375
vt 0.015625 0.250000
vt 0.031250 0.250000
vt 0.046875 0.250000
vt 0.062500 0.250000
vt 0.078125 0.250000
vt 0.093750 0.250000
vt 0.109375 0.250000
vt 0.125000 0.250000
vt 0.140625 0.250000
vt 0.156250 0.250000
vt 0.171875 0.250000
vt 0.187500 0.250000
vt 0.203125 0.250000
vt 0.218750 0.250000
vt 0.234375 0.250000
vt 0.250000 0.250000
vt 0.265625 0.250000
vt 0.281250 0.250000
vt 0.296875 0.250000
vt 0.312500 0.250000
vt 0.328125 0.250000
vt 0.343750 0.250000
vt 0.359375 0.250000
vt 0.375000 0.250000
vt 0.390625 0.250000
vt 0.406250 0.250000
vt 0.421875 0.250000
vt 0.437500 0.250000
vt 0.453125 0.250000
vt 0.484375 0.250000
vt 0.468750 0.250000
vt 0.500000 0.250000
vt 0.515625 0.250000
vt 0.546875 0.250000
vt 0.531250 0.250000
vt 0.562500 0.250000
vt 0.578125 0.250000
vt 0.593750 0.250000
vt 0.609375 0.250000
vt 0.625000 0.250000
vt 0.640625 0.250000
vt 0.656250 0.250000
vt 0.671875 0.250000
vt 0.687500 0.250000
vt 0.703125 0.250000
vt 0.718750 0.250000
vt 0.734375 0.250000
vt 0.750000 0.250000
vt 0.765625 0.250000
vt 0.781250 0.250000
vt 0.796875 0.250000
vt 0.812500 0.250000
vt 0.828125 0.250000
vt 0.843750 0.250000
vt 0.859375 0.250000
vt 0.875000 0.250000
vt 0.890625 0.250000
vt 0.906250 0.250000
vt 0.921875 0.250000
vt 0.937500 0.250000
vt 0.953125 0.250000
vt 0.968750 0.250000
vt 0.984375 0.250000
vt 0.015625 0.265625
vt 0.031250 0.265625
vt 0.046875 0.265625
vt 0.062500 0.265625
vt 0.078125 0.265625
vt 0.093750 0.265625
vt 0.109375 0.265625
vt 0.125000 0.265625
vt 0.140625 0.265625
vt 0.156250 0.265625
vt 0.171875 0.265625
vt 0.187500 0.265625
vt 0.203125 0.265625
vt 0.218750 0.265625
vt 0.234375 0.265625
vt 0.250000 0.265625
vt 0.265625 0.265625
vt 0.281250 0.265625
vt 0.296875 0.265625
vt 0.312500 0.265625
vt 0.328125 0.265625
vt 0.343750 0.265625
vt 0.359375 0.265625
vt 0.375000 0.265625
vt 0.390625 0.265625
vt 0.406250 0.265625
vt 0.421875 0.265625
vt 0.437500 0.265625
vt 0.453125 0.265625
vt 0.484375 0.265625
vt 0.468750 0.265625
vt 0.500000 0.265625
vt 0.515625 0.265625
vt 0.546875 0.265625
vt 0.531250 0.265625
vt 0.562500 0.265625
vt 0.578125 0.265625
vt 0.593750 0.265625
vt 0.609375 0.265625
vt 0.625000 0.265625
vt 0.640625 0.265625
vt 0.656250 0.265625
vt 0.671875 0.265625
vt 0.687500 0.265625
vt 0.703125 0.265625
vt 0.718750 0.265625
vt 0.734375 0.265625
vt 0.750000 0.265625
vt 0.765625 0.265625
vt 0.781250 0.265625
vt 0.796875 0.265625
vt 0.812500 0.265625
vt 0.828125 0.265625
vt 0.843750 0.265625
vt 0.859375 0.265625
vt 0.875000 0.265625
vt 0.890625 0.265625
vt 0.906250 0.265625
vt 0.921875 0.265625
vt 0.937500 0.265625
vt 0.953125 0.265625
vt 0.968750 0.265625
vt 0.984375 0.265625
vt 0.015625 0.281250
vt 0.031250 0.281250
vt 0.046875 0.281250
vt 0.062500 0.281250
vt 0.078125 0.281250
vt 0.093750 0.281250
vt 0.109375 0.281250
vt 0.125000 0.281250
vt 0.140625 0.281250
vt 0.156250 0.281250
vt 0.171875 0.281250
vt 0.187500 0.281250
vt 0.203125 0.281250
vt 0.218750 0.281250
vt 0.234375 0.281250
vt 0.250000 0.281250
vt 0.265625 0.281250
vt 0.281250 0.281250
vt 0.296875 0.281250
vt 0.312500 0.281250
vt 0.328125 0.281250
vt 0.343750 0.281250
vt 0.359375 0.281250
vt 0.375000 0.281250
vt 0.390625 0.281250
vt 0.406250 0.281250
vt 0.421875 0.281250
vt 0.437500 0.281250
vt 0.453125 0.281250
vt 0.484375 0.281250
vt 0.468750 0.281250
vt 0.515625 0.281250
vt 0.500000 0.281250
vt 0.546875 0.281250
vt 0.531250 0.281250
vt 0.562500 0.281250
vt 0.578125 0.281250
vt 0.593750 0.281250
vt 0.625000 0.281250
vt 0.609375 0.281250
vt 0.640625 0.281250
vt 0.656250 0.281250
vt 0.671875 0.281250
vt 0.687500 0.281250
vt 0.703125 0.281250
vt 0.718750 0.281250
vt 0.734375 0.281250
vt 0.750000 0.281250
vt 0.765625 0.281250
vt 0.781250 0.281250
vt 0.796875 0.281250
vt 0.812500 0.281250
vt 0.828125 0.281250
vt 0.843750 0.281250
vt 0.859375 0.281250
vt 0.875000 0.281250
vt 0.890625 0.281250
vt 0.906250 0.281250
vt 0.921875 0.281250
vt 0.937500 0.281250
vt 0.953125 0.281250
vt 0.968750 0.281250
vt 0.984375 0.281250
vt 0.015625 0.296875
vt 0.031250 0.296875
vt 0.046875 0.296875
vt 0.062500 0.296875
vt 0.078125 0.296875
vt 0.093750 0.296875
vt 0.109375 0.296875
vt 0.125000 0.296875
vt 0.140625 0.296875
vt 0.156250 0.296875
vt 0.171875 0.296875
vt 0.187500 0.296875
vt 0.203125 0.296875
vt 0.218750 0.296875
vt 0.234375 0.296875
vt 0.250000 0.296875
vt 0.265625 0.296875
vt 0.281250 0.296875
vt 0.296875 0.296875
vt 0.312500 0.296875
vt 0.328125 0.296875
vt 0.343750 0.296875
vt 0.359375 0.296875
vt 0.375000 0.296875
vt 0.390625 0.296875
vt 0.421875 0.296875
vt 0.406250 0.296875
vt 0.437500 0.296875
vt 0.453125 0.296875
vt 0.468750 0.296875
vt 0.484375 0.296875
vt 0.515625 0.296875
vt 0.500000 0.296875
vt 0.546875 0.296875
vt 0.531250 0.296875
vt 0.562500 0.296875
vt 0.578125 0.296875
vt 0.593750 0.296875
vt 0.609375 0.296875
vt 0.625000 0.296875
vt 0.640625 0.296875
vt 0.656250 0.296875
vt 0.671875 0.296875
vt 0.687500 0.296875
vt 0.703125 0.296875
vt 0.718750 0.296875
vt 0.734375 0.296875
vt 0.750000 0.296875
vt 0.765625 0.296875
vt 0.781250 0.296875
vt 0.796875 0.296875
vt 0.812500 0.296875
vt 0.828125 0.296875
vt 0.843750 0.296875
vt 0.859375 0.296875
vt 0.875000 0.296875
vt 0.890625 0.296875
vt 0.906250 0.296875
vt 0.921875 0.296875
vt 0.937500 0.296875
vt 0.953125 0.296875
vt 0.968750 0.296875
vt 0.031250 0.312500
vt 0.015625 0.312500
vt 0.046875 0.312500
vt 0.062500 0.312500
vt 0.078125 0.312500
vt 0.093750 0.312500
vt 0.109375 0.312500
vt 0.125000 0.312500
vt 0.140625 0.312500
vt 0.156250 0.312500
vt 0.171875 0.312500
vt 0.187500 0.312500
vt 0.203125 0.312500
vt 0.218750 0.312500
vt 0.234375 0.312500
vt 0.250000 0.312500
vt 0.265625 0.312500
vt 0.281250 0.312500
vt 0.296875 0.312500
vt 0.312500 0.312500
vt 0.328125 0.312500
vt 0.343750 0.312500
vt 0.359375 0.312500
vt 0.375000 0.312500
vt 0.390625 0.312500
vt 0.406250 0.312500
vt 0.421875 0.312500
vt 0.437500 0.312500
vt 0.453125 0.312500
vt 0.468750 0.312500
vt 0.500000 0.312500
vt 0.484375 0.312500
vt 0.515625 0.312500
vt 0.531250 0.312500
vt 0.546875 0.312500
vt 0.562500 0.312500
vt 0.578125 0.312500
vt 0.609375 0.312500
vt 0.593750 0.312500
vt 0.625000 0.312500
vt 0.640625 0.312500
vt 0.656250 0.312500
vt 0.671875 0.312500
vt 0.687500 0.312500
vt 0.703125 0.312500
vt 0.718750 0.312500
vt 0.734375 0.312500
vt 0.750000 0.312500
vt 0.765625 0.312500
vt 0.781250 0.312500
vt 0.796875 0.312500
vt 0.812500 0.312500
vt 0.828125 0.312500
vt 0.843750 0.312500
vt 0.859375 0.312500
vt 0.875000 0.312500
vt 0.890625 0.312500
vt 0.906250 0.312500
vt 0.921875 0.312500
vt 0.953125 0.312500
vt 0.937500 0.312500
vt 0.968750 0.312500
vt 0.984375 0.312500
vt 0.031250 0.328125
vt 0.015625 0.328125
vt 0.046875 0.328125
vt 0.062500 0.328125
vt 0.078125 0.328125
vt 0.093750 0.328125
vt 0.109375 0.328125
vt 0.125000 0.328125
vt 0.140625 0.328125
vt 0.156250 0.328125
vt 0.171875 0.328125
vt 0.187500 0.328125
vt 0.203125 0.328125
vt 0.218750 0.328125
vt 0.234375 0.328125
vt 0.250000 0.328125
vt 0.265625 0.328125
vt 0.281250 0.328125
vt 0.296875 0.328125
vt 0.312500 0.328125
vt 0.328125 0.328125
vt 0.343750 0.328125
vt 0.359375 0.328125
vt 0.375000 0.328125
vt 0.390625 0.328125
vt 0.406250 0.328125
vt 0.437500 0.328125
vt 0.421875 0.328125
vt 0.453125 0.328125
vt 0.468750 0.328125
vt 0.500000 0.328125
vt 0.484375 0.328125
vt 0.531250 0.328125
vt 0.515625 0.328125
vt 0.546875 0.328125
vt 0.562500 0.328125
vt 0.578125 0.328125
vt 0.593750 0.328125
vt 0.609375 0.328125
vt 0.625000 0.328125
vt 0.640625 0.328125
vt 0.656250 0.328125
vt 0.671875 0.328125
vt 0.687500 0.328125
vt 0.703125 0.328125
vt 0.718750 0.328125
vt 0.734375 0.328125
vt 0.750000 0.328125
vt 0.765625 0.328125
vt 0.781250 0.328125
vt 0.796875 0.328125
vt 0.812500 0.328125
vt 0.828125 0.328125
vt 0.843750 0.328125
vt 0.859375 0.328125
vt 0.875000 0.328125
vt 0.890625 0.328125
vt 0.906250 0.328125
vt 0.921875 0.328125
vt 0.937500 0.328125
vt 0.953125 0.328125
vt 0.968750 0.328125
vt 0.984375 0.328125
vt 0.031250 0.343750
vt 0.015625 0.343750
vt 0.046875 0.343750
vt 0.062500 0.343750
vt 0.078125 0.343750
vt 0.093750 0.343750
vt 0.109375 0.343750
vt 0.125000 0.343750
vt 0.140625 0.343750
vt 0.156250 0.343750
vt 0.171875 0.343750
vt 0.187500 0.343750
vt 0.203125 0.343750
vt 0.218750 0.343750
vt 0.234375 0.343750
vt 0.250000 0.343750
vt 0.265625 0.343750
vt 0.281250 0.343750
vt 0.296875 0.343750
vt 0.312500 0.343750
vt 0.328125 0.343750
vt 0.343750 0.343750
vt 0.359375 0.343750
vt 0.375000 0.343750
vt 0.390625 0.343750
vt 0.406250 0.343750
vt 0.421875 0.343750
vt 0.437500 0.343750
vt 0.453125 0.343750
vt 0.468750 0.343750
vt 0.500000 0.343750
vt 0.484375 0.343750
vt 0.531250 0.343750
vt 0.515625 0.343750
vt 0.546875 0.343750
vt 0.562500 0.343750
vt 0.578125 0.343750
vt 0.593750 0.343750
vt 0.625000 0.343750
vt 0.609375 0.343750
vt 0.640625 0.343750
vt 0.656250 0.343750
vt 0.671875 0.343750
vt 0.687500 0.343750
vt 0.703125 0.343750
vt 0.718750 0.343750
vt 0.734375 0.343750
vt 0.750000 0.343750
vt 0.765625 0.343750
vt 0.781250 0.343750
vt 0.796875 0.343750
vt 0.812500 0.343750
vt 0.828125 0.343750
vt 0.843750 0.343750
vt 0.859375 0.343750
vt 0.875000 0.343750
vt 0.890625 0.343750
vt 0.906250 0.343750
vt 0.921875 0.343750
vt 0.937500 0.343750
vt 0.953125 0.343750
vt 0.968750 0.343750
vt 0.984375 0.343750
vt 0.015625 0.359375
vt 0.031250 0.359375
vt 0.062500 0.359375
vt 0.046875 0.359375
vt 0.078125 0.359375
vt 0.093750 0.359375
vt 0.109375 0.359375
vt 0.125000 0.359375
vt 0.140625 0.359375
vt 0.156250 0.359375
vt 0.171875 0.359375
vt 0.187500 0.359375
vt 0.203125 0.359375
vt 0.218750 0.359375
vt 0.234375 0.359375
vt 0.250000 0.359375
vt 0.265625 0.359375
vt 0.281250 0.359375
vt 0.296875 0.359375
vt 0.312500 0.359375
vt 0.328125 0.359375
vt 0.343750 0.359375
vt 0.359375 0.359375
vt 0.375000 0.359375
vt 0.390625 0.359375
vt 0.406250 0.359375
vt 0.421875 0.359375
vt 0.437500 0.359375
vt 0.453125 0.359375
vt 0.468750 0.359375
vt 0.484375 0.359375
vt 0.500000 0.359375
vt 0.531250 0.359375
vt 0.515625 0.359375
vt 0.546875 0.359375
vt 0.562500 0.359375
vt 0.578125 0.359375
vt 0.593750 0.359375
vt 0.609375 0.359375
vt 0.625000 0.359375
vt 0.640625 0.359375
vt 0.656250 0.359375
vt 0.671875 0.359375
vt 0.687500 0.359375
vt 0.703125 0.359375
vt 0.718750 0.359375
vt 0.734375 0.359375
vt 0.750000 0.359375
vt 0.765625 0.359375
vt 0.781250 0.359375
vt 0.796875 0.359375
vt 0.812500 0.359375
vt 0.828125 0.359375
vt 0.843750 0.359375
vt 0.859375 0.359375
vt 0.875000 0.359375
vt 0.890625 0.359375
vt 0.906250 0.359375
vt 0.921875 0.359375
vt 0.937500 0.359375
vt 0.953125 0.359375
vt 0.968750 0.359375
vt 0.984375 0.359375
vt 0.015625 0.375000
vt 0.031250 0.375000
vt 0.046875 0.375000
vt 0.062500 0.375000
vt 0.093750 0.375000
vt 0.078125 0.375000
vt 0.109375 0.375000
vt 0.125000 0.375000
vt 0.140625 0.375000
vt 0.156250 0.375000
vt 0.171875 0.375000
vt 0.187500 0.375000
vt 0.203125 0.375000
vt 0.218750 0.375000
vt 0.234375 0.375000
vt 0.250000 0.375000
vt 0.265625 0.375000
vt 0.281250 0.375000
vt 0.296875 0.375000
vt 0.312500 0.375000
vt 0.328125 0.375000
vt 0.343750 0.375000
vt 0.359375 0.375000
vt 0.375000 0.375000
vt 0.390625 0.375000
vt 0.406250 0.375000
vt 0.421875 0.375000
vt 0.437500 0.375000
vt 0.453125 0.375000
vt 0.468750 0.375000
vt 0.484375 0.375000
vt 0.500000 0.375000
vt 0.531250 0.375000
vt 0.515625 0.375000
vt 0.546875 0.375000
vt 0.562500 0.375000
vt 0.578125 0.375000
vt 0.593750 0.375000
vt 0.609375 0.375000
vt 0.625000 0.375000
vt 0.640625 0.375000
vt 0.656250 0.375000
vt 0.671875 0.375000
vt 0.687500 0.375000
vt 0.703125 0.375000
vt 0.718750 0.375000
vt 0.734375 0.375000
vt 0.750000 0.375000
vt 0.765625 0.375000
vt 0.781250 0.375000
vt 0.796875 0.375000
vt 0.812500 0.375000
vt 0.828125 0.375000
vt 0.843750 0.375000
vt 0.859375 0.375000
vt 0.875000 0.375000
vt 0.890625 0.375000
vt 0.906250 0.375000
vt 0.921875 0.375000
vt 0.937500 0.375000
vt 0.953125 0.375000
vt 0.968750 0.375000
vt 0.984375 0.375000
vt 0.015625 0.390625
vt 0.031250 0.390625
vt 0.046875 0.390625
vt 0.062500 0.390625
vt 0.078125 0.390625
vt 0.093750 0.390625
vt 0.109375 0.390625
vt 0.140625 0.390625
vt 0.125000 0.390625
vt 0.156250 0.390625
vt 0.171875 0.390625
vt 0.187500 0.390625
vt 0.203125 0.390625
vt 0.218750 0.390625
vt 0.234375 0.390625
vt 0.265625 0.390625
vt 0.250000 0.390625
vt 0.281250 0.390625
vt 0.296875 0.390625
vt 0.312500 0.390625
vt 0.328125 0.390625
vt 0.343750 0.390625
vt 0.359375 0.390625
vt 0.375000 0.390625
vt 0.390625 0.390625
vt 0.406250 0.390625
vt 0.421875 0.390625
vt 0.437500 0.390625
vt 0.453125 0.390625
vt 0.468750 0.390625
vt 0.484375 0.390625
vt 0.500000 0.390625
vt 0.531250 0.390625
vt 0.515625 0.390625
vt 0.546875 0.390625
vt 0.562500 0.390625
vt 0.578125 0.390625
vt 0.593750 0.390625
vt 0.609375 0.390625
vt 0.625000 0.390625
vt 0.640625 0.390625
vt 0.656250 0.390625
vt 0.671875 0.390625
vt 0.687500 0.390625
vt 0.703125 0.390625
vt 0.718750 0.390625
vt 0.734375 0.390625
vt 0.750000 0.390625
vt 0.765625 0.390625
vt 0.781250 0.390625
vt 0.796875 0.390625
vt 0.812500 0.390625
vt 0.828125 0.390625
vt 0.843750 0.390625
vt 0.859375 0.390625
vt 0.875000 0.390625
vt 0.890625 0.390625
vt 0.906250 0.390625
vt 0.921875 0.390625
vt 0.937500 0.390625
vt 0.953125 0.390625
vt 0.968750 0.390625
vt 0.984375 0.390625
vt 0.015625 0.406250
vt 0.031250 0.406250
vt 0.046875 0.406250
vt 0.062500 0.406250
vt 0.078125 0.406250
vt 0.093750 0.406250
vt 0.109375 0.406250
vt 0.125000 0.406250
vt 0.140625 0.406250
vt 0.156250 0.406250
vt 0.187500 0.406250
vt 0.171875 0.406250
vt 0.203125 0.406250
vt 0.218750 0.406250
vt 0.234375 0.406250
vt 0.250000 0.406250
vt 0.265625 0.406250
vt 0.296875 0.406250
vt 0.281250 0.406250
vt 0.312500 0.406250
vt 0.328125 0.406250
vt 0.343750 0.406250
vt 0.359375 0.406250
vt 0.375000 0.406250
vt 0.390625 0.406250
vt 0.406250 0.406250
vt 0.421875 0.406250
vt 0.437500 0.406250
vt 0.453125 0.406250
vt 0.468750 0.406250
vt 0.484375 0.406250
vt 0.515625 0.406250
vt 0.500000 0.406250
vt 0.531250 0.406250
vt 0.546875 0.406250
vt 0.562500 0.406250
vt 0.578125 0.406250
vt 0.593750 0.406250
vt 0.609375 0.406250
vt 0.625000 0.406250
vt 0.640625 0.406250
vt 0.656250 0.406250
vt 0.671875 0.406250
vt 0.687500 0.406250
vt 0.703125 0.406250
vt 0.718750 0.406250
vt 0.734375 0.406250
vt 0.750000 0.406250
vt 0.765625 0.406250
vt 0.781250 0.406250
vt 0.796875 0.406250
vt 0.812500 0.406250
vt 0.828125 0.406250
vt 0.843750 0.406250
vt 0.859375 0.406250
vt 0.875000 0.406250
vt 0.890625 0.406250
vt 0.906250 0.406250
vt 0.921875 0.406250
vt 0.937500 0.406250
vt 0.953125 0.406250
vt 0.968750 0.406250
vt 0.984375 0.406250
vt 0.015625 0.421875
vt 0.031250 0.421875
vt 0.046875 0.421875
vt 0.062500 0.421875
vt 0.078125 0.421875
vt 0.093750 0.421875
vt 0.109375 0.421875
vt 0.125000 0.421875
vt 0.140625 0.421875
vt 0.156250 0.421875
vt 0.171875 0.421875
vt 0.187500 0.421875
vt 0.203125 0.421875
vt 0.218750 0.421875
vt 0.234375 0.421875
vt 0.250000 0.421875
vt 0.265625 0.421875
vt 0.296875 0.421875
vt 0.281250 0.421875
vt 0.312500 0.421875
vt 0.328125 0.421875
vt 0.343750 0.421875
vt 0.359375 0.421875
vt 0.375000 0.421875
vt 0.390625 0.421875
vt 0.406250 0.421875
vt 0.421875 0.421875
vt 0.437500 0.421875
vt 0.453125 0.421875
vt 0.468750 0.421875
vt 0.484375 0.421875
vt 0.515625 0.421875
vt 0.500000 0.421875
vt 0.531250 0.421875
vt 0.546875 0.421875
vt 0.562500 0.421875
vt 0.578125 0.421875
vt 0.593750 0.421875
vt 0.609375 0.421875
vt 0.625000 0.421875
vt 0.640625 0.421875
vt 0.656250 0.421875
vt 0.671875 0.421875
vt 0.687500 0.421875
vt 0.703125 0.421875
vt 0.718750 0.421875
vt 0.734375 0.421875
vt 0.750000 0.421875
vt 0.765625 0.421875
vt 0.781250 0.421875
vt 0.796875 0.421875
vt 0.812500 0.421875
vt 0.828125 0.421875
vt 0.843750 0.421875
vt 0.859375 0.421875
vt 0.875000 0.421875
vt 0.890625 0.421875
vt 0.906250 0.421875
vt 0.921875 0.421875
vt 0.937500 0.421875
vt 0.953125 0.421875
vt 0.968750 0.421875
vt 0.984375 0.421875
vt 0.031250 0.437500
vt 0.015625 0.437500
vt 0.046875 0.437500
vt 0.062500 0.437500
vt 0.078125 0.437500
vt 0.093750 0.437500
vt 0.109375 0.437500
vt 0.125000 0.437500
vt 0.140625 0.437500
vt 0.156250 0.437500
vt 0.171875 0.437500
vt 0.187500 0.437500
vt 0.203125 0.437500
vt 0.218750 0.437500
vt 0.234375 0.437500
vt 0.250000 0.437500
vt 0.265625 0.437500
vt 0.296875 0.437500
vt 0.281250 0.437500
vt 0.312500 0.437500
vt 0.328125 0.437500
vt 0.343750 0.437500
vt 0.375000 0.437500
vt 0.359375 0.437500
vt 0.390625 0.437500
vt 0.406250 0.437500
vt 0.421875 0.437500
vt 0.437500 0.437500
vt 0.453125 0.437500
vt 0.484375 0.437500
vt 0.468750 0.437500
vt 0.500000 0.437500
vt 0.515625 0.437500
vt 0.546875 0.437500
vt 0.531250 0.437500
vt 0.562500 0.437500
vt 0.578125 0.437500
vt 0.593750 0.437500
vt 0.609375 0.437500
vt 0.625000 0.437500
vt 0.640625 0.437500
vt 0.656250 0.437500
vt 0.671875 0.437500
vt 0.687500 0.437500
vt 0.718750 0.437500
vt 0.703125 0.437500
vt 0.734375 0.437500
vt 0.750000 0.437500
vt 0.765625 0.437500
vt 0.781250 0.437500
vt 0.796875 0.437500
vt 0.812500 0.437500
vt 0.828125 0.437500
vt 0.843750 0.437500
vt 0.859375 0.437500
vt 0.875000 0.437500
vt 0.890625 0.437500
vt 0.906250 0.437500
vt 0.921875 0.437500
vt 0.937500 0.437500
vt 0.953125 0.437500
vt 0.968750 0.437500
vt 0.031250 0.453125
vt 0.015625 0.453125
vt 0.046875 0.453125
vt 0.062500 0.453125
vt 0.078125 0.453125
vt 0.093750 0.453125
vt 0.109375 0.453125
vt 0.125000 0.453125
vt 0.140625 0.453125
vt 0.156250 0.453125
vt 0.171875 0.453125
vt 0.187500 0.453125
vt 0.203125 0.453125
vt 0.218750 0.453125
vt 0.234375 0.453125
vt 0.250000 0.453125
vt 0.265625 0.453125
vt 0.281250 0.453125
vt 0.296875 0.453125
vt 0.312500 0.453125
vt 0.328125 0.453125
vt 0.343750 0.453125
vt 0.359375 0.453125
vt 0.375000 0.453125
vt 0.390625 0.453125
vt 0.406250 0.453125
vt 0.421875 0.453125
vt 0.437500 0.453125
vt 0.453125 0.453125
vt 0.468750 0.453125
vt 0.500000 0.453125
vt 0.484375 0.453125
vt 0.515625 0.453125
vt 0.531250 0.453125
vt 0.546875 0.453125
vt 0.562500 0.453125
vt 0.578125 0.453125
vt 0.593750 0.453125
vt 0.609375 0.453125
vt 0.625000 0.453125
vt 0.640625 0.453125
vt 0.656250 0.453125
vt 0.687500 0.453125
vt 0.671875 0.453125
vt 0.703125 0.453125
vt 0.718750 0.453125
vt 0.734375 0.453125
vt 0.750000 0.453125
vt 0.765625 0.453125
vt 0.781250 0.453125
vt 0.796875 0.453125
vt 0.812500 0.453125
vt 0.828125 0.453125
vt 0.843750 0.453125
vt 0.859375 0.453125
vt 0.875000 0.453125
vt 0.890625 0.453125
vt 0.906250 0.453125
vt 0.921875 0.453125
vt 0.937500 0.453125
vt 0.953125 0.453125
vt 0.984375 0.437500
vt 0.968750 0.453125
vt 0.015625 0.468750
vt 0.031250 0.468750
vt 0.062500 0.468750
vt 0.046875 0.468750
vt 0.078125 0.468750
vt 0.093750 0.468750
vt 0.109375 0.468750
vt 0.125000 0.468750
vt 0.140625 0.468750
vt 0.156250 0.468750
vt 0.171875 0.468750
vt 0.187500 0.468750
vt 0.203125 0.468750
vt 0.218750 0.468750
vt 0.234375 0.468750
vt 0.250000 0.468750
vt 0.265625 0.468750
vt 0.281250 0.468750
vt 0.296875 0.468750
vt 0.312500 0.468750
vt 0.328125 0.468750
vt 0.343750 0.468750
vt 0.359375 0.468750
vt 0.375000 0.468750
vt 0.390625 0.468750
vt 0.406250 0.468750
vt 0.421875 0.468750
vt 0.437500 0.468750
vt 0.453125 0.468750
vt 0.468750 0.468750
vt 0.484375 0.468750
vt 0.500000 0.468750
vt 0.531250 0.468750
vt 0.515625 0.468750
vt 0.546875 0.468750
vt 0.578125 0.468750
vt 0.562500 0.468750
vt 0.593750 0.468750
vt 0.609375 0.468750
vt 0.625000 0.468750
vt 0.640625 0.468750
vt 0.656250 0.468750
vt 0.671875 0.468750
vt 0.687500 0.468750
vt 0.703125 0.468750
vt 0.718750 0.468750
vt 0.734375 0.468750
vt 0.750000 0.468750
vt 0.765625 0.468750
vt 0.781250 0.468750
vt 0.796875 0.468750
vt 0.812500 0.468750
vt 0.828125 0.468750
vt 0.843750 0.468750
vt 0.859375 0.468750
vt 0.875000 0.468750
vt 0.890625 0.468750
vt 0.906250 0.468750
vt 0.921875 0.468750
vt 0.937500 0.468750
vt 0.953125 0.468750
vt 0.984375 0.453125
vt 0.968750 0.468750
vt 0.015625 0.484375
vt 0.031250 0.484375
vt 0.046875 0.484375
vt 0.062500 0.484375
vt 0.078125 0.484375
vt 0.093750 0.484375
vt 0.125000 0.484375
vt 0.109375 0.484375
vt 0.140625 0.484375
vt 0.156250 0.484375
vt 0.171875 0.484375
vt 0.187500 0.484375
vt 0.203125 0.484375
vt 0.218750 0.484375
vt 0.234375 0.484375
vt 0.250000 0.484375
vt 0.265625 0.484375
vt 0.281250 0.484375
vt 0.296875 0.484375
vt 0.312500 0.484375
vt 0.328125 0.484375
vt 0.343750 0.484375
vt 0.359375 0.484375
vt 0.375000 0.484375
vt 0.390625 0.484375
vt 0.406250 0.484375
vt 0.421875 0.484375
vt 0.453125 0.484375
vt 0.437500 0.484375
vt 0.468750 0.484375
vt 0.484375 0.484375
vt 0.500000 0.484375
vt 0.515625 0.484375
vt 0.531250 0.484375
vt 0.546875 0.484375
vt 0.562500 0.484375
vt 0.593750 0.484375
vt 0.578125 0.484375
vt 0.609375 0.484375
vt 0.625000 0.484375
vt 0.640625 0.484375
vt 0.656250 0.484375
vt 0.671875 0.484375
vt 0.687500 0.484375
vt 0.703125 0.484375
vt 0.718750 0.484375
vt 0.734375 0.484375
vt 0.750000 0.484375
vt 0.765625 0.484375
vt 0.781250 0.484375
vt 0.796875 0.484375
vt 0.812500 0.484375
vt 0.828125 0.484375
vt 0.843750 0.484375
vt 0.859375 0.484375
vt 0.875000 0.484375
vt 0.890625 0.484375
vt 0.906250 0.484375
vt 0.937500 0.484375
vt 0.921875 0.484375
vt 0.953125 0.484375
vt 0.968750 0.484375
vt 0.984375 0.484375
vt 0.015625 0.500000
vt 0.031250 0.500000
vt 0.046875 0.500000
vt 0.062500 0.500000
vt 0.078125 0.500000
vt 0.093750 0.500000
vt 0.109375 0.500000
vt 0.125000 0.500000
vt 0.140625 0.500000
vt 0.156250 0.500000
vt 0.171875 0.500000
vt 0.187500 0.500000
vt 0.203125 0.500000
vt 0.218750 0.500000
vt 0.234375 0.500000
vt 0.265625 0.500000
vt 0.250000 0.500000
vt 0.281250 0.500000
vt 0.312500 0.500000
vt 0.296875 0.500000
vt 0.328125 0.500000
vt 0.343750 0.500000
vt 0.359375 0.500000
vt 0.375000 0.500000
vt 0.390625 0.500000
vt 0.406250 0.500000
vt 0.437500 0.500000
vt 0.421875 0.500000
vt 0.453125 0.500000
vt 0.468750 0.500000
vt 0.484375 0.500000
vt 0.515625 0.500000
vt 0.500000 0.500000
vt 0.546875 0.500000
vt 0.531250 0.500000
vt 0.562500 0.500000
vt 0.593750 0.500000
vt 0.578125 0.500000
vt 0.625000 0.500000
vt 0.609375 0.500000
vt 0.640625 0.500000
vt 0.656250 0.500000
vt 0.671875 0.500000
vt 0.703125 0.500000
vt 0.687500 0.500000
vt 0.718750 0.500000
vt 0.734375 0.500000
vt 0.750000 0.500000
vt 0.765625 0.500000
vt 0.781250 0.500000
vt 0.796875 0.500000
vt 0.812500 0.500000
vt 0.828125 0.500000
vt 0.843750 0.500000
vt 0.859375 0.500000
vt 0.875000 0.500000
vt 0.890625 0.500000
vt 0.906250 0.500000
vt 0.921875 0.500000
vt 0.953125 0.500000
vt 0.937500 0.500000
vt 0.968750 0.500000
vt 0.984375 0.500000
vt 0.015625 0.515625
vt 0.031250 0.515625
vt 0.046875 0.515625
vt 0.062500 0.515625
vt 0.078125 0.515625
vt 0.093750 0.515625
vt 0.109375 0.515625
vt 0.125000 0.515625
vt 0.140625 0.515625
vt 0.156250 0.515625
vt 0.171875 0.515625
vt 0.187500 0.515625
vt 0.203125 0.515625
vt 0.218750 0.515625
vt 0.234375 0.515625
vt 0.250000 0.515625
vt 0.265625 0.515625
vt 0.296875 0.515625
vt 0.281250 0.515625
vt 0.312500 0.515625
vt 0.328125 0.515625
vt 0.359375 0.515625
vt 0.343750 0.515625
vt 0.375000 0.515625
vt 0.390625 0.515625
vt 0.421875 0.515625
vt 0.406250 0.515625
vt 0.437500 0.515625
vt 0.468750 0.515625
vt 0.453125 0.515625
vt 0.484375 0.515625
vt 0.500000 0.515625
vt 0.515625 0.515625
vt 0.546875 0.515625
vt 0.531250 0.515625
vt 0.562500 0.515625
vt 0.578125 0.515625
vt 0.593750 0.515625
vt 0.609375 0.515625
vt 0.625000 0.515625
vt 0.640625 0.515625
vt 0.671875 0.515625
vt 0.656250 0.515625
vt 0.687500 0.515625
vt 0.703125 0.515625
vt 0.718750 0.515625
vt 0.750000 0.515625
vt 0.734375 0.515625
vt 0.765625 0.515625
vt 0.781250 0.515625
vt 0.796875 0.515625
vt 0.812500 0.515625
vt 0.828125 0.515625
vt 0.843750 0.515625
vt 0.859375 0.515625
vt 0.875000 0.515625
vt 0.890625 0.515625
vt 0.906250 0.515625
vt 0.921875 0.515625
vt 0.937500 0.515625
vt 0.953125 0.515625
vt 0.984375 0.515625
vt 0.968750 0.515625
vt 0.031250 0.531250
vt 0.015625 0.531250
vt 0.046875 0.531250
vt 0.062500 0.531250
vt 0.078125 0.531250
vt 0.093750 0.531250
vt 0.109375 0.531250
vt 0.125000 0.531250
vt 0.140625 0.531250
vt 0.156250 0.531250
vt 0.171875 0.531250
vt 0.187500 0.531250
vt 0.203125 0.531250
vt 0.218750 0.531250
vt 0.234375 0.531250
vt 0.250000 0.531250
vt 0.265625 0.531250
vt 0.281250 0.531250
vt 0.312500 0.531250
vt 0.296875 0.531250
vt 0.328125 0.531250
vt 0.343750 0.531250
vt 0.359375 0.531250
vt 0.375000 0.531250
vt 0.390625 0.531250
vt 0.406250 0.531250
vt 0.421875 0.531250
vt 0.437500 0.531250
vt 0.468750 0.531250
vt 0.453125 0.531250
vt 0.500000 0.531250
vt 0.484375 0.531250
vt 0.515625 0.531250
vt 0.531250 0.531250
vt 0.562500 0.531250
vt 0.546875 0.531250
vt 0.578125 0.531250
vt 0.593750 0.531250
vt 0.609375 0.531250
vt 0.625000 0.531250
vt 0.640625 0.531250
vt 0.656250 0.531250
vt 0.687500 0.531250
vt 0.671875 0.531250
vt 0.703125 0.531250
vt 0.718750 0.531250
vt 0.734375 0.531250
vt 0.765625 0.531250
vt 0.750000 0.531250
vt 0.781250 0.531250
vt 0.796875 0.531250
vt 0.812500 0.531250
vt 0.828125 0.531250
vt 0.843750 0.531250
vt 0.859375 0.531250
vt 0.875000 0.531250
vt 0.890625 0.531250
vt 0.906250 0.531250
vt 0.921875 0.531250
vt 0.937500 0.531250
vt 0.953125 0.531250
vt 0.968750 0.531250
vt 0.031250 0.546875
vt 0.015625 0.546875
vt 0.046875 0.546875
vt 0.062500 0.546875
vt 0.078125 0.546875
vt 0.093750 0.546875
vt 0.109375 0.546875
vt 0.125000 0.546875
vt 0.140625 0.546875
vt 0.156250 0.546875
vt 0.171875 0.546875
vt 0.187500 0.546875
vt 0.203125 0.546875
vt 0.234375 0.546875
vt 0.218750 0.546875
vt 0.250000 0.546875
vt 0.265625 0.546875
vt 0.281250 0.546875
vt 0.296875 0.546875
vt 0.312500 0.546875
vt 0.328125 0.546875
vt 0.343750 0.546875
vt 0.359375 0.546875
vt 0.375000 0.546875
vt 0.390625 0.546875
vt 0.406250 0.546875
vt 0.421875 0.546875
vt 0.437500 0.546875
vt 0.453125 0.546875
vt 0.468750 0.546875
vt 0.484375 0.546875
vt 0.500000 0.546875
vt 0.515625 0.546875
vt 0.531250 0.546875
vt 0.546875 0.546875
vt 0.562500 0.546875
vt 0.578125 0.546875
vt 0.593750 0.546875
vt 0.609375 0.546875
vt 0.625000 0.546875
vt 0.640625 0.546875
vt 0.656250 0.546875
vt 0.671875 0.546875
vt 0.687500 0.546875
vt 0.703125 0.546875
vt 0.718750 0.546875
vt 0.734375 0.546875
vt 0.765625 0.546875
vt 0.750000 0.546875
vt 0.781250 0.546875
vt 0.796875 0.546875
vt 0.812500 0.546875
vt 0.828125 0.546875
vt 0.843750 0.546875
vt 0.859375 0.546875
vt 0.875000 0.546875
vt 0.890625 0.546875
vt 0.906250 0.546875
vt 0.921875 0.546875
vt 0.937500 0.546875
vt 0.953125 0.546875
vt 0.984375 0.531250
vt 0.968750 0.546875
vt 0.015625 0.562500
vt 0.031250 0.562500
vt 0.046875 0.562500
vt 0.062500 0.562500
vt 0.078125 0.562500
vt 0.093750 0.562500
vt 0.109375 0.562500
vt 0.125000 0.562500
vt 0.156250 0.562500
vt 0.140625 0.562500
vt 0.171875 0.562500
vt 0.187500 0.562500
vt 0.203125 0.562500
vt 0.218750 0.562500
vt 0.234375 0.562500
vt 0.250000 0.562500
vt 0.265625 0.562500
vt 0.281250 0.562500
vt 0.296875 0.562500
vt 0.312500 0.562500
vt 0.328125 0.562500
vt 0.343750 0.562500
vt 0.359375 0.562500
vt 0.375000 0.562500
vt 0.390625 0.562500
vt 0.406250 0.562500
vt 0.421875 0.562500
vt 0.437500 0.562500
vt 0.453125 0.562500
vt 0.468750 0.562500
vt 0.484375 0.562500
vt 0.500000 0.562500
vt 0.531250 0.562500
vt 0.515625 0.562500
vt 0.546875 0.562500
vt 0.562500 0.562500
vt 0.578125 0.562500
vt 0.593750 0.562500
vt 0.609375 0.562500
vt 0.625000 0.562500
vt 0.640625 0.562500
vt 0.656250 0.562500
vt 0.671875 0.562500
vt 0.687500 0.562500
vt 0.703125 0.562500
vt 0.718750 0.562500
vt 0.734375 0.562500
vt 0.750000 0.562500
vt 0.765625 0.562500
vt 0.781250 0.562500
vt 0.796875 0.562500
vt 0.812500 0.562500
vt 0.843750 0.562500
vt 0.828125 0.562500
vt 0.859375 0.562500
vt 0.875000 0.562500
vt 0.890625 0.562500
vt 0.906250 0.562500
vt 0.921875 0.562500
vt 0.937500 0.562500
vt 0.953125 0.562500
vt 0.984375 0.546875
vt 0.968750 0.562500
vt 0.015625 0.578125
vt 0.031250 0.578125
vt 0.046875 0.578125
vt 0.062500 0.578125
vt 0.093750 0.578125
vt 0.078125 0.578125
vt 0.109375 0.578125
vt 0.125000 0.578125
vt 0.140625 0.578125
vt 0.156250 0.578125
vt 0.171875 0.578125
vt 0.187500 0.578125
vt 0.203125 0.578125
vt 0.218750 0.578125
vt 0.234375 0.578125
vt 0.250000 0.578125
vt 0.265625 0.578125
vt 0.281250 0.578125
vt 0.296875 0.578125
vt 0.312500 0.578125
vt 0.343750 0.578125
vt 0.328125 0.578125
vt 0.359375 0.578125
vt 0.375000 0.578125
vt 0.390625 0.578125
vt 0.406250 0.578125
vt 0.421875 0.578125
vt 0.437500 0.578125
vt 0.453125 0.578125
vt 0.468750 0.578125
vt 0.484375 0.578125
vt 0.500000 0.578125
vt 0.515625 0.578125
vt 0.531250 0.578125
vt 0.546875 0.578125
vt 0.562500 0.578125
vt 0.578125 0.578125
vt 0.593750 0.578125
vt 0.609375 0.578125
vt 0.625000 0.578125
vt 0.640625 0.578125
vt 0.656250 0.578125
vt 0.687500 0.578125
vt 0.671875 0.578125
vt 0.703125 0.578125
vt 0.718750 0.578125
vt 0.734375 0.578125
vt 0.750000 0.578125
vt 0.765625 0.578125
vt 0.781250 0.578125
vt 0.796875 0.578125
vt 0.812500 0.578125
vt 0.828125 0.578125
vt 0.843750 0.578125
vt 0.859375 0.578125
vt 0.875000 0.578125
vt 0.906250 0.578125
vt 0.890625 0.578125
vt 0.921875 0.578125
vt 0.937500 0.578125
vt 0.953125 0.578125
vt 0.968750 0.578125
vt 0.984375 0.578125
vt 0.031250 0.593750
vt 0.015625 0.593750
vt 0.046875 0.593750
vt 0.062500 0.593750
vt 0.078125 0.593750
vt 0.093750 0.593750
vt 0.109375 0.593750
vt 0.125000 0.593750
vt 0.140625 0.593750
vt 0.156250 0.593750
vt 0.171875 0.593750
vt 0.187500 0.593750
vt 0.203125 0.593750
vt 0.218750 0.593750
vt 0.234375 0.593750
vt 0.250000 0.593750
vt 0.265625 0.593750
vt 0.281250 0.593750
vt 0.296875 0.593750
vt 0.312500 0.593750
vt 0.328125 0.593750
vt 0.343750 0.593750
vt 0.359375 0.593750
vt 0.375000 0.593750
vt 0.390625 0.593750
vt 0.406250 0.593750
vt 0.421875 0.593750
vt 0.437500 0.593750
vt 0.453125 0.593750
vt 0.468750 0.593750
vt 0.484375 0.593750
vt 0.500000 0.593750
vt 0.515625 0.593750
vt 0.531250 0.593750
vt 0.546875 0.593750
vt 0.562500 0.593750
vt 0.578125 0.593750
vt 0.593750 0.593750
vt 0.609375 0.593750
vt 0.625000 0.593750
vt 0.640625 0.593750
vt 0.656250 0.593750
vt 0.687500 0.593750
vt 0.671875 0.593750
vt 0.718750 0.593750
vt 0.703125 0.593750
vt 0.734375 0.593750
vt 0.750000 0.593750
vt 0.765625 0.593750
vt 0.781250 0.593750
vt 0.796875 0.593750
vt 0.812500 0.593750
vt 0.828125 0.593750
vt 0.843750 0.593750
vt 0.859375 0.593750
vt 0.875000 0.593750
vt 0.890625 0.593750
vt 0.906250 0.593750
vt 0.921875 0.593750
vt 0.953125 0.593750
vt 0.937500 0.593750
vt 0.968750 0.593750
vt 0.984375 0.593750
vt 0.031250 0.609375
vt 0.015625 0.609375
vt 0.046875 0.609375
vt 0.062500 0.609375
vt 0.078125 0.609375
vt 0.093750 0.609375
vt 0.109375 0.609375
vt 0.125000 0.609375
vt 0.140625 0.609375
vt 0.156250 0.609375
vt 0.171875 0.609375
vt 0.187500 0.609375
vt 0.203125 0.609375
vt 0.218750 0.609375
vt 0.234375 0.609375
vt 0.250000 0.609375
vt 0.265625 0.609375
vt 0.281250 0.609375
vt 0.296875 0.609375
vt 0.312500 0.609375
vt 0.328125 0.609375
vt 0.343750 0.609375
vt 0.359375 0.609375
vt 0.375000 0.609375
vt 0.390625 0.609375
vt 0.406250 0.609375
vt 0.421875 0.609375
vt 0.437500 0.609375
vt 0.453125 0.609375
vt 0.468750 0.609375
vt 0.484375 0.609375
vt 0.500000 0.609375
vt 0.515625 0.609375
vt 0.531250 0.609375
vt 0.546875 0.609375
vt 0.562500 0.609375
vt 0.578125 0.609375
vt 0.593750 0.609375
vt 0.609375 0.609375
vt 0.625000 0.609375
vt 0.640625 0.609375
vt 0.656250 0.609375
vt 0.671875 0.609375
vt 0.687500 0.609375
vt 0.718750 0.609375
vt 0.703125 0.609375
vt 0.734375 0.609375
vt 0.750000 0.609375
vt 0.781250 0.609375
vt 0.765625 0.609375
vt 0.796875 0.609375
vt 0.812500 0.609375
vt 0.828125 0.609375
vt 0.843750 0.609375
vt 0.859375 0.609375
vt 0.875000 0.609375
vt 0.890625 0.609375
vt 0.906250 0.609375
vt 0.921875 0.609375
vt 0.937500 0.609375
vt 0.953125 0.609375
vt 0.968750 0.609375
vt 0.031250 0.625000
vt 0.015625 0.625000
vt 0.046875 0.625000
vt 0.062500 0.625000
vt 0.078125 0.625000
vt 0.093750 0.625000
vt 0.109375 0.625000
vt 0.125000 0.625000
vt 0.140625 0.625000
vt 0.156250 0.625000
vt 0.171875 0.625000
vt 0.187500 0.625000
vt 0.203125 0.625000
vt 0.218750 0.625000
vt 0.234375 0.625000
vt 0.250000 0.625000
vt 0.265625 0.625000
vt 0.281250 0.625000
vt 0.296875 0.625000
vt 0.312500 0.625000
vt 0.328125 0.625000
vt 0.343750 0.625000
vt 0.359375 0.625000
vt 0.375000 0.625000
vt 0.390625 0.625000
vt 0.406250 0.625000
vt 0.421875 0.625000
vt 0.437500 0.625000
vt 0.453125 0.625000
vt 0.468750 0.625000
vt 0.484375 0.625000
vt 0.500000 0.625000
vt 0.515625 0.625000
vt 0.531250 0.625000
vt 0.546875 0.625000
vt 0.562500 0.625000
vt 0.578125 0.625000
vt 0.593750 0.625000
vt 0.609375 0.625000
vt 0.625000 0.625000
vt 0.640625 0.625000
vt 0.656250 0.625000
vt 0.671875 0.625000
vt 0.687500 0.625000
vt 0.703125 0.625000
vt 0.718750 0.625000
vt 0.750000 0.625000
vt 0.734375 0.625000
vt 0.765625 0.625000
vt 0.781250 0.625000
vt 0.796875 0.625000
vt 0.812500 0.625000
vt 0.828125 0.625000
vt 0.843750 0.625000
vt 0.859375 0.625000
vt 0.875000 0.625000
vt 0.890625 0.625000
vt 0.906250 0.625000
vt 0.921875 0.625000
vt 0.937500 0.625000
vt 0.953125 0.625000
vt 0.984375 0.609375
vt 0.968750 0.625000
vt 0.031250 0.640625
vt 0.015625 0.640625
vt 0.046875 0.640625
vt 0.062500 0.640625
vt 0.078125 0.640625
vt 0.093750 0.640625
vt 0.109375 0.640625
vt 0.125000 0.640625
vt 0.140625 0.640625
vt 0.156250 0.640625
vt 0.171875 0.640625
vt 0.187500 0.640625
vt 0.203125 0.640625
vt 0.218750 0.640625
vt 0.234375 0.640625
vt 0.250000 0.640625
vt 0.265625 0.640625
vt 0.281250 0.640625
vt 0.296875 0.640625
vt 0.312500 0.640625
vt 0.328125 0.640625
vt 0.343750 0.640625
vt 0.359375 0.640625
vt 0.375000 0.640625
vt 0.390625 0.640625
vt 0.406250 0.640625
vt 0.421875 0.640625
vt 0.437500 0.640625
vt 0.468750 0.640625
vt 0.453125 0.640625
vt 0.484375 0.640625
vt 0.500000 0.640625
vt 0.515625 0.640625
vt 0.531250 0.640625
vt 0.546875 0.640625
vt 0.562500 0.640625
vt 0.578125 0.640625
vt 0.593750 0.640625
vt 0.609375 0.640625
vt 0.625000 0.640625
vt 0.640625 0.640625
vt 0.656250 0.640625
vt 0.671875 0.640625
vt 0.687500 0.640625
vt 0.703125 0.640625
vt 0.718750 0.640625
vt 0.734375 0.640625
vt 0.750000 0.640625
vt 0.765625 0.640625
vt 0.781250 0.640625
vt 0.796875 0.640625
vt 0.828125 0.640625
vt 0.812500 0.640625
vt 0.843750 0.640625
vt 0.859375 0.640625
vt 0.875000 0.640625
vt 0.890625 0.640625
vt 0.906250 0.640625
vt 0.921875 0.640625
vt 0.937500 0.640625
vt 0.953125 0.640625
vt 0.984375 0.625000
vt 0.968750 0.640625
vt 0.031250 0.656250
vt 0.015625 0.656250
vt 0.046875 0.656250
vt 0.062500 0.656250
vt 0.078125 0.656250
vt 0.093750 0.656250
vt 0.109375 0.656250
vt 0.125000 0.656250
vt 0.140625 0.656250
vt 0.156250 0.656250
vt 0.171875 0.656250
vt 0.187500 0.656250
vt 0.203125 0.656250
vt 0.218750 0.656250
vt 0.234375 0.656250
vt 0.250000 0.656250
vt 0.265625 0.656250
vt 0.281250 0.656250
vt 0.296875 0.656250
vt 0.312500 0.656250
vt 0.328125 0.656250
vt 0.343750 0.656250
vt 0.359375 0.656250
vt 0.375000 0.656250
vt 0.390625 0.656250
vt 0.406250 0.656250
vt 0.421875 0.656250
vt 0.437500 0.656250
vt 0.468750 0.656250
vt 0.453125 0.656250
vt 0.484375 0.656250
vt 0.500000 0.656250
vt 0.515625 0.656250
vt 0.531250 0.656250
vt 0.546875 0.656250
vt 0.562500 0.656250
vt 0.578125 0.656250
vt 0.593750 0.656250
vt 0.609375 0.656250
vt 0.625000 0.656250
vt 0.640625 0.656250
vt 0.656250 0.656250
vt 0.671875 0.656250
vt 0.687500 0.656250
vt 0.703125 0.656250
vt 0.718750 0.656250
vt 0.734375 0.656250
vt 0.750000 0.656250
vt 0.765625 0.656250
vt 0.781250 0.656250
vt 0.796875 0.656250
vt 0.812500 0.656250
vt 0.828125 0.656250
vt 0.843750 0.656250
vt 0.859375 0.656250
vt 0.875000 0.656250
vt 0.906250 0.656250
vt 0.890625 0.656250
vt 0.921875 0.656250
vt 0.937500 0.656250
vt 0.953125 0.656250
vt 0.984375 0.640625
vt 0.968750 0.656250
vt 0.031250 0.671875
vt 0.015625 0.671875
vt 0.046875 0.671875
vt 0.062500 0.671875
vt 0.078125 0.671875
vt 0.093750 0.671875
vt 0.109375 0.671875
vt 0.125000 0.671875
vt 0.140625 0.671875
vt 0.156250 0.671875
vt 0.171875 0.671875
vt 0.187500 0.671875
vt 0.203125 0.671875
vt 0.218750 0.671875
vt 0.234375 0.671875
vt 0.250000 0.671875
vt 0.265625 0.671875
vt 0.281250 0.671875
vt 0.296875 0.671875
vt 0.312500 0.671875
vt 0.328125 0.671875
vt 0.343750 0.671875
vt 0.359375 0.671875
vt 0.375000 0.671875
vt 0.390625 0.671875
vt 0.406250 0.671875
vt 0.421875 0.671875
vt 0.437500 0.671875
vt 0.453125 0.671875
vt 0.468750 0.671875
vt 0.484375 0.671875
vt 0.515625 0.671875
vt 0.500000 0.671875
vt 0.531250 0.671875
vt 0.546875 0.671875
vt 0.562500 0.671875
vt 0.578125 0.671875
vt 0.593750 0.671875
vt 0.609375 0.671875
vt 0.625000 0.671875
vt 0.640625 0.671875
vt 0.656250 0.671875
vt 0.671875 0.671875
vt 0.687500 0.671875
vt 0.703125 0.671875
vt 0.718750 0.671875
vt 0.734375 0.671875
vt 0.750000 0.671875
vt 0.765625 0.671875
vt 0.781250 0.671875
vt 0.796875 0.671875
vt 0.812500 0.671875
vt 0.828125 0.671875
vt 0.843750 0.671875
vt 0.859375 0.671875
vt 0.875000 0.671875
vt 0.890625 0.671875
vt 0.906250 0.671875
vt 0.921875 0.671875
vt 0.937500 0.671875
vt 0.953125 0.671875
vt 0.984375 0.656250
vt 0.968750 0.671875
vt 0.031250 0.687500
vt 0.015625 0.687500
vt 0.046875 0.687500
vt 0.062500 0.687500
vt 0.078125 0.687500
vt 0.093750 0.687500
vt 0.109375 0.687500
vt 0.125000 0.687500
vt 0.140625 0.687500
vt 0.156250 0.687500
vt 0.171875 0.687500
vt 0.187500 0.687500
vt 0.203125 0.687500
vt 0.218750 0.687500
vt 0.234375 0.687500
vt 0.250000 0.687500
vt 0.265625 0.687500
vt 0.281250 0.687500
vt 0.296875 0.687500
vt 0.312500 0.687500
vt 0.328125 0.687500
vt 0.343750 0.687500
vt 0.359375 0.687500
vt 0.375000 0.687500
vt 0.390625 0.687500
vt 0.406250 0.687500
vt 0.421875 0.687500
vt 0.453125 0.687500
vt 0.437500 0.687500
vt 0.468750 0.687500
vt 0.484375 0.687500
vt 0.500000 0.687500
vt 0.515625 0.687500
vt 0.531250 0.687500
vt 0.546875 0.687500
vt 0.562500 0.687500
vt 0.578125 0.687500
vt 0.593750 0.687500
vt 0.609375 0.687500
vt 0.625000 0.687500
vt 0.640625 0.687500
vt 0.656250 0.687500
vt 0.671875 0.687500
vt 0.687500 0.687500
vt 0.703125 0.687500
vt 0.718750 0.687500
vt 0.734375 0.687500
vt 0.750000 0.687500
vt 0.765625 0.687500
vt 0.781250 0.687500
vt 0.796875 0.687500
vt 0.812500 0.687500
vt 0.828125 0.687500
vt 0.843750 0.687500
vt 0.859375 0.687500
vt 0.875000 0.687500
vt 0.890625 0.687500
vt 0.906250 0.687500
vt 0.921875 0.687500
vt 0.937500 0.687500
vt 0.953125 0.687500
vt 0.984375 0.671875
vt 0.968750 0.687500
vt 0.031250 0.703125
vt 0.015625 0.703125
vt 0.046875 0.703125
vt 0.062500 0.703125
vt 0.078125 0.703125
vt 0.093750 0.703125
vt 0.109375 0.703125
vt 0.125000 0.703125
vt 0.140625 0.703125
vt 0.156250 0.703125
vt 0.171875 0.703125
vt 0.187500 0.703125
vt 0.203125 0.703125
vt 0.218750 0.703125
vt 0.234375 0.703125
vt 0.250000 0.703125
vt 0.265625 0.703125
vt 0.281250 0.703125
vt 0.296875 0.703125
vt 0.312500 0.703125
vt 0.328125 0.703125
vt 0.343750 0.703125
vt 0.359375 0.703125
vt 0.375000 0.703125
vt 0.390625 0.703125
vt 0.406250 0.703125
vt 0.421875 0.703125
vt 0.437500 0.703125
vt 0.453125 0.703125
vt 0.468750 0.703125
vt 0.484375 0.703125
vt 0.500000 0.703125
vt 0.515625 0.703125
vt 0.531250 0.703125
vt 0.546875 0.703125
vt 0.562500 0.703125
vt 0.578125 0.703125
vt 0.593750 0.703125
vt 0.609375 0.703125
vt 0.625000 0.703125
vt 0.640625 0.703125
vt 0.656250 0.703125
vt 0.671875 0.703125
vt 0.687500 0.703125
vt 0.703125 0.703125
vt 0.718750 0.703125
vt 0.734375 0.703125
vt 0.750000 0.703125
vt 0.765625 0.703125
vt 0.781250 0.703125
vt 0.796875 0.703125
vt 0.812500 0.703125
vt 0.828125 0.703125
vt 0.843750 0.703125
vt 0.859375 0.703125
vt 0.875000 0.703125
vt 0.890625 0.703125
vt 0.906250 0.703125
vt 0.921875 0.703125
vt 0.937500 0.703125
vt 0.953125 0.703125
vt 0.984375 0.687500
vt 0.968750 0.703125
vt 0.031250 0.718750
vt 0.015625 0.718750
vt 0.046875 0.718750
vt 0.062500 0.718750
vt 0.078125 0.718750
vt 0.093750 0.718750
vt 0.109375 0.718750
vt 0.125000 0.718750
vt 0.140625 0.718750
vt 0.156250 0.718750
vt 0.171875 0.718750
vt 0.187500 0.718750
vt 0.203125 0.718750
vt 0.218750 0.718750
vt 0.234375 0.718750
vt 0.250000 0.718750
vt 0.265625 0.718750
vt 0.281250 0.718750
vt 0.296875 0.718750
vt 0.312500 0.718750
vt 0.328125 0.718750
vt 0.343750 0.718750
vt 0.359375 0.718750
vt 0.375000 0.718750
vt 0.390625 0.718750
vt 0.406250 0.718750
vt 0.421875 0.718750
vt 0.437500 0.718750
vt 0.453125 0.718750
vt 0.468750 0.718750
vt 0.500000 0.718750
vt 0.484375 0.718750
vt 0.531250 0.718750
vt 0.515625 0.718750
vt 0.546875 0.718750
vt 0.562500 0.718750
vt 0.578125 0.718750
vt 0.593750 0.718750
vt 0.609375 0.718750
vt 0.625000 0.718750
vt 0.640625 0.718750
vt 0.656250 0.718750
vt 0.671875 0.718750
vt 0.687500 0.718750
vt 0.703125 0.718750
vt 0.718750 0.718750
vt 0.734375 0.718750
vt 0.750000 0.718750
vt 0.765625 0.718750
vt 0.781250 0.718750
vt 0.796875 0.718750
vt 0.812500 0.718750
vt 0.828125 0.718750
vt 0.843750 0.718750
vt 0.859375 0.718750
vt 0.875000 0.718750
vt 0.890625 0.718750
vt 0.906250 0.718750
vt 0.921875 0.718750
vt 0.937500 0.718750
vt 0.953125 0.718750
vt 0.984375 0.703125
vt 0.968750 0.718750
vt 0.031250 0.734375
vt 0.015625 0.734375
vt 0.046875 0.734375
vt 0.062500 0.734375
vt 0.078125 0.734375
vt 0.093750 0.734375
vt 0.109375 0.734375
vt 0.125000 0.734375
vt 0.140625 0.734375
vt 0.156250 0.734375
vt 0.171875 0.734375
vt 0.187500 0.734375
vt 0.203125 0.734375
vt 0.218750 0.734375
vt 0.234375 0.734375
vt 0.250000 0.734375
vt 0.265625 0.734375
vt 0.281250 0.734375
vt 0.296875 0.734375
vt 0.312500 0.734375
vt 0.328125 0.734375
vt 0.343750 0.734375
vt 0.359375 0.734375
vt 0.375000 0.734375
vt 0.390625 0.734375
vt 0.406250 0.734375
vt 0.421875 0.734375
vt 0.437500 0.734375
vt 0.453125 0.734375
vt 0.468750 0.734375
vt 0.500000 0.734375
vt 0.484375 0.734375
vt 0.531250 0.734375
vt 0.515625 0.734375
vt 0.546875 0.734375
vt 0.562500 0.734375
vt 0.578125 0.734375
vt 0.593750 0.734375
vt 0.609375 0.734375
vt 0.625000 0.734375
vt 0.640625 0.734375
vt 0.656250 0.734375
vt 0.671875 0.734375
vt 0.687500 0.734375
vt 0.703125 0.734375
vt 0.718750 0.734375
vt 0.734375 0.734375
vt 0.750000 0.734375
vt 0.765625 0.734375
vt 0.781250 0.734375
vt 0.796875 0.734375
vt 0.812500 0.734375
vt 0.828125 0.734375
vt 0.843750 0.734375
vt 0.859375 0.734375
vt 0.875000 0.734375
vt 0.890625 0.734375
vt 0.906250 0.734375
vt 0.921875 0.734375
vt 0.937500 0.734375
vt 0.953125 0.734375
vt 0.984375 0.718750
vt 0.968750 0.734375
vt 0.031250 0.750000
vt 0.015625 0.750000
vt 0.046875 0.750000
vt 0.062500 0.750000
vt 0.078125 0.750000
vt 0.093750 0.750000
vt 0.109375 0.750000
vt 0.125000 0.750000
vt 0.140625 0.750000
vt 0.156250 0.750000
vt 0.171875 0.750000
vt 0.187500 0.750000
vt 0.203125 0.750000
vt 0.218750 0.750000
vt 0.234375 0.750000
vt 0.250000 0.750000
vt 0.265625 0.750000
vt 0.281250 0.750000
vt 0.296875 0.750000
vt 0.312500 0.750000
vt 0.328125 0.750000
vt 0.343750 0.750000
vt 0.359375 0.750000
vt 0.375000 0.750000
vt 0.390625 0.750000
vt 0.406250 0.750000
vt 0.421875 0.750000
vt 0.437500 0.750000
vt 0.453125 0.750000
vt 0.468750 0.750000
vt 0.484375 0.750000
vt 0.515625 0.750000
vt 0.500000 0.750000
vt 0.531250 0.750000
vt 0.546875 0.750000
vt 0.562500 0.750000
vt 0.578125 0.750000
vt 0.593750 0.750000
vt 0.609375 0.750000
vt 0.625000 0.750000
vt 0.640625 0.750000
vt 0.656250 0.750000
vt 0.671875 0.750000
vt 0.687500 0.750000
vt 0.703125 0.750000
vt 0.718750 0.750000
vt 0.734375 0.750000
vt 0.750000 0.750000
vt 0.765625 0.750000
vt 0.781250 0.750000
vt 0.796875 0.750000
vt 0.812500 0.750000
vt 0.828125 0.750000
vt 0.843750 0.750000
vt 0.859375 0.750000
vt 0.875000 0.750000
vt 0.890625 0.750000
vt 0.906250 0.750000
vt 0.921875 0.750000
vt 0.937500 0.750000
vt 0.953125 0.750000
vt 0.984375 0.734375
vt 0.968750 0.750000
vt 0.031250 0.765625
vt 0.015625 0.765625
vt 0.046875 0.765625
vt 0.062500 0.765625
vt 0.078125 0.765625
vt 0.093750 0.765625
vt 0.109375 0.765625
vt 0.125000 0.765625
vt 0.140625 0.765625
vt 0.156250 0.765625
vt 0.171875 0.765625
vt 0.187500 0.765625
vt 0.203125 0.765625
vt 0.218750 0.765625
vt 0.234375 0.765625
vt 0.250000 0.765625
vt 0.265625 0.765625
vt 0.281250 0.765625
vt 0.296875 0.765625
vt 0.312500 0.765625
vt 0.328125 0.765625
vt 0.343750 0.765625
vt 0.359375 0.765625
vt 0.375000 0.765625
vt 0.390625 0.765625
vt 0.406250 0.765625
vt 0.421875 0.765625
vt 0.437500 0.765625
vt 0.453125 0.765625
vt 0.468750 0.765625
vt 0.484375 0.765625
vt 0.500000 0.765625
vt 0.531250 0.765625
vt 0.515625 0.765625
vt 0.546875 0.765625
vt 0.562500 0.765625
vt 0.578125 0.765625
vt 0.593750 0.765625
vt 0.609375 0.765625
vt 0.625000 0.765625
vt 0.640625 0.765625
vt 0.656250 0.765625
vt 0.671875 0.765625
vt 0.687500 0.765625
vt 0.703125 0.765625
vt 0.718750 0.765625
vt 0.734375 0.765625
vt 0.750000 0.765625
vt 0.765625 0.765625
vt 0.781250 0.765625
vt 0.796875 0.765625
vt 0.812500 0.765625
vt 0.828125 0.765625
vt 0.843750 0.765625
vt 0.859375 0.765625
vt 0.875000 0.765625
vt 0.890625 0.765625
vt 0.906250 0.765625
vt 0.921875 0.765625
vt 0.937500 0.765625
vt 0.953125 0.765625
vt 0.984375 0.750000
vt 0.968750 0.765625
vt 0.031250 0.781250
vt 0.015625 0.781250
vt 0.046875 0.781250
vt 0.062500 0.781250
vt 0.078125 0.781250
vt 0.093750 0.781250
vt 0.109375 0.781250
vt 0.125000 0.781250
vt 0.140625 0.781250
vt 0.156250 0.781250
vt 0.171875 0.781250
vt 0.187500 0.781250
vt 0.203125 0.781250
vt 0.218750 0.781250
vt 0.234375 0.781250
vt 0.250000 0.781250
vt 0.265625 0.781250
vt 0.281250 0.781250
vt 0.296875 0.781250
vt 0.312500 0.781250
vt 0.328125 0.781250
vt 0.343750 0.781250
vt 0.359375 0.781250
vt 0.375000 0.781250
vt 0.390625 0.781250
vt 0.406250 0.781250
vt 0.421875 0.781250
vt 0.437500 0.781250
vt 0.453125 0.781250
vt 0.468750 0.781250
vt 0.484375 0.781250
vt 0.500000 0.781250
vt 0.531250 0.781250
vt 0.515625 0.781250
vt 0.546875 0.781250
vt 0.562500 0.781250
vt 0.578125 0.781250
vt 0.593750 0.781250
vt 0.609375 0.781250
vt 0.625000 0.781250
vt 0.640625 0.781250
vt 0.656250 0.781250
vt 0.671875 0.781250
vt 0.687500 0.781250
vt 0.703125 0.781250
vt 0.718750 0.781250
vt 0.734375 0.781250
vt 0.750000 0.781250
vt 0.765625 0.781250
vt 0.781250 0.781250
vt 0.796875 0.781250
vt 0.812500 0.781250
vt 0.828125 0.781250
vt 0.843750 0.781250
vt 0.859375 0.781250
vt 0.875000 0.781250
vt 0.890625 0.781250
vt 0.906250 0.781250
vt 0.921875 0.781250
vt 0.937500 0.781250
vt 0.953125 0.781250
vt 0.984375 0.765625
vt 0.968750 0.781250
vt 0.031250 0.796875
vt 0.015625 0.796875
vt 0.046875 0.796875
vt 0.062500 0.796875
vt 0.078125 0.796875
vt 0.093750 0.796875
vt 0.109375 0.796875
vt 0.125000 0.796875
vt 0.140625 0.796875
vt 0.156250 0.796875
vt 0.171875 0.796875
vt 0.187500 0.796875
vt 0.203125 0.796875
vt 0.218750 0.796875
vt 0.234375 0.796875
vt 0.250000 0.796875
vt 0.265625 0.796875
vt 0.281250 0.796875
vt 0.296875 0.796875
vt 0.312500 0.796875
vt 0.328125 0.796875
vt 0.343750 0.796875
vt 0.359375 0.796875
vt 0.375000 0.796875
vt 0.390625 0.796875
vt 0.406250 0.796875
vt 0.421875 0.796875
vt 0.437500 0.796875
vt 0.453125 0.796875
vt 0.468750 0.796875
vt 0.484375 0.796875
vt 0.500000 0.796875
vt 0.531250 0.796875
vt 0.515625 0.796875
vt 0.546875 0.796875
vt 0.562500 0.796875
vt 0.578125 0.796875
vt 0.593750 0.796875
vt 0.609375 0.796875
vt 0.625000 0.796875
vt 0.640625 0.796875
vt 0.656250 0.796875
vt 0.671875 0.796875
vt 0.687500 0.796875
vt 0.703125 0.796875
vt 0.718750 0.796875
vt 0.734375 0.796875
vt 0.750000 0.796875
vt 0.765625 0.796875
vt 0.781250 0.796875
vt 0.796875 0.796875
vt 0.812500 0.796875
vt 0.828125 0.796875
vt 0.843750 0.796875
vt 0.859375 0.796875
vt 0.875000 0.796875
vt 0.890625 0.796875
vt 0.906250 0.796875
vt 0.921875 0.796875
vt 0.937500 0.796875
vt 0.953125 0.796875
vt 0.984375 0.781250
vt 0.968750 0.796875
vt 0.031250 0.812500
vt 0.015625 0.812500
vt 0.046875 0.812500
vt 0.062500 0.812500
vt 0.078125 0.812500
vt 0.093750 0.812500
vt 0.109375 0.812500
vt 0.125000 0.812500
vt 0.140625 0.812500
vt 0.156250 0.812500
vt 0.171875 0.812500
vt 0.187500 0.812500
vt 0.203125 0.812500
vt 0.218750 0.812500
vt 0.234375 0.812500
vt 0.250000 0.812500
vt 0.265625 0.812500
vt 0.281250 0.812500
vt 0.296875 0.812500
vt 0.312500 0.812500
vt 0.328125 0.812500
vt 0.343750 0.812500
vt 0.359375 0.812500
vt 0.375000 0.812500
vt 0.390625 0.812500
vt 0.406250 0.812500
vt 0.421875 0.812500
vt 0.437500 0.812500
vt 0.453125 0.812500
vt 0.468750 0.812500
vt 0.484375 0.812500
vt 0.500000 0.812500
vt 0.531250 0.812500
vt 0.515625 0.812500
vt 0.546875 0.812500
vt 0.562500 0.812500
vt 0.578125 0.812500
vt 0.593750 0.812500
vt 0.625000 0.812500
vt 0.609375 0.812500
vt 0.640625 0.812500
vt 0.656250 0.812500
vt 0.671875 0.812500
vt 0.687500 0.812500
vt 0.703125 0.812500
vt 0.718750 0.812500
vt 0.734375 0.812500
vt 0.750000 0.812500
vt 0.765625 0.812500
vt 0.781250 0.812500
vt 0.796875 0.812500
vt 0.812500 0.812500
vt 0.828125 0.812500
vt 0.843750 0.812500
vt 0.859375 0.812500
vt 0.875000 0.812500
vt 0.890625 0.812500
vt 0.906250 0.812500
vt 0.921875 0.812500
vt 0.937500 0.812500
vt 0.953125 0.812500
vt 0.984375 0.796875
vt 0.968750 0.812500
vt 0.031250 0.828125
vt 0.015625 0.828125
vt 0.046875 0.828125
vt 0.062500 0.828125
vt 0.078125 0.828125
vt 0.093750 0.828125
vt 0.109375 0.828125
vt 0.125000 0.828125
vt 0.140625 0.828125
vt 0.156250 0.828125
vt 0.171875 0.828125
vt 0.187500 0.828125
vt 0.203125 0.828125
vt 0.218750 0.828125
vt 0.234375 0.828125
vt 0.250000 0.828125
vt 0.265625 0.828125
vt 0.281250 0.828125
vt 0.296875 0.828125
vt 0.312500 0.828125
vt 0.328125 0.828125
vt 0.343750 0.828125
vt 0.359375 0.828125
vt 0.375000 0.828125
vt 0.390625 0.828125
vt 0.406250 0.828125
vt 0.421875 0.828125
vt 0.437500 0.828125
vt 0.453125 0.828125
vt 0.468750 0.828125
vt 0.484375 0.828125
vt 0.500000 0.828125
vt 0.531250 0.828125
vt 0.515625 0.828125
vt 0.546875 0.828125
vt 0.562500 0.828125
vt 0.578125 0.828125
vt 0.593750 0.828125
vt 0.609375 0.828125
vt 0.625000 0.828125
vt 0.640625 0.828125
vt 0.656250 0.828125
vt 0.671875 0.828125
vt 0.687500 0.828125
vt 0.703125 0.828125
vt 0.718750 0.828125
vt 0.734375 0.828125
vt 0.750000 0.828125
vt 0.765625 0.828125
vt 0.781250 0.828125
vt 0.796875 0.828125
vt 0.812500 0.828125
vt 0.828125 0.828125
vt 0.843750 0.828125
vt 0.859375 0.828125
vt 0.875000 0.828125
vt 0.890625 0.828125
vt 0.906250 0.828125
vt 0.921875 0.828125
vt 0.937500 0.828125
vt 0.953125 0.828125
vt 0.984375 0.812500
vt 0.968750 0.828125
vt 0.031250 0.843750
vt 0.015625 0.843750
vt 0.046875 0.843750
vt 0.062500 0.843750
vt 0.078125 0.843750
vt 0.093750 0.843750
vt 0.109375 0.843750
vt 0.125000 0.843750
vt 0.140625 0.843750
vt 0.156250 0.843750
vt 0.171875 0.843750
vt 0.187500 0.843750
vt 0.203125 0.843750
vt 0.218750 0.843750
vt 0.234375 0.843750
vt 0.250000 0.843750
vt 0.265625 0.843750
vt 0.281250 0.843750
vt 0.296875 0.843750
vt 0.312500 0.843750
vt 0.328125 0.843750
vt 0.343750 0.843750
vt 0.359375 0.843750
vt 0.375000 0.843750
vt 0.390625 0.843750
vt 0.406250 0.843750
vt 0.421875 0.843750
vt 0.437500 0.843750
vt 0.453125 0.843750
vt 0.468750 0.843750
vt 0.484375 0.843750
vt 0.500000 0.843750
vt 0.531250 0.843750
vt 0.515625 0.843750
vt 0.546875 0.843750
vt 0.562500 0.843750
vt 0.578125 0.843750
vt 0.593750 0.843750
vt 0.609375 0.843750
vt 0.625000 0.843750
vt 0.640625 0.843750
vt 0.656250 0.843750
vt 0.671875 0.843750
vt 0.687500 0.843750
vt 0.703125 0.843750
vt 0.718750 0.843750
vt 0.734375 0.843750
vt 0.750000 0.843750
vt 0.765625 0.843750
vt 0.781250 0.843750
vt 0.796875 0.843750
vt 0.812500 0.843750
vt 0.828125 0.843750
vt 0.843750 0.843750
vt 0.859375 0.843750
vt 0.875000 0.843750
vt 0.890625 0.843750
vt 0.906250 0.843750
vt 0.921875 0.843750
vt 0.937500 0.843750
vt 0.953125 0.843750
vt 0.984375 0.828125
vt 0.968750 0.843750
vt 0.031250 0.859375
vt 0.015625 0.859375
vt 0.046875 0.859375
vt 0.062500 0.859375
vt 0.078125 0.859375
vt 0.093750 0.859375
vt 0.109375 0.859375
vt 0.125000 0.859375
vt 0.140625 0.859375
vt 0.156250 0.859375
vt 0.171875 0.859375
vt 0.187500 0.859375
vt 0.203125 0.859375
vt 0.218750 0.859375
vt 0.234375 0.859375
vt 0.250000 0.859375
vt 0.265625 0.859375
vt 0.281250 0.859375
vt 0.296875 0.859375
vt 0.312500 0.859375
vt 0.328125 0.859375
vt 0.343750 0.859375
vt 0.359375 0.859375
vt 0.375000 0.859375
vt 0.390625 0.859375
vt 0.406250 0.859375
vt 0.421875 0.859375
vt 0.437500 0.859375
vt 0.453125 0.859375
vt 0.468750 0.859375
vt 0.484375 0.859375
vt 0.500000 0.859375
vt 0.531250 0.859375
vt 0.515625 0.859375
vt 0.546875 0.859375
vt 0.562500 0.859375
vt 0.578125 0.859375
vt 0.593750 0.859375
vt 0.609375 0.859375
vt 0.640625 0.859375
vt 0.625000 0.859375
vt 0.656250 0.859375
vt 0.671875 0.859375
vt 0.687500 0.859375
vt 0.703125 0.859375
vt 0.718750 0.859375
vt 0.734375 0.859375
vt 0.750000 0.859375
vt 0.765625 0.859375
vt 0.781250 0.859375
vt 0.796875 0.859375
vt 0.812500 0.859375
vt 0.828125 0.859375
vt 0.843750 0.859375
vt 0.859375 0.859375
vt 0.875000 0.859375
vt 0.890625 0.859375
vt 0.906250 0.859375
vt 0.921875 0.859375
vt 0.937500 0.859375
vt 0.953125 0.859375
vt 0.984375 0.843750
vt 0.968750 0.859375
vt 0.031250 0.875000
vt 0.015625 0.875000
vt 0.046875 0.875000
vt 0.062500 0.875000
vt 0.078125 0.875000
vt 0.093750 0.875000
vt 0.109375 0.875000
vt 0.125000 0.875000
vt 0.140625 0.875000
vt 0.156250 0.875000
vt 0.171875 0.875000
vt 0.187500 0.875000
vt 0.203125 0.875000
vt 0.218750 0.875000
vt 0.234375 0.875000
vt 0.250000 0.875000
vt 0.265625 0.875000
vt 0.281250 0.875000
vt 0.296875 0.875000
vt 0.312500 0.875000
vt 0.328125 0.875000
vt 0.343750 0.875000
vt 0.359375 0.875000
vt 0.375000 0.875000
vt 0.390625 0.875000
vt 0.406250 0.875000
vt 0.421875 0.875000
vt 0.437500 0.875000
vt 0.453125 0.875000
vt 0.468750 0.875000
vt 0.484375 0.875000
vt 0.500000 0.875000
vt 0.515625 0.875000
vt 0.546875 0.875000
vt 0.531250 0.875000
vt 0.562500 0.875000
vt 0.578125 0.875000
vt 0.593750 0.875000
vt 0.609375 0.875000
vt 0.625000 0.875000
vt 0.640625 0.875000
vt 0.656250 0.875000
vt 0.671875 0.875000
vt 0.687500 0.875000
vt 0.703125 0.875000
vt 0.718750 0.875000
vt 0.734375 0.875000
vt 0.750000 0.875000
vt 0.765625 0.875000
vt 0.781250 0.875000
vt 0.796875 0.875000
vt 0.812500 0.875000
vt 0.828125 0.875000
vt 0.843750 0.875000
vt 0.859375 0.875000
vt 0.875000 0.875000
vt 0.890625 0.875000
vt 0.906250 0.875000
vt 0.921875 0.875000
vt 0.937500 0.875000
vt 0.953125 0.875000
vt 0.984375 0.859375
vt 0.968750 0.875000
vt 0.031250 0.890625
vt 0.015625 0.890625
vt 0.046875 0.890625
vt 0.062500 0.890625
vt 0.078125 0.890625
vt 0.093750 0.890625
vt 0.109375 0.890625
vt 0.125000 0.890625
vt 0.140625 0.890625
vt 0.156250 0.890625
vt 0.171875 0.890625
vt 0.187500 0.890625
vt 0.203125 0.890625
vt 0.218750 0.890625
vt 0.234375 0.890625
vt 0.250000 0.890625
vt 0.265625 0.890625
vt 0.281250 0.890625
vt 0.296875 0.890625
vt 0.312500 0.890625
vt 0.328125 0.890625
vt 0.343750 0.890625
vt 0.359375 0.890625
vt 0.375000 0.890625
vt 0.390625 0.890625
vt 0.406250 0.890625
vt 0.421875 0.890625
vt 0.437500 0.890625
vt 0.453125 0.890625
vt 0.468750 0.890625
vt 0.484375 0.890625
vt 0.500000 0.890625
vt 0.515625 0.890625
vt 0.546875 0.890625
vt 0.531250 0.890625
vt 0.562500 0.890625
vt 0.578125 0.890625
vt 0.593750 0.890625
vt 0.609375 0.890625
vt 0.625000 0.890625
vt 0.640625 0.890625
vt 0.656250 0.890625
vt 0.671875 0.890625
vt 0.687500 0.890625
vt 0.703125 0.890625
vt 0.718750 0.890625
vt 0.734375 0.890625
vt 0.750000 0.890625
vt 0.765625 0.890625
vt 0.781250 0.890625
vt 0.796875 0.890625
vt 0.812500 0.890625
vt 0.828125 0.890625
vt 0.843750 0.890625
vt 0.859375 0.890625
vt 0.875000 0.890625
vt 0.890625 0.890625
vt 0.906250 0.890625
vt 0.921875 0.890625
vt 0.937500 0.890625
vt 0.953125 0.890625
vt 0.984375 0.875000
vt 0.968750 0.890625
vt 0.031250 0.906250
vt 0.015625 0.906250
vt 0.046875 0.906250
vt 0.062500 0.906250
vt 0.078125 0.906250
vt 0.093750 0.906250
vt 0.109375 0.906250
vt 0.125000 0.906250
vt 0.140625 0.906250
vt 0.156250 0.906250
vt 0.171875 0.906250
vt 0.187500 0.906250
vt 0.203125 0.906250
vt 0.218750 0.906250
vt 0.234375 0.906250
vt 0.250000 0.906250
vt 0.265625 0.906250
vt 0.281250 0.906250
vt 0.296875 0.906250
vt 0.312500 0.906250
vt 0.328125 0.906250
vt 0.343750 0.906250
vt 0.359375 0.906250
vt 0.375000 0.906250
vt 0.390625 0.906250
vt 0.406250 0.906250
vt 0.421875 0.906250
vt 0.437500 0.906250
vt 0.453125 0.906250
vt 0.468750 0.906250
vt 0.484375 0.906250
vt 0.500000 0.906250
vt 0.515625 0.906250
vt 0.546875 0.906250
vt 0.531250 0.906250
vt 0.562500 0.906250
vt 0.578125 0.906250
vt 0.593750 0.906250
vt 0.609375 0.906250
vt 0.625000 0.906250
vt 0.656250 0.906250
vt 0.640625 0.906250
vt 0.671875 0.906250
vt 0.687500 0.906250
vt 0.703125 0.906250
vt 0.718750 0.906250
vt 0.734375 0.906250
vt 0.750000 0.906250
vt 0.765625 0.906250
vt 0.781250 0.906250
vt 0.796875 0.906250
vt 0.812500 0.906250
vt 0.828125 0.906250
vt 0.843750 0.906250
vt 0.859375 0.906250
vt 0.875000 0.906250
vt 0.890625 0.906250
vt 0.906250 0.906250
vt 0.921875 0.906250
vt 0.937500 0.906250
vt 0.953125 0.906250
vt 0.984375 0.890625
vt 0.968750 0.906250
vt 0.031250 0.921875
vt 0.015625 0.921875
vt 0.046875 0.921875
vt 0.062500 0.921875
vt 0.078125 0.921875
vt 0.093750 0.921875
vt 0.109375 0.921875
vt 0.125000 0.921875
vt 0.140625 0.921875
vt 0.156250 0.921875
vt 0.171875 0.921875
vt 0.187500 0.921875
vt 0.203125 0.921875
vt 0.218750 0.921875
vt 0.234375 0.921875
vt 0.250000 0.921875
vt 0.265625 0.921875
vt 0.281250 0.921875
vt 0.296875 0.921875
vt 0.312500 0.921875
vt 0.328125 0.921875
vt 0.343750 0.921875
vt 0.359375 0.921875
vt 0.375000 0.921875
vt 0.390625 0.921875
vt 0.406250 0.921875
vt 0.421875 0.921875
vt 0.437500 0.921875
vt 0.453125 0.921875
vt 0.468750 0.921875
vt 0.500000 0.921875
vt 0.484375 0.921875
vt 0.515625 0.921875
vt 0.531250 0.921875
vt 0.562500 0.921875
vt 0.546875 0.921875
vt 0.578125 0.921875
vt 0.593750 0.921875
vt 0.609375 0.921875
vt 0.625000 0.921875
vt 0.640625 0.921875
vt 0.656250 0.921875
vt 0.671875 0.921875
vt 0.687500 0.921875
vt 0.703125 0.921875
vt 0.718750 0.921875
vt 0.734375 0.921875
vt 0.750000 0.921875
vt 0.765625 0.921875
vt 0.781250 0.921875
vt 0.796875 0.921875
vt 0.812500 0.921875
vt 0.828125 0.921875
vt 0.843750 0.921875
vt 0.859375 0.921875
vt 0.875000 0.921875
vt 0.890625 0.921875
vt 0.906250 0.921875
vt 0.921875 0.921875
vt 0.937500 0.921875
vt 0.953125 0.921875
vt 0.984375 0.906250
vt 0.968750 0.921875
vt 0.031250 0.937500
vt 0.015625 0.937500
vt 0.046875 0.937500
vt 0.062500 0.937500
vt 0.078125 0.937500
vt 0.093750 0.937500
vt 0.109375 0.937500
vt 0.125000 0.937500
vt 0.140625 0.937500
vt 0.156250 0.937500
vt 0.171875 0.937500
vt 0.187500 0.937500
vt 0.203125 0.937500
vt 0.218750 0.937500
vt 0.234375 0.937500
vt 0.250000 0.937500
vt 0.265625 0.937500
vt 0.281250 0.937500
vt 0.296875 0.937500
vt 0.312500 0.937500
vt 0.328125 0.937500
vt 0.343750 0.937500
vt 0.359375 0.937500
vt 0.375000 0.937500
vt 0.390625 0.937500
vt 0.406250 0.937500
vt 0.421875 0.937500
vt 0.437500 0.937500
vt 0.453125 0.937500
vt 0.468750 0.937500
vt 0.500000 0.937500
vt 0.484375 0.937500
vt 0.515625 0.937500
vt 0.531250 0.937500
vt 0.562500 0.937500
vt 0.546875 0.937500
vt 0.578125 0.937500
vt 0.593750 0.937500
vt 0.609375 0.937500
vt 0.625000 0.937500
vt 0.640625 0.937500
vt 0.671875 0.937500
vt 0.656250 0.937500
vt 0.687500 0.937500
vt 0.703125 0.937500
vt 0.718750 0.937500
vt 0.734375 0.937500
vt 0.750000 0.937500
vt 0.765625 0.937500
vt 0.781250 0.937500
vt 0.796875 0.937500
vt 0.812500 0.937500
vt 0.828125 0.937500
vt 0.843750 0.937500
vt 0.859375 0.937500
vt 0.875000 0.937500
vt 0.890625 0.937500
vt 0.906250 0.937500
vt 0.921875 0.937500
vt 0.937500 0.937500
vt 0.953125 0.937500
vt 0.984375 0.921875
vt 0.968750 0.937500
vt 0.031250 0.953125
vt 0.015625 0.953125
vt 0.046875 0.953125
vt 0.062500 0.953125
vt 0.078125 0.953125
vt 0.093750 0.953125
vt 0.109375 0.953125
vt 0.125000 0.953125
vt 0.140625 0.953125
vt 0.156250 0.953125
vt 0.171875 0.953125
vt 0.187500 0.953125
vt 0.203125 0.953125
vt 0.218750 0.953125
vt 0.234375 0.953125
vt 0.250000 0.953125
vt 0.265625 0.953125
vt 0.281250 0.953125
vt 0.296875 0.953125
vt 0.312500 0.953125
vt 0.328125 0.953125
vt 0.343750 0.953125
vt 0.359375 0.953125
vt 0.375000 0.953125
vt 0.390625 0.953125
vt 0.406250 0.953125
vt 0.421875 0.953125
vt 0.437500 0.953125
vt 0.453125 0.953125
vt 0.468750 0.953125
vt 0.500000 0.953125
vt 0.484375 0.953125
vt 0.515625 0.953125
vt 0.531250 0.953125
vt 0.562500 0.953125
vt 0.546875 0.953125
vt 0.578125 0.953125
vt 0.593750 0.953125
vt 0.609375 0.953125
vt 0.625000 0.953125
vt 0.640625 0.953125
vt 0.671875 0.953125
vt 0.656250 0.953125
vt 0.687500 0.953125
vt 0.703125 0.953125
vt 0.718750 0.953125
vt 0.734375 0.953125
vt 0.750000 0.953125
vt 0.765625 0.953125
vt 0.781250 0.953125
vt 0.796875 0.953125
vt 0.812500 0.953125
vt 0.828125 0.953125
vt 0.843750 0.953125
vt 0.859375 0.953125
vt 0.875000 0.953125
vt 0.890625 0.953125
vt 0.906250 0.953125
vt 0.921875 0.953125
vt 0.937500 0.953125
vt 0.953125 0.953125
vt 0.984375 0.937500
vt 0.968750 0.953125
vt 0.031250 0.968750
vt 0.015625 0.968750
vt 0.046875 0.968750
vt 0.062500 0.968750
vt 0.078125 0.968750
vt 0.093750 0.968750
vt 0.109375 0.968750
vt 0.125000 0.968750
vt 0.140625 0.968750
vt 0.156250 0.968750
vt 0.171875 0.968750
vt 0.187500 0.968750
vt 0.203125 0.968750
vt 0.218750 0.968750
vt 0.234375 0.968750
vt 0.250000 0.968750
vt 0.265625 0.968750
vt 0.281250 0.968750
vt 0.296875 0.968750
vt 0.312500 0.968750
vt 0.328125 0.968750
vt 0.343750 0.968750
vt 0.359375 0.968750
vt 0.375000 0.968750
vt 0.390625 0.968750
vt 0.406250 0.968750
vt 0.421875 0.968750
vt 0.437500 0.968750
vt 0.453125 0.968750
vt 0.468750 0.968750
vt 0.484375 0.968750
vt 0.500000 0.968750
vt 0.515625 0.968750
vt 0.531250 0.968750
vt 0.546875 0.968750
vt 0.578125 0.968750
vt 0.562500 0.968750
vt 0.593750 0.968750
vt 0.609375 0.968750
vt 0.625000 0.968750
vt 0.640625 0.968750
vt 0.656250 0.968750
vt 0.687500 0.968750
vt 0.671875 0.968750
vt 0.703125 0.968750
vt 0.718750 0.968750
vt 0.734375 0.968750
vt 0.750000 0.968750
vt 0.765625 0.968750
vt 0.781250 0.968750
vt 0.796875 0.968750
vt 0.812500 0.968750
vt 0.828125 0.968750
vt 0.843750 0.968750
vt 0.859375 0.968750
vt 0.875000 0.968750
vt 0.890625 0.968750
vt 0.906250 0.968750
vt 0.921875 0.968750
vt 0.937500 0.968750
vt 0.953125 0.968750
vt 0.984375 0.953125
vt 0.968750 0.968750
vt 0.031250 0.984375
vt 0.015625 0.984375
vt 0.046875 0.984375
vt 0.062500 0.984375
vt 0.078125 0.984375
vt 0.093750 0.984375
vt 0.109375 0.984375
vt 0.125000 0.984375
vt 0.140625 0.984375
vt 0.156250 0.984375
vt 0.171875 0.984375
vt 0.187500 0.984375
vt 0.203125 0.984375
vt 0.218750 0.984375
vt 0.234375 0.984375
vt 0.250000 0.984375
vt 0.265625 0.984375
vt 0.281250 0.984375
vt 0.296875 0.984375
vt 0.312500 0.984375
vt 0.328125 0.984375
vt 0.343750 0.984375
vt 0.359375 0.984375
vt 0.375000 0.984375
vt 0.390625 0.984375
vt 0.406250 0.984375
vt 0.421875 0.984375
vt 0.437500 0.984375
vt 0.468750 0.984375
vt 0.453125 0.984375
vt 0.484375 0.984375
vt 0.500000 0.984375
vt 0.515625 0.984375
vt 0.531250 0.984375
vt 0.546875 0.984375
vt 0.578125 0.984375
vt 0.562500 0.984375
vt 0.593750 0.984375
vt 0.609375 0.984375
vt 0.625000 0.984375
vt 0.640625 0.984375
vt 0.656250 0.984375
vt 0.687500 0.984375
vt 0.671875 0.984375
vt 0.703125 0.984375
vt 0.718750 0.984375
vt 0.734375 0.984375
vt 0.750000 0.984375
vt 0.765625 0.984375
vt 0.781250 0.984375
vt 0.796875 0.984375
vt 0.812500 0.984375
vt 0.828125 0.984375
vt 0.843750 0.984375
vt 0.859375 0.984375
vt 0.875000 0.984375
vt 0.890625 0.984375
vt 0.906250 0.984375
vt 0.921875 0.984375
vt 0.937500 0.984375
vt 0.953125 0.984375
vt 0.984375 0.968750
vt 0.968750 0.984375
vt 0.015625 0.000000
vt 0.000000 0.015625
vt 0.000000 0.000000
vt 0.031250 0.000000
vt 0.046875 0.000000
vt 0.062500 0.000000
vt 0.078125 0.000000
vt 0.093750 0.000000
vt 0.109375 0.000000
vt 0.125000 0.000000
vt 0.140625 0.000000
vt 0.156250 0.000000
vt 0.171875 0.000000
vt 0.187500 0.000000
vt 0.203125 0.000000
vt 0.218750 0.000000
vt 0.234375 0.000000
vt 0.250000 0.000000
vt 0.265625 0.000000
vt 0.281250 0.000000
vt 0.312500 0.000000
vt 0.296875 0.000000
vt 0.328125 0.000000
vt 0.343750 0.000000
vt 0.359375 0.000000
vt 0.375000 0.000000
vt 0.390625 0.000000
vt 0.406250 0.000000
vt 0.421875 0.000000
vt 0.453125 0.000000
vt 0.437500 0.000000
vt 0.468750 0.000000
vt 0.484375 0.000000
vt 0.515625 0.000000
vt 0.500000 0.000000
vt 0.531250 0.000000
vt 0.546875 0.000000
vt 0.578125 0.000000
vt 0.562500 0.000000
vt 0.593750 0.000000
vt 0.609375 0.000000
vt 0.625000 0.000000
vt 0.640625 0.000000
vt 0.656250 0.000000
vt 0.671875 0.000000
vt 0.687500 0.000000
vt 0.703125 0.000000
vt 0.718750 0.000000
vt 0.734375 0.000000
vt 0.750000 0.000000
vt 0.765625 0.000000
vt 0.781250 0.000000
vt 0.796875 0.000000
vt 0.812500 0.000000
vt 0.828125 0.000000
vt 0.843750 0.000000
vt 0.859375 0.000000
vt 0.875000 0.000000
vt 0.890625 0.000000
vt 0.906250 0.000000
vt 0.921875 0.000000
vt 0.937500 0.000000
vt 0.953125 0.000000
vt 0.968750 0.000000
vt 0.984375 0.015625
vt 0.984375 0.000000
vt 1.000000 0.015625
vt 1.000000 0.031250
vt 1.000000 0.046875
vt 1.000000 0.062500
vt 1.000000 0.078125
vt 1.000000 0.093750
vt 1.000000 0.109375
vt 1.000000 0.125000
vt 1.000000 0.140625
vt 1.000000 0.156250
vt 1.000000 0.171875
vt 1.000000 0.187500
vt 1.000000 0.203125
vt 1.000000 0.218750
vt 1.000000 0.234375
vt 1.000000 0.250000
vt 1.000000 0.265625
vt 1.000000 0.281250
vt 0.984375 0.296875
vt 1.000000 0.312500
vt 1.000000 0.328125
vt 1.000000 0.343750
vt 1.000000 0.359375
vt 1.000000 0.375000
vt 1.000000 0.390625
vt 1.000000 0.406250
vt 1.000000 0.421875
vt 1.000000 0.437500
vt 1.000000 0.453125
vt 0.984375 0.468750
vt 1.000000 0.484375
vt 1.000000 0.500000
vt 1.000000 0.515625
vt 1.000000 0.531250
vt 1.000000 0.546875
vt 0.984375 0.562500
vt 1.000000 0.562500
vt 1.000000 0.593750
vt 1.000000 0.609375
vt 1.000000 0.625000
vt 1.000000 0.640625
vt 1.000000 0.656250
vt 1.000000 0.671875
vt 1.000000 0.703125
vt 1.000000 0.718750
vt 1.000000 0.734375
vt 1.000000 0.750000
vt 1.000000 0.765625
vt 1.000000 0.781250
vt 1.000000 0.796875
vt 1.000000 0.812500
vt 1.000000 0.828125
vt 1.000000 0.843750
vt 1.000000 0.859375
vt 1.000000 0.875000
vt 1.000000 0.890625
vt 1.000000 0.906250
vt 1.000000 0.921875
vt 1.000000 0.937500
vt 1.000000 0.953125
vt 1.000000 0.968750
vt 0.984375 0.984375
vt 1.000000 0.984375
vt 0.984375 1.000000
vt 0.968750 1.000000
vt 0.953125 1.000000
vt 0.937500 1.000000
vt 0.921875 1.000000
vt 0.906250 1.000000
vt 0.890625 1.000000
vt 0.875000 1.000000
vt 0.859375 1.000000
vt 0.843750 1.000000
vt 0.828125 1.000000
vt 0.812500 1.000000
vt 0.796875 1.000000
vt 0.781250 1.000000
vt 0.765625 1.000000
vt 0.750000 1.000000
vt 0.734375 1.000000
vt 0.718750 1.000000
vt 0.703125 1.000000
vt 0.687500 1.000000
vt 0.671875 1.000000
vt 0.656250 1.000000
vt 0.640625 1.000000
vt 0.625000 1.000000
vt 0.609375 1.000000
vt 0.593750 1.000000
vt 0.578125 1.000000
vt 0.562500 1.000000
vt 0.546875 1.000000
vt 0.531250 1.000000
vt 0.515625 1.000000
vt 0.500000 1.000000
vt 0.484375 1.000000
vt 0.468750 1.000000
vt 0.453125 1.000000
vt 0.437500 1.000000
vt 0.421875 1.000000
vt 0.406250 1.000000
vt 0.390625 1.000000
vt 0.375000 1.000000
vt 0.359375 1.000000
vt 0.343750 1.000000
vt 0.328125 1.000000
vt 0.312500 1.000000
vt 0.296875 1.000000
vt 0.281250 1.000000
vt 0.265625 1.000000
vt 0.250000 1.000000
vt 0.234375 1.000000
vt 0.218750 1.000000
vt 0.203125 1.000000
vt 0.187500 1.000000
vt 0.171875 1.000000
vt 0.156250 1.000000
vt 0.140625 1.000000
vt 0.125000 1.000000
vt 0.109375 1.000000
vt 0.093750 1.000000
vt 0.078125 1.000000
vt 0.062500 1.000000
vt 0.046875 1.000000
vt 0.031250 1.000000
vt 0.015625 1.000000
vt 0.000000 0.984375
vt 0.000000 1.000000
vt 0.000000 0.968750
vt 0.000000 0.953125
vt 0.000000 0.937500
vt 0.000000 0.921875
vt 0.000000 0.906250
vt 0.000000 0.890625
vt 0.000000 0.875000
vt 0.000000 0.859375
vt 0.000000 0.843750
vt 0.000000 0.828125
vt 0.000000 0.812500
vt 0.000000 0.796875
vt 0.000000 0.781250
vt 0.000000 0.765625
vt 0.000000 0.750000
vt 0.000000 0.734375
vt 0.000000 0.718750
vt 0.000000 0.703125
vt 0.000000 0.687500
vt 0.000000 0.671875
vt 0.000000 0.656250
vt 0.000000 0.640625
vt 0.000000 0.625000
vt 0.000000 0.609375
vt 0.000000 0.593750
vt 0.000000 0.578125
vt 0.000000 0.562500
vt 0.000000 0.546875
vt 0.000000 0.531250
vt 0.000000 0.515625
vt 0.000000 0.500000
vt 0.000000 0.484375
vt 0.000000 0.468750
vt 0.000000 0.453125
vt 0.000000 0.437500
vt 0.000000 0.421875
vt 0.000000 0.406250
vt 0.000000 0.390625
vt 0.000000 0.375000
vt 0.000000 0.359375
vt 0.000000 0.343750
vt 0.000000 0.328125
vt 0.000000 0.312500
vt 0.000000 0.296875
vt 0.000000 0.281250
vt 0.000000 0.265625
vt 0.000000 0.250000
vt 0.000000 0.234375
vt 0.000000 0.218750
vt 0.000000 0.203125
vt 0.000000 0.187500
vt 0.000000 0.171875
vt 0.000000 0.156250
vt 0.000000 0.140625
vt 0.000000 0.125000
vt 0.000000 0.109375
vt 0.000000 0.093750
vt 0.000000 0.078125
vt 0.000000 0.062500
vt 0.000000 0.046875
vt 0.000000 0.031250
vt 1.000000 0.000000
vt 1.000000 0.296875
vt 1.000000 0.468750
vt 1.000000 0.578125
vt 1.000000 0.687500
vt 1.000000 1.000000
s 1
usemtl マテリアル.001
f 258/1/1 320/2/2 257/3/3
f 259/4/4 321/5/5 258/1/1
f 260/6/6 322/7/7 259/4/4
f 261/8/8 323/9/9 260/6/6
f 262/10/10 324/11/11 261/8/8
f 263/12/12 325/13/13 262/10/10
f 264/14/14 326/15/15 263/12/12
f 265/16/16 327/17/17 264/14/14
f 266/18/18 328/19/19 265/16/16
f 267/20/20 329/21/21 266/18/18
f 268/22/22 330/23/23 267/20/20
f 269/24/24 331/25/25 268/22/22
f 270/26/26 332/27/27 269/24/24
f 271/28/28 333/29/29 270/26/26
f 272/30/30 334/31/31 271/28/28
f 273/32/32 335/33/33 272/30/30
f 274/34/34 336/35/35 273/32/32
f 275/36/36 337/37/37 274/34/34
f 275/36/36 339/38/38 338/39/39
f 277/40/40 339/38/38 276/41/41
f 278/42/42 340/43/43 277/40/40
f 279/44/44 341/45/45 278/42/42
f 280/46/46 342/47/47 279/44/44
f 281/48/48 343/49/49 280/46/46
f 282/50/50 344/51/51 281/48/48
f 283/52/52 345/53/53 282/50/50
f 283/52/52 347/54/54 346/55/55
f 284/56/56 348/57/57 347/54/54
f 286/58/58 348/57/57 285/59/59
f 287/60/60 349/61/61 286/58/58
f 287/60/60 351/62/62 350/63/63
f 288/64/64 352/65/65 351/62/62
f 289/66/66 353/67/67 352/65/65
f 290/68/68 354/69/69 353/67/67
f 292/70/70 354/69/69 291/71/71
f 293/72/72 355/73/73 292/70/70
f 294/74/74 356/75/75 293/72/72
f 294/74/74 358/76/76 357/77/77
f 295/78/78 359/79/79 358/76/76
f 296/80/80 360/81/81 359/79/79
f 297/82/82 361/83/83 360/81/81
f 298/84/84 362/85/85 361/83/83
f 299/86/86 363/87/87 362/85/85
f 300/88/88 364/89/89 363/87/87
f 301/90/90 365/91/91 364/89/89
f 302/92/92 366/93/93 365/91/91
f 303/94/94 367/95/95 366/93/93
f 304/96/96 368/97/97 367/95/95
f 305/98/98 369/99/99 368/97/97
f 306/100/100 370/101/101 369/99/99
f 307/102/102 371/103/103 370/101/101
f 308/104/104 372/105/105 371/103/103
f 309/106/106 373/107/107 372/105/105
f 310/108/108 374/109/109 373/107/107
f 311/110/110 375/111/111 374/109/109
f 312/112/112 376/113/113 375/111/111
f 313/114/114 377/115/115 376/113/113
f 314/116/116 378/117/117 377/115/115
f 315/118/118 379/119/119 378/117/117
f 316/120/120 380/121/121 379/119/119
f 317/122/122 381/123/123 380/121/121
f 318/124/124 382/125/125 381/123/123
f 321/5/5 383/126/126 320/2/2
f 322/7/7 384/127/127 321/5/5
f 323/9/9 385/128/128 322/7/7
f 324/11/11 386/129/129 323/9/9
f 325/13/13 387/130/130 324/11/11
f 326/15/15 388/131/131 325/13/13
f 327/17/17 389/132/132 326/15/15
f 328/19/19 390/133/133 327/17/17
f 329/21/21 391/134/134 328/19/19
f 330/23/23 392/135/135 329/21/21
f 331/25/25 393/136/136 330/23/23
f 332/27/27 394/137/137 331/25/25
f 333/29/29 395/138/138 332/27/27
f 334/31/31 396/139/139 333/29/29
f 335/33/33 397/140/140 334/31/31
f 336/35/35 398/141/141 335/33/33
f 337/37/37 399/142/142 336/35/35
f 338/39/39 400/143/143 337/37/37
f 339/38/38 401/144/144 338/39/39
f 340/43/43 402/145/145 339/38/38
f 341/45/45 403/146/146 340/43/43
f 342/47/47 404/147/147 341/45/45
f 343/49/49 405/148/148 342/47/47
f 344/51/51 406/149/149 343/49/49
f 345/53/53 407/150/150 344/51/51
f 346/55/55 408/151/151 345/53/53
f 346/55/55 410/152/152 409/153/153
f 347/54/54 411/154/154 410/152/152
f 349/61/61 411/154/154 348/57/57
f 350/63/63 412/155/155 349/61/61
f 350/63/63 414/156/156 413/157/157
f 351/62/62 415/158/158 414/156/156
f 352/65/65 416/159/159 415/158/158
f 353/67/67 417/160/160 416/159/159
f 355/73/73 417/160/160 354/69/69
f 356/75/75 418/161/161 355/73/73
f 356/75/75 420/162/162 419/163/163
f 357/77/77 421/164/164 420/162/162
f 358/76/76 422/165/165 421/164/164
f 359/79/79 423/166/166 422/165/165
f 360/81/81 424/167/167 423/166/166
f 361/83/83 425/168/168 424/167/167
f 362/85/85 426/169/169 425/168/168
f 363/87/87 427/170/170 426/169/169
f 364/89/89 428/171/171 427/170/170
f 365/91/91 429/172/172 428/171/171
f 366/93/93 430/173/173 429/172/172
f 367/95/95 431/174/174 430/173/173
f 368/97/97 432/175/175 431/174/174
f 369/99/99 433/176/176 432/175/175
f 370/101/101 434/177/177 433/176/176
f 371/103/103 435/178/178 434/177/177
f 372/105/105 436/179/179 435/178/178
f 373/107/107 437/180/180 436/179/179
f 374/109/109 438/181/181 437/180/180
f 375/111/111 439/182/182 438/181/181
f 376/113/113 440/183/183 439/182/182
f 377/115/115 441/184/184 440/183/183
f 378/117/117 442/185/185 441/184/184
f 379/119/119 443/186/186 442/185/185
f 380/121/121 444/187/187 443/186/186
f 381/123/123 445/188/188 444/187/187
f 384/127/127 446/189/189 383/126/126
f 385/128/128 447/190/190 384/127/127
f 386/129/129 448/191/191 385/128/128
f 387/130/130 449/192/192 386/129/129
f 388/131/131 450/193/193 387/130/130
f 389/132/132 451/194/194 388/131/131
f 390/133/133 452/195/195 389/132/132
f 391/134/134 453/196/196 390/133/133
f 392/135/135 454/197/197 391/134/134
f 393/136/136 455/198/198 392/135/135
f 394/137/137 456/199/199 393/136/136
f 395/138/138 457/200/200 394/137/137
f 396/139/139 458/201/201 395/138/138
f 397/140/140 459/202/202 396/139/139
f 398/141/141 460/203/203 397/140/140
f 399/142/142 461/204/204 398/141/141
f 400/143/143 462/205/205 399/142/142
f 401/144/144 463/206/206 400/143/143
f 402/145/145 464/207/207 401/144/144
f 403/146/146 465/208/208 402/145/145
f 404/147/147 466/209/209 403/146/146
f 405/148/148 467/210/210 404/147/147
f 406/149/149 468/211/211 405/148/148
f 407/150/150 469/212/212 406/149/149
f 408/151/151 470/213/213 407/150/150
f 409/153/153 471/214/214 408/151/151
f 409/153/153 473/215/215 472/216/216
f 410/152/152 474/217/217 473/215/215
f 411/154/154 475/218/218 474/217/217
f 412/155/155 476/219/219 475/218/218
f 413/157/157 477/220/220 476/219/219
f 414/156/156 478/221/221 477/220/220
f 415/158/158 479/222/222 478/221/221
f 417/160/160 479/222/222 416/159/159
f 418/161/161 480/223/223 417/160/160
f 419/163/163 481/224/224 418/161/161
f 419/163/163 483/225/225 482/226/226
f 420/162/162 484/227/227 483/225/225
f 421/164/164 485/228/228 484/227/227
f 422/165/165 486/229/229 485/228/228
f 423/166/166 487/230/230 486/229/229
f 424/167/167 488/231/231 487/230/230
f 425/168/168 489/232/232 488/231/231
f 426/169/169 490/233/233 489/232/232
f 427/170/170 491/234/234 490/233/233
f 428/171/171 492/235/235 491/234/234
f 429/172/172 493/236/236 492/235/235
f 430/173/173 494/237/237 493/236/236
f 431/174/174 495/238/238 494/237/237
f 432/175/175 496/239/239 495/238/238
f 433/176/176 497/240/240 496/239/239
f 434/177/177 498/241/241 497/240/240
f 435/178/178 499/242/242 498/241/241
f 436/179/179 500/243/243 499/242/242
f 437/180/180 501/244/244 500/243/243
f 438/181/181 502/245/245 501/244/244
f 439/182/182 503/246/246 502/245/245
f 440/183/183 504/247/247 503/246/246
f 441/184/184 505/248/248 504/247/247
f 442/185/185 506/249/249 505/248/248
f 443/186/186 507/250/250 506/249/249
f 444/187/187 508/251/251 507/250/250
f 447/190/190 509/252/252 446/189/189
f 448/191/191 510/253/253 447/190/190
f 449/192/192 511/254/254 448/191/191
f 450/193/193 512/255/255 449/192/192
f 451/194/194 513/256/256 450/193/193
f 452/195/195 514/257/257 451/194/194
f 453/196/196 515/258/258 452/195/195
f 454/197/197 516/259/259 453/196/196
f 455/198/198 517/260/260 454/197/197
f 456/199/199 518/261/261 455/198/198
f 457/200/200 519/262/262 456/199/199
f 458/201/201 520/263/263 457/200/200
f 459/202/202 521/264/264 458/201/201
f 460/203/203 522/265/265 459/202/202
f 461/204/204 523/266/266 460/203/203
f 462/205/205 524/267/267 461/204/204
f 463/206/206 525/268/268 462/205/205
f 464/207/207 526/269/269 463/206/206
f 465/208/208 527/270/270 464/207/207
f 466/209/209 528/271/271 465/208/208
f 467/210/210 529/272/272 466/209/209
f 468/211/211 530/273/273 467/210/210
f 469/212/212 531/274/274 468/211/211
f 470/213/213 532/275/275 469/212/212
f 471/214/214 533/276/276 470/213/213
f 472/216/216 534/277/277 471/214/214
f 472/216/216 536/278/278 535/279/279
f 473/215/215 537/280/280 536/278/278
f 474/217/217 538/281/281 537/280/280
f 475/218/218 539/282/282 538/281/281
f 476/219/219 540/283/283 539/282/282
f 477/220/220 541/284/284 540/283/283
f 478/221/221 542/285/285 541/284/284
f 480/223/223 542/285/285 479/222/222
f 481/224/224 543/286/286 480/223/223
f 482/226/226 544/287/287 481/224/224
f 482/226/226 546/288/288 545/289/289
f 483/225/225 547/290/290 546/288/288
f 484/227/227 548/291/291 547/290/290
f 485/228/228 549/292/292 548/291/291
f 486/229/229 550/293/293 549/292/292
f 487/230/230 551/294/294 550/293/293
f 488/231/231 552/295/295 551/294/294
f 489/232/232 553/296/296 552/295/295
f 490/233/233 554/297/297 553/296/296
f 491/234/234 555/298/298 554/297/297
f 492/235/235 556/299/299 555/298/298
f 493/236/236 557/300/300 556/299/299
f 494/237/237 558/301/301 557/300/300
f 495/238/238 559/302/302 558/301/301
f 496/239/239 560/303/303 559/302/302
f 497/240/240 561/304/304 560/303/303
f 498/241/241 562/305/305 561/304/304
f 499/242/242 563/306/306 562/305/305
f 500/243/243 564/307/307 563/306/306
f 501/244/244 565/308/308 564/307/307
f 502/245/245 566/309/309 565/308/308
f 503/246/246 567/310/310 566/309/309
f 504/247/247 568/311/311 567/310/310
f 505/248/248 569/312/312 568/311/311
f 506/249/249 570/313/313 569/312/312
f 507/250/250 571/314/314 570/313/313
f 510/253/253 572/315/315 509/252/252
f 511/254/254 573/316/316 510/253/253
f 512/255/255 574/317/317 511/254/254
f 513/256/256 575/318/318 512/255/255
f 514/257/257 576/319/319 513/256/256
f 515/258/258 577/320/320 514/257/257
f 516/259/259 578/321/321 515/258/258
f 517/260/260 579/322/322 516/259/259
f 518/261/261 580/323/323 517/260/260
f 519/262/262 581/324/324 518/261/261
f 520/263/263 582/325/325 519/262/262
f 521/264/264 583/326/326 520/263/263
f 522/265/265 584/327/327 521/264/264
f 523/266/266 585/328/328 522/265/265
f 524/267/267 586/329/329 523/266/266
f 525/268/268 587/330/330 524/267/267
f 526/269/269 588/331/331 525/268/268
f 527/270/270 589/332/332 526/269/269
f 528/271/271 590/333/333 527/270/270
f 529/272/272 591/334/334 528/271/271
f 530/273/273 592/335/335 529/272/272
f 531/274/274 593/336/336 530/273/273
f 532/275/275 594/337/337 531/274/274
f 533/276/276 595/338/338 532/275/275
f 534/277/277 596/339/339 533/276/276
f 535/279/279 597/340/340 534/277/277
f 535/279/279 599/341/341 598/342/342
f 536/278/278 600/343/343 599/341/341
f 537/280/280 601/344/344 600/343/343
f 538/281/281 602/345/345 601/344/344
f 539/282/282 603/346/346 602/345/345
f 540/283/283 604/347/347 603/346/346
f 541/284/284 605/348/348 604/347/347
f 543/286/286 605/348/348 542/285/285
f 544/287/287 606/349/349 543/286/286
f 545/289/289 607/350/350 544/287/287
f 545/289/289 609/351/351 608/352/352
f 546/288/288 610/353/353 609/351/351
f 547/290/290 611/354/354 610/353/353
f 548/291/291 612/355/355 611/354/354
f 549/292/292 613/356/356 612/355/355
f 550/293/293 614/357/357 613/356/356
f 551/294/294 615/358/358 614/357/357
f 552/295/295 616/359/359 615/358/358
f 553/296/296 617/360/360 616/359/359
f 554/297/297 618/361/361 617/360/360
f 555/298/298 619/362/362 618/361/361
f 556/299/299 620/363/363 619/362/362
f 557/300/300 621/364/364 620/363/363
f 558/301/301 622/365/365 621/364/364
f 559/302/302 623/366/366 622/365/365
f 560/303/303 624/367/367 623/366/366
f 561/304/304 625/368/368 624/367/367
f 562/305/305 626/369/369 625/368/368
f 563/306/306 627/370/370 626/369/369
f 564/307/307 628/371/371 627/370/370
f 565/308/308 629/372/372 628/371/371
f 566/309/309 630/373/373 629/372/372
f 567/310/310 631/374/374 630/373/373
f 568/311/311 632/375/375 631/374/374
f 569/312/312 633/376/376 632/375/375
f 570/313/313 634/377/377 633/376/376
f 573/316/316 635/378/378 572/315/315
f 574/317/317 636/379/379 573/316/316
f 575/318/318 637/380/380 574/317/317
f 576/319/319 638/381/381 575/318/318
f 577/320/320 639/382/382 576/319/319
f 578/321/321 640/383/383 577/320/320
f 579/322/322 641/384/384 578/321/321
f 580/323/323 642/385/385 579/322/322
f 581/324/324 643/386/386 580/323/323
f 582/325/325 644/387/387 581/324/324
f 583/326/326 645/388/388 582/325/325
f 584/327/327 646/389/389 583/326/326
f 585/328/328 647/390/390 584/327/327
f 586/329/329 648/391/391 585/328/328
f 587/330/330 649/392/392 586/329/329
f 588/331/331 650/393/393 587/330/330
f 589/332/332 651/394/394 588/331/331
f 590/333/333 652/395/395 589/332/332
f 591/334/334 653/396/396 590/333/333
f 592/335/335 654/397/397 591/334/334
f 593/336/336 655/398/398 592/335/335
f 594/337/337 656/399/399 593/336/336
f 595/338/338 657/400/400 594/337/337
f 596/339/339 658/401/401 595/338/338
f 597/340/340 659/402/402 596/339/339
f 598/342/342 660/403/403 597/340/340
f 599/341/341 661/404/404 598/342/342
f 599/341/341 663/405/405 662/406/406
f 600/343/343 664/407/407 663/405/405
f 601/344/344 665/408/408 664/407/407
f 602/345/345 666/409/409 665/408/408
f 603/346/346 667/410/410 666/409/409
f 605/348/348 667/410/410 604/347/347
f 606/349/349 668/411/411 605/348/348
f 607/350/350 669/412/412 606/349/349
f 607/350/350 671/413/413 670/414/414
f 608/352/352 672/415/415 671/413/413
f 609/351/351 673/416/416 672/415/415
f 610/353/353 674/417/417 673/416/416
f 611/354/354 675/418/418 674/417/417
f 612/355/355 676/419/419 675/418/418
f 613/356/356 677/420/420 676/419/419
f 614/357/357 678/421/421 677/420/420
f 615/358/358 679/422/422 678/421/421
f 616/359/359 680/423/423 679/422/422
f 617/360/360 681/424/424 680/423/423
f 618/361/361 682/425/425 681/424/424
f 619/362/362 683/426/426 682/425/425
f 620/363/363 684/427/427 683/426/426
f 621/364/364 685/428/428 684/427/427
f 622/365/365 686/429/429 685/428/428
f 623/366/366 687/430/430 686/429/429
f 624/367/367 688/431/431 687/430/430
f 625/368/368 689/432/432 688/431/431
f 626/369/369 690/433/433 689/432/432
f 627/370/370 691/434/434 690/433/433
f 628/371/371 692/435/435 691/434/434
f 629/372/372 693/436/436 692/435/435
f 630/373/373 694/437/437 693/436/436
f 631/374/374 695/438/438 694/437/437
f 632/375/375 696/439/439 695/438/438
f 633/376/376 697/440/440 696/439/439
f 636/379/379 698/441/441 635/378/378
f 637/380/380 699/442/442 636/379/379
f 638/381/381 700/443/443 637/380/380
f 639/382/382 701/444/444 638/381/381
f 640/383/383 702/445/445 639/382/382
f 641/384/384 703/446/446 640/383/383
f 642/385/385 704/447/447 641/384/384
f 643/386/386 705/448/448 642/385/385
f 644/387/387 706/449/449 643/386/386
f 645/388/388 707/450/450 644/387/387
f 646/389/389 708/451/451 645/388/388
f 647/390/390 709/452/452 646/389/389
f 648/391/391 710/453/453 647/390/390
f 649/392/392 711/454/454 648/391/391
f 650/393/393 712/455/455 649/392/392
f 651/394/394 713/456/456 650/393/393
f 652/395/395 714/457/457 651/394/394
f 653/396/396 715/458/458 652/395/395
f 654/397/397 716/459/459 653/396/396
f 655/398/398 717/460/460 654/397/397
f 656/399/399 718/461/461 655/398/398
f 657/400/400 719/462/462 656/399/399
f 658/401/401 720/463/463 657/400/400
f 659/402/402 721/464/464 658/401/401
f 660/403/403 722/465/465 659/402/402
f 661/404/404 723/466/466 660/403/403
f 662/406/406 724/467/467 661/404/404
f 662/406/406 726/468/468 725/469/469
f 663/405/405 727/470/470 726/468/468
f 664/407/407 728/471/471 727/470/470
f 665/408/408 729/472/472 728/471/471
f 666/409/409 730/473/473 729/472/472
f 668/411/411 730/473/473 667/410/410
f 669/412/412 731/474/474 668/411/411
f 670/414/414 732/475/475 669/412/412
f 670/414/414 734/476/476 733/477/477
f 671/413/413 735/478/478 734/476/476
f 672/415/415 736/479/479 735/478/478
f 673/416/416 737/480/480 736/479/479
f 674/417/417 738/481/481 737/480/480
f 675/418/418 739/482/482 738/481/481
f 676/419/419 740/483/483 739/482/482
f 677/420/420 741/484/484 740/483/483
f 678/421/421 742/485/485 741/484/484
f 679/422/422 743/486/486 742/485/485
f 680/423/423 744/487/487 743/486/486
f 681/424/424 745/488/488 744/487/487
f 682/425/425 746/489/489 745/488/488
f 683/426/426 747/490/490 746/489/489
f 684/427/427 748/491/491 747/490/490
f 685/428/428 749/492/492 748/491/491
f 686/429/429 750/493/493 749/492/492
f 687/430/430 751/494/494 750/493/493
f 688/431/431 752/495/495 751/494/494
f 689/432/432 753/496/496 752/495/495
f 690/433/433 754/497/497 753/496/496
f 691/434/434 755/498/498 754/497/497
f 692/435/435 756/499/499 755/498/498
f 693/436/436 757/500/500 756/499/499
f 694/437/437 758/501/501 757/500/500
f 695/438/438 759/502/502 758/501/501
f 696/439/439 760/503/503 759/502/502
f 699/442/442 761/504/504 698/441/441
f 700/443/443 762/505/505 699/442/442
f 701/444/444 763/506/506 700/443/443
f 702/445/445 764/507/507 701/444/444
f 703/446/446 765/508/508 702/445/445
f 704/447/447 766/509/509 703/446/446
f 705/448/448 767/510/510 704/447/447
f 706/449/449 768/511/511 705/448/448
f 707/450/450 769/512/512 706/449/449
f 708/451/451 770/513/513 707/450/450
f 709/452/452 771/514/514 708/451/451
f 710/453/453 772/515/515 709/452/452
f 711/454/454 773/516/516 710/453/453
f 712/455/455 774/517/517 711/454/454
f 713/456/456 775/518/518 712/455/455
f 714/457/457 776/519/519 713/456/456
f 715/458/458 777/520/520 714/457/457
f 716/459/459 778/521/521 715/458/458
f 717/460/460 779/522/522 716/459/459
f 718/461/461 780/523/523 717/460/460
f 719/462/462 781/524/524 718/461/461
f 720/463/463 782/525/525 719/462/462
f 721/464/464 783/526/526 720/463/463
f 722/465/465 784/527/527 721/464/464
f 723/466/466 785/528/528 722/465/465
f 724/467/467 786/529/529 723/466/466
f 725/469/469 787/530/530 724/467/467
f 725/469/469 789/531/531 788/532/532
f 726/468/468 790/533/533 789/531/531
f 727/470/470 791/534/534 790/533/533
f 728/471/471 792/535/535 791/534/534
f 729/472/472 793/536/536 792/535/535
f 731/474/474 793/536/536 730/473/473
f 732/475/475 794/537/537 731/474/474
f 733/477/477 795/538/538 732/475/475
f 733/477/477 797/539/539 796/540/540
f 734/476/476 798/541/541 797/539/539
f 735/478/478 799/542/542 798/541/541
f 736/479/479 800/543/543 799/542/542
f 737/480/480 801/544/544 800/543/543
f 738/481/481 802/545/545 801/544/544
f 739/482/482 803/546/546 802/545/545
f 740/483/483 804/547/547 803/546/546
f 741/484/484 805/548/548 804/547/547
f 742/485/485 806/549/549 805/548/548
f 743/486/486 807/550/550 806/549/549
f 744/487/487 808/551/551 807/550/550
f 745/488/488 809/552/552 808/551/551
f 746/489/489 810/553/553 809/552/552
f 747/490/490 811/554/554 810/553/553
f 748/491/491 812/555/555 811/554/554
f 749/492/492 813/556/556 812/555/555
f 750/493/493 814/557/557 813/556/556
f 751/494/494 815/558/558 814/557/557
f 752/495/495 816/559/559 815/558/558
f 753/496/496 817/560/560 816/559/559
f 754/497/497 818/561/561 817/560/560
f 755/498/498 819/562/562 818/561/561
f 756/499/499 820/563/563 819/562/562
f 757/500/500 821/564/564 820/563/563
f 758/501/501 822/565/565 821/564/564
f 759/502/502 823/566/566 822/565/565
f 762/505/505 824/567/567 761/504/504
f 763/506/506 825/568/568 762/505/505
f 764/507/507 826/569/569 763/506/506
f 765/508/508 827/570/570 764/507/507
f 766/509/509 828/571/571 765/508/508
f 767/510/510 829/572/572 766/509/509
f 768/511/511 830/573/573 767/510/510
f 769/512/512 831/574/574 768/511/511
f 770/513/513 832/575/575 769/512/512
f 771/514/514 833/576/576 770/513/513
f 772/515/515 834/577/577 771/514/514
f 773/516/516 835/578/578 772/515/515
f 774/517/517 836/579/579 773/516/516
f 775/518/518 837/580/580 774/517/517
f 776/519/519 838/581/581 775/518/518
f 777/520/520 839/582/582 776/519/519
f 778/521/521 840/583/583 777/520/520
f 779/522/522 841/584/584 778/521/521
f 780/523/523 842/585/585 779/522/522
f 781/524/524 843/586/586 780/523/523
f 782/525/525 844/587/587 781/524/524
f 783/526/526 845/588/588 782/525/525
f 784/527/527 846/589/589 783/526/526
f 785/528/528 847/590/590 784/527/527
f 786/529/529 848/591/591 785/528/528
f 787/530/530 849/592/592 786/529/529
f 788/532/532 850/593/593 787/530/530
f 788/532/532 852/594/594 851/595/595
f 789/531/531 853/596/596 852/594/594
f 790/533/533 854/597/597 853/596/596
f 791/534/534 855/598/598 854/597/597
f 792/535/535 856/599/599 855/598/598
f 794/537/537 856/599/599 793/536/536
f 795/538/538 857/600/600 794/537/537
f 796/540/540 858/601/601 795/538/538
f 796/540/540 860/602/602 859/603/603
f 797/539/539 861/604/604 860/602/602
f 798/541/541 862/605/605 861/604/604
f 799/542/542 863/606/606 862/605/605
f 800/543/543 864/607/607 863/606/606
f 801/544/544 865/608/608 864/607/607
f 802/545/545 866/609/609 865/608/608
f 803/546/546 867/610/610 866/609/609
f 804/547/547 868/611/611 867/610/610
f 805/548/548 869/612/612 868/611/611
f 806/549/549 870/613/613 869/612/612
f 807/550/550 871/614/614 870/613/613
f 808/551/551 872/615/615 871/614/614
f 809/552/552 873/616/616 872/615/615
f 810/553/553 874/617/617 873/616/616
f 811/554/554 875/618/618 874/617/617
f 812/555/555 876/619/619 875/618/618
f 813/556/556 877/620/620 876/619/619
f 814/557/557 878/621/621 877/620/620
f 815/558/558 879/622/622 878/621/621
f 816/559/559 880/623/623 879/622/622
f 817/560/560 881/624/624 880/623/623
f 818/561/561 882/625/625 881/624/624
f 819/562/562 883/626/626 882/625/625
f 820/563/563 884/627/627 883/626/626
f 821/564/564 885/628/628 884/627/627
f 822/565/565 886/629/629 885/628/628
f 825/568/568 887/630/630 824/567/567
f 826/569/569 888/631/631 825/568/568
f 827/570/570 889/632/632 826/569/569
f 828/571/571 890/633/633 827/570/570
f 829/572/572 891/634/634 828/571/571
f 830/573/573 892/635/635 829/572/572
f 831/574/574 893/636/636 830/573/573
f 832/575/575 894/637/637 831/574/574
f 833/576/576 895/638/638 832/575/575
f 834/577/577 896/639/639 833/576/576
f 835/578/578 897/640/640 834/577/577
f 836/579/579 898/641/641 835/578/578
f 837/580/580 899/642/642 836/579/579
f 838/581/581 900/643/643 837/580/580
f 839/582/582 901/644/644 838/581/581
f 840/583/583 902/645/645 839/582/582
f 841/584/584 903/646/646 840/583/583
f 842/585/585 904/647/647 841/584/584
f 843/586/586 905/648/648 842/585/585
f 844/587/587 906/649/649 843/586/586
f 845/588/588 907/650/650 844/587/587
f 846/589/589 908/651/651 845/588/588
f 847/590/590 909/652/652 846/589/589
f 848/591/591 910/653/653 847/590/590
f 849/592/592 911/654/654 848/591/591
f 850/593/593 912/655/655 849/592/592
f 851/595/595 913/656/656 850/593/593
f 852/594/594 914/657/657 851/595/595
f 852/594/594 916/658/658 915/659/659
f 853/596/596 917/660/660 916/658/658
f 854/597/597 918/661/661 917/660/660
f 855/598/598 919/662/662 918/661/661
f 857/600/600 919/662/662 856/599/599
f 858/601/601 920/663/663 857/600/600
f 858/601/601 922/664/664 921/665/665
f 859/603/603 923/666/666 922/664/664
f 860/602/602 924/667/667 923/666/666
f 861/604/604 925/668/668 924/667/667
f 862/605/605 926/669/669 925/668/668
f 863/606/606 927/670/670 926/669/669
f 864/607/607 928/671/671 927/670/670
f 865/608/608 929/672/672 928/671/671
f 866/609/609 930/673/673 929/672/672
f 867/610/610 931/674/674 930/673/673
f 868/611/611 932/675/675 931/674/674
f 869/612/612 933/676/676 932/675/675
f 870/613/613 934/677/677 933/676/676
f 871/614/614 935/678/678 934/677/677
f 872/615/615 936/679/679 935/678/678
f 873/616/616 937/680/680 936/679/679
f 874/617/617 938/681/681 937/680/680
f 875/618/618 939/682/682 938/681/681
f 876/619/619 940/683/683 939/682/682
f 877/620/620 941/684/684 940/683/683
f 878/621/621 942/685/685 941/684/684
f 879/622/622 943/686/686 942/685/685
f 880/623/623 944/687/687 943/686/686
f 881/624/624 945/688/688 944/687/687
f 882/625/625 946/689/689 945/688/688
f 883/626/626 947/690/690 946/689/689
f 884/627/627 948/691/691 947/690/690
f 885/628/628 949/692/692 948/691/691
f 888/631/631 950/693/693 887/630/630
f 889/632/632 951/694/694 888/631/631
f 890/633/633 952/695/695 889/632/632
f 891/634/634 953/696/696 890/633/633
f 892/635/635 954/697/697 891/634/634
f 893/636/636 955/698/698 892/635/635
f 894/637/637 956/699/699 893/636/636
f 895/638/638 957/700/700 894/637/637
f 896/639/639 958/701/701 895/638/638
f 897/640/640 959/702/702 896/639/639
f 898/641/641 960/703/703 897/640/640
f 899/642/642 961/704/704 898/641/641
f 900/643/643 962/705/705 899/642/642
f 901/644/644 963/706/706 900/643/643
f 902/645/645 964/707/707 901/644/644
f 903/646/646 965/708/708 902/645/645
f 904/647/647 966/709/709 903/646/646
f 905/648/648 967/710/710 904/647/647
f 906/649/649 968/711/711 905/648/648
f 907/650/650 969/712/712 906/649/649
f 908/651/651 970/713/713 907/650/650
f 909/652/652 971/714/714 908/651/651
f 910/653/653 972/715/715 909/652/652
f 911/654/654 973/716/716 910/653/653
f 912/655/655 974/717/717 911/654/654
f 913/656/656 975/718/718 912/655/655
f 914/657/657 976/719/719 913/656/656
f 915/659/659 977/720/720 914/657/657
f 915/659/659 979/721/721 978/722/722
f 916/658/658 980/723/723 979/721/721
f 917/660/660 981/724/724 980/723/723
f 918/661/661 982/725/725 981/724/724
f 920/663/663 982/725/725 919/662/662
f 921/665/665 983/726/726 920/663/663
f 921/665/665 985/727/727 984/728/728
f 922/664/664 986/729/729 985/727/727
f 923/666/666 987/730/730 986/729/729
f 924/667/667 988/731/731 987/730/730
f 925/668/668 989/732/732 988/731/731
f 926/669/669 990/733/733 989/732/732
f 927/670/670 991/734/734 990/733/733
f 928/671/671 992/735/735 991/734/734
f 929/672/672 993/736/736 992/735/735
f 930/673/673 994/737/737 993/736/736
f 931/674/674 995/738/738 994/737/737
f 932/675/675 996/739/739 995/738/738
f 933/676/676 997/740/740 996/739/739
f 934/677/677 998/741/741 997/740/740
f 935/678/678 999/742/742 998/741/741
f 936/679/679 1000/743/743 999/742/742
f 937/680/680 1001/744/744 1000/743/743
f 938/681/681 1002/745/745 1001/744/744
f 939/682/682 1003/746/746 1002/745/745
f 940/683/683 1004/747/747 1003/746/746
f 941/684/684 1005/748/748 1004/747/747
f 942/685/685 1006/749/749 1005/748/748
f 943/686/686 1007/750/750 1006/749/749
f 944/687/687 1008/751/751 1007/750/750
f 945/688/688 1009/752/752 1008/751/751
f 946/689/689 1010/753/753 1009/752/752
f 947/690/690 1011/754/754 1010/753/753
f 948/691/691 1012/755/755 1011/754/754
f 951/694/694 1013/756/756 950/693/693
f 952/695/695 1014/757/757 951/694/694
f 953/696/696 1015/758/758 952/695/695
f 954/697/697 1016/759/759 953/696/696
f 955/698/698 1017/760/760 954/697/697
f 956/699/699 1018/761/761 955/698/698
f 957/700/700 1019/762/762 956/699/699
f 958/701/701 1020/763/763 957/700/700
f 959/702/702 1021/764/764 958/701/701
f 960/703/703 1022/765/765 959/702/702
f 961/704/704 1023/766/766 960/703/703
f 962/705/705 1024/767/767 961/704/704
f 963/706/706 1025/768/768 962/705/705
f 964/707/707 1026/769/769 963/706/706
f 965/708/708 1027/770/770 964/707/707
f 966/709/709 1028/771/771 965/708/708
f 967/710/710 1029/772/772 966/709/709
f 968/711/711 1030/773/773 967/710/710
f 969/712/712 1031/774/774 968/711/711
f 970/713/713 1032/775/775 969/712/712
f 971/714/714 1033/776/776 970/713/713
f 972/715/715 1034/777/777 971/714/714
f 973/716/716 1035/778/778 972/715/715
f 974/717/717 1036/779/779 973/716/716
f 975/718/718 1037/780/780 974/717/717
f 976/719/719 1038/781/781 975/718/718
f 977/720/720 1039/782/782 976/719/719
f 978/722/722 1040/783/783 977/720/720
f 978/722/722 1042/784/784 1041/785/785
f 979/721/721 1043/786/786 1042/784/784
f 980/723/723 1044/787/787 1043/786/786
f 981/724/724 1045/788/788 1044/787/787
f 983/726/726 1045/788/788 982/725/725
f 984/728/728 1046/789/789 983/726/726
f 984/728/728 1048/790/790 1047/791/791
f 985/727/727 1049/792/792 1048/790/790
f 986/729/729 1050/793/793 1049/792/792
f 987/730/730 1051/794/794 1050/793/793
f 988/731/731 1052/795/795 1051/794/794
f 989/732/732 1053/796/796 1052/795/795
f 990/733/733 1054/797/797 1053/796/796
f 991/734/734 1055/798/798 1054/797/797
f 992/735/735 1056/799/799 1055/798/798
f 993/736/736 1057/800/800 1056/799/799
f 994/737/737 1058/801/801 1057/800/800
f 995/738/738 1059/802/802 1058/801/801
f 996/739/739 1060/803/803 1059/802/802
f 997/740/740 1061/804/804 1060/803/803
f 998/741/741 1062/805/805 1061/804/804
f 999/742/742 1063/806/806 1062/805/805
f 1000/743/743 1064/807/807 1063/806/806
f 1001/744/744 1065/808/808 1064/807/807
f 1002/745/745 1066/809/809 1065/808/808
f 1003/746/746 1067/810/810 1066/809/809
f 1004/747/747 1068/811/811 1067/810/810
f 1005/748/748 1069/812/812 1068/811/811
f 1006/749/749 1070/813/813 1069/812/812
f 1007/750/750 1071/814/814 1070/813/813
f 1008/751/751 1072/815/815 1071/814/814
f 1009/752/752 1073/816/816 1072/815/815
f 1010/753/753 1074/817/817 1073/816/816
f 1011/754/754 1075/818/818 1074/817/817
f 1014/757/757 1076/819/819 1013/756/756
f 1015/758/758 1077/820/820 1014/757/757
f 1016/759/759 1078/821/821 1015/758/758
f 1017/760/760 1079/822/822 1016/759/759
f 1018/761/761 1080/823/823 1017/760/760
f 1019/762/762 1081/824/824 1018/761/761
f 1020/763/763 1082/825/825 1019/762/762
f 1021/764/764 1083/826/826 1020/763/763
f 1022/765/765 1084/827/827 1021/764/764
f 1023/766/766 1085/828/828 1022/765/765
f 1024/767/767 1086/829/829 1023/766/766
f 1025/768/768 1087/830/830 1024/767/767
f 1026/769/769 1088/831/831 1025/768/768
f 1027/770/770 1089/832/832 1026/769/769
f 1028/771/771 1090/833/833 1027/770/770
f 1029/772/772 1091/834/834 1028/771/771
f 1030/773/773 1092/835/835 1029/772/772
f 1031/774/774 1093/836/836 1030/773/773
f 1032/775/775 1094/837/837 1031/774/774
f 1033/776/776 1095/838/838 1032/775/775
f 1034/777/777 1096/839/839 1033/776/776
f 1035/778/778 1097/840/840 1034/777/777
f 1036/779/779 1098/841/841 1035/778/778
f 1037/780/780 1099/842/842 1036/779/779
f 1038/781/781 1100/843/843 1037/780/780
f 1039/782/782 1101/844/844 1038/781/781
f 1040/783/783 1102/845/845 1039/782/782
f 1041/785/785 1103/846/846 1040/783/783
f 1041/785/785 1105/847/847 1104/848/848
f 1042/784/784 1106/849/849 1105/847/847
f 1043/786/786 1107/850/850 1106/849/849
f 1044/787/787 1108/851/851 1107/850/850
f 1046/789/789 1108/851/851 1045/788/788
f 1047/791/791 1109/852/852 1046/789/789
f 1047/791/791 1111/853/853 1110/854/854
f 1048/790/790 1112/855/855 1111/853/853
f 1049/792/792 1113/856/856 1112/855/855
f 1050/793/793 1114/857/857 1113/856/856
f 1051/794/794 1115/858/858 1114/857/857
f 1052/795/795 1116/859/859 1115/858/858
f 1053/796/796 1117/860/860 1116/859/859
f 1054/797/797 1118/861/861 1117/860/860
f 1055/798/798 1119/862/862 1118/861/861
f 1056/799/799 1120/863/863 1119/862/862
f 1057/800/800 1121/864/864 1120/863/863
f 1058/801/801 1122/865/865 1121/864/864
f 1059/802/802 1123/866/866 1122/865/865
f 1060/803/803 1124/867/867 1123/866/866
f 1061/804/804 1125/868/868 1124/867/867
f 1062/805/805 1126/869/869 1125/868/868
f 1063/806/806 1127/870/870 1126/869/869
f 1064/807/807 1128/871/871 1127/870/870
f 1065/808/808 1129/872/872 1128/871/871
f 1066/809/809 1130/873/873 1129/872/872
f 1067/810/810 1131/874/874 1130/873/873
f 1068/811/811 1132/875/875 1131/874/874
f 1069/812/812 1133/876/876 1132/875/875
f 1070/813/813 1134/877/877 1133/876/876
f 1071/814/814 1135/878/878 1134/877/877
f 1072/815/815 1136/879/879 1135/878/878
f 1073/816/816 1137/880/880 1136/879/879
f 1074/817/817 1138/881/881 1137/880/880
f 1077/820/820 1139/882/882 1076/819/819
f 1078/821/821 1140/883/883 1077/820/820
f 1079/822/822 1141/884/884 1078/821/821
f 1080/823/823 1142/885/885 1079/822/822
f 1081/824/824 1143/886/886 1080/823/823
f 1082/825/825 1144/887/887 1081/824/824
f 1083/826/826 1145/888/888 1082/825/825
f 1084/827/827 1146/889/889 1083/826/826
f 1085/828/828 1147/890/890 1084/827/827
f 1086/829/829 1148/891/891 1085/828/828
f 1087/830/830 1149/892/892 1086/829/829
f 1088/831/831 1150/893/893 1087/830/830
f 1089/832/832 1151/894/894 1088/831/831
f 1090/833/833 1152/895/895 1089/832/832
f 1091/834/834 1153/896/896 1090/833/833
f 1092/835/835 1154/897/897 1091/834/834
f 1093/836/836 1155/898/898 1092/835/835
f 1094/837/837 1156/899/899 1093/836/836
f 1095/838/838 1157/900/900 1094/837/837
f 1096/839/839 1158/901/901 1095/838/838
f 1097/840/840 1159/902/902 1096/839/839
f 1098/841/841 1160/903/903 1097/840/840
f 1099/842/842 1161/904/904 1098/841/841
f 1100/843/843 1162/905/905 1099/842/842
f 1101/844/844 1163/906/906 1100/843/843
f 1102/845/845 1164/907/907 1101/844/844
f 1103/846/846 1165/908/908 1102/845/845
f 1104/848/848 1166/909/909 1103/846/846
f 1105/847/847 1167/910/910 1104/848/848
f 1105/847/847 1169/911/911 1168/912/912
f 1106/849/849 1170/913/913 1169/911/911
f 1108/851/851 1170/913/913 1107/850/850
f 1109/852/852 1171/914/914 1108/851/851
f 1109/852/852 1173/915/915 1172/916/916
f 1110/854/854 1174/917/917 1173/915/915
f 1111/853/853 1175/918/918 1174/917/917
f 1112/855/855 1176/919/919 1175/918/918
f 1113/856/856 1177/920/920 1176/919/919
f 1114/857/857 1178/921/921 1177/920/920
f 1115/858/858 1179/922/922 1178/921/921
f 1116/859/859 1180/923/923 1179/922/922
f 1117/860/860 1181/924/924 1180/923/923
f 1118/861/861 1182/925/925 1181/924/924
f 1119/862/862 1183/926/926 1182/925/925
f 1120/863/863 1184/927/927 1183/926/926
f 1121/864/864 1185/928/928 1184/927/927
f 1122/865/865 1186/929/929 1185/928/928
f 1123/866/866 1187/930/930 1186/929/929
f 1124/867/867 1188/931/931 1187/930/930
f 1125/868/868 1189/932/932 1188/931/931
f 1126/869/869 1190/933/933 1189/932/932
f 1127/870/870 1191/934/934 1190/933/933
f 1128/871/871 1192/935/935 1191/934/934
f 1129/872/872 1193/936/936 1192/935/935
f 1130/873/873 1194/937/937 1193/936/936
f 1131/874/874 1195/938/938 1194/937/937
f 1132/875/875 1196/939/939 1195/938/938
f 1133/876/876 1197/940/940 1196/939/939
f 1134/877/877 1198/941/941 1197/940/940
f 1135/878/878 1199/942/942 1198/941/941
f 1136/879/879 1200/943/943 1199/942/942
f 1137/880/880 1201/944/944 1200/943/943
f 1140/883/883 1202/945/945 1139/882/882
f 1141/884/884 1203/946/946 1140/883/883
f 1142/885/885 1204/947/947 1141/884/884
f 1143/886/886 1205/948/948 1142/885/885
f 1144/887/887 1206/949/949 1143/886/886
f 1145/888/888 1207/950/950 1144/887/887
f 1146/889/889 1208/951/951 1145/888/888
f 1147/890/890 1209/952/952 1146/889/889
f 1148/891/891 1210/953/953 1147/890/890
f 1149/892/892 1211/954/954 1148/891/891
f 1150/893/893 1212/955/955 1149/892/892
f 1151/894/894 1213/956/956 1150/893/893
f 1152/895/895 1214/957/957 1151/894/894
f 1153/896/896 1215/958/958 1152/895/895
f 1154/897/897 1216/959/959 1153/896/896
f 1155/898/898 1217/960/960 1154/897/897
f 1156/899/899 1218/961/961 1155/898/898
f 1157/900/900 1219/962/962 1156/899/899
f 1158/901/901 1220/963/963 1157/900/900
f 1159/902/902 1221/964/964 1158/901/901
f 1160/903/903 1222/965/965 1159/902/902
f 1161/904/904 1223/966/966 1160/903/903
f 1162/905/905 1224/967/967 1161/904/904
f 1163/906/906 1225/968/968 1162/905/905
f 1164/907/907 1226/969/969 1163/906/906
f 1165/908/908 1227/970/970 1164/907/907
f 1166/909/909 1228/971/971 1165/908/908
f 1167/910/910 1229/972/972 1166/909/909
f 1168/912/912 1230/973/973 1167/910/910
f 1168/912/912 1232/974/974 1231/975/975
f 1169/911/911 1233/976/976 1232/974/974
f 1171/914/914 1233/976/976 1170/913/913
f 1172/916/916 1234/977/977 1171/914/914
f 1172/916/916 1236/978/978 1235/979/979
f 1173/915/915 1237/980/980 1236/978/978
f 1174/917/917 1238/981/981 1237/980/980
f 1175/918/918 1239/982/982 1238/981/981
f 1176/919/919 1240/983/983 1239/982/982
f 1177/920/920 1241/984/984 1240/983/983
f 1178/921/921 1242/985/985 1241/984/984
f 1179/922/922 1243/986/986 1242/985/985
f 1180/923/923 1244/987/987 1243/986/986
f 1181/924/924 1245/988/988 1244/987/987
f 1182/925/925 1246/989/989 1245/988/988
f 1183/926/926 1247/990/990 1246/989/989
f 1184/927/927 1248/991/991 1247/990/990
f 1185/928/928 1249/992/992 1248/991/991
f 1186/929/929 1250/993/993 1249/992/992
f 1187/930/930 1251/994/994 1250/993/993
f 1188/931/931 1252/995/995 1251/994/994
f 1189/932/932 1253/996/996 1252/995/995
f 1190/933/933 1254/997/997 1253/996/996
f 1191/934/934 1255/998/998 1254/997/997
f 1192/935/935 1256/999/999 1255/998/998
f 1193/936/936 1257/1000/1000 1256/999/999
f 1194/937/937 1258/1001/1001 1257/1000/1000
f 1195/938/938 1259/1002/1002 1258/1001/1001
f 1196/939/939 1260/1003/1003 1259/1002/1002
f 1197/940/940 1261/1004/1004 1260/1003/1003
f 1198/941/941 1262/1005/1005 1261/1004/1004
f 1199/942/942 1263/1006/1006 1262/1005/1005
f 1200/943/943 1264/1007/1007 1263/1006/1006
f 1203/946/946 1265/1008/1008 1202/945/945
f 1204/947/947 1266/1009/1009 1203/946/946
f 1205/948/948 1267/1010/1010 1204/947/947
f 1206/949/949 1268/1011/1011 1205/948/948
f 1207/950/950 1269/1012/1012 1206/949/949
f 1208/951/951 1270/1013/1013 1207/950/950
f 1209/952/952 1271/1014/1014 1208/951/951
f 1210/953/953 1272/1015/1015 1209/952/952
f 1211/954/954 1273/1016/1016 1210/953/953
f 1212/955/955 1274/1017/1017 1211/954/954
f 1213/956/956 1275/1018/1018 1212/955/955
f 1214/957/957 1276/1019/1019 1213/956/956
f 1215/958/958 1277/1020/1020 1214/957/957
f 1216/959/959 1278/1021/1021 1215/958/958
f 1217/960/960 1279/1022/1022 1216/959/959
f 1218/961/961 1280/1023/1023 1217/960/960
f 1219/962/962 1281/1024/1024 1218/961/961
f 1220/963/963 1282/1025/1025 1219/962/962
f 1221/964/964 1283/1026/1026 1220/963/963
f 1222/965/965 1284/1027/1027 1221/964/964
f 1223/966/966 1285/1028/1028 1222/965/965
f 1224/967/967 1286/1029/1029 1223/966/966
f 1225/968/968 1287/1030/1030 1224/967/967
f 1226/969/969 1288/1031/1031 1225/968/968
f 1227/970/970 1289/1032/1032 1226/969/969
f 1228/971/971 1290/1033/1033 1227/970/970
f 1229/972/972 1291/1034/1034 1228/971/971
f 1230/973/973 1292/1035/1035 1229/972/972
f 1231/975/975 1293/1036/1036 1230/973/973
f 1231/975/975 1295/1037/1037 1294/1038/1038
f 1232/974/974 1296/1039/1039 1295/1037/1037
f 1233/976/976 1297/1040/1040 1296/1039/1039
f 1235/979/979 1297/1040/1040 1234/977/977
f 1235/979/979 1299/1041/1041 1298/1042/1042
f 1236/978/978 1300/1043/1043 1299/1041/1041
f 1237/980/980 1301/1044/1044 1300/1043/1043
f 1238/981/981 1302/1045/1045 1301/1044/1044
f 1239/982/982 1303/1046/1046 1302/1045/1045
f 1240/983/983 1304/1047/1047 1303/1046/1046
f 1241/984/984 1305/1048/1048 1304/1047/1047
f 1242/985/985 1306/1049/1049 1305/1048/1048
f 1243/986/986 1307/1050/1050 1306/1049/1049
f 1244/987/987 1308/1051/1051 1307/1050/1050
f 1245/988/988 1309/1052/1052 1308/1051/1051
f 1246/989/989 1310/1053/1053 1309/1052/1052
f 1247/990/990 1311/1054/1054 1310/1053/1053
f 1248/991/991 1312/1055/1055 1311/1054/1054
f 1249/992/992 1313/1056/1056 1312/1055/1055
f 1250/993/993 1314/1057/1057 1313/1056/1056
f 1251/994/994 1315/1058/1058 1314/1057/1057
f 1252/995/995 1316/1059/1059 1315/1058/1058
f 1253/996/996 1317/1060/1060 1316/1059/1059
f 1254/997/997 1318/1061/1061 1317/1060/1060
f 1255/998/998 1319/1062/1062 1318/1061/1061
f 1256/999/999 1320/1063/1063 1319/1062/1062
f 1257/1000/1000 1321/1064/1064 1320/1063/1063
f 1258/1001/1001 1322/1065/1065 1321/1064/1064
f 1259/1002/1002 1323/1066/1066 1322/1065/1065
f 1260/1003/1003 1324/1067/1067 1323/1066/1066
f 1261/1004/1004 1325/1068/1068 1324/1067/1067
f 1262/1005/1005 1326/1069/1069 1325/1068/1068
f 1263/1006/1006 1327/1070/1070 1326/1069/1069
f 1266/1009/1009 1328/1071/1071 1265/1008/1008
f 1267/1010/1010 1329/1072/1072 1266/1009/1009
f 1268/1011/1011 1330/1073/1073 1267/1010/1010
f 1269/1012/1012 1331/1074/1074 1268/1011/1011
f 1270/1013/1013 1332/1075/1075 1269/1012/1012
f 1271/1014/1014 1333/1076/1076 1270/1013/1013
f 1272/1015/1015 1334/1077/1077 1271/1014/1014
f 1273/1016/1016 1335/1078/1078 1272/1015/1015
f 1274/1017/1017 1336/1079/1079 1273/1016/1016
f 1275/1018/1018 1337/1080/1080 1274/1017/1017
f 1276/1019/1019 1338/1081/1081 1275/1018/1018
f 1277/1020/1020 1339/1082/1082 1276/1019/1019
f 1278/1021/1021 1340/1083/1083 1277/1020/1020
f 1279/1022/1022 1341/1084/1084 1278/1021/1021
f 1280/1023/1023 1342/1085/1085 1279/1022/1022
f 1281/1024/1024 1343/1086/1086 1280/1023/1023
f 1282/1025/1025 1344/1087/1087 1281/1024/1024
f 1283/1026/1026 1345/1088/1088 1282/1025/1025
f 1284/1027/1027 1346/1089/1089 1283/1026/1026
f 1285/1028/1028 1347/1090/1090 1284/1027/1027
f 1286/1029/1029 1348/1091/1091 1285/1028/1028
f 1287/1030/1030 1349/1092/1092 1286/1029/1029
f 1288/1031/1031 1350/1093/1093 1287/1030/1030
f 1289/1032/1032 1351/1094/1094 1288/1031/1031
f 1290/1033/1033 1352/1095/1095 1289/1032/1032
f 1291/1034/1034 1353/1096/1096 1290/1033/1033
f 1292/1035/1035 1354/1097/1097 1291/1034/1034
f 1293/1036/1036 1355/1098/1098 1292/1035/1035
f 1294/1038/1038 1356/1099/1099 1293/1036/1036
f 1294/1038/1038 1358/1100/1100 1357/1101/1101
f 1296/1039/1039 1358/1100/1100 1295/1037/1037
f 1296/1039/1039 1360/1102/1102 1359/1103/1103
f 1298/1042/1042 1360/1102/1102 1297/1040/1040
f 1298/1042/1042 1362/1104/1104 1361/1105/1105
f 1299/1041/1041 1363/1106/1106 1362/1104/1104
f 1300/1043/1043 1364/1107/1107 1363/1106/1106
f 1301/1044/1044 1365/1108/1108 1364/1107/1107
f 1303/1046/1046 1365/1108/1108 1302/1045/1045
f 1303/1046/1046 1367/1109/1109 1366/1110/1110
f 1304/1047/1047 1368/1111/1111 1367/1109/1109
f 1305/1048/1048 1369/1112/1112 1368/1111/1111
f 1306/1049/1049 1370/1113/1113 1369/1112/1112
f 1307/1050/1050 1371/1114/1114 1370/1113/1113
f 1308/1051/1051 1372/1115/1115 1371/1114/1114
f 1309/1052/1052 1373/1116/1116 1372/1115/1115
f 1310/1053/1053 1374/1117/1117 1373/1116/1116
f 1311/1054/1054 1375/1118/1118 1374/1117/1117
f 1312/1055/1055 1376/1119/1119 1375/1118/1118
f 1313/1056/1056 1377/1120/1120 1376/1119/1119
f 1314/1057/1057 1378/1121/1121 1377/1120/1120
f 1315/1058/1058 1379/1122/1122 1378/1121/1121
f 1316/1059/1059 1380/1123/1123 1379/1122/1122
f 1317/1060/1060 1381/1124/1124 1380/1123/1123
f 1318/1061/1061 1382/1125/1125 1381/1124/1124
f 1319/1062/1062 1383/1126/1126 1382/1125/1125
f 1320/1063/1063 1384/1127/1127 1383/1126/1126
f 1321/1064/1064 1385/1128/1128 1384/1127/1127
f 1322/1065/1065 1386/1129/1129 1385/1128/1128
f 1323/1066/1066 1387/1130/1130 1386/1129/1129
f 1324/1067/1067 1388/1131/1131 1387/1130/1130
f 1325/1068/1068 1389/1132/1132 1388/1131/1131
f 1326/1069/1069 1390/1133/1133 1389/1132/1132
f 1329/1072/1072 1391/1134/1134 1328/1071/1071
f 1330/1073/1073 1392/1135/1135 1329/1072/1072
f 1331/1074/1074 1393/1136/1136 1330/1073/1073
f 1332/1075/1075 1394/1137/1137 1331/1074/1074
f 1333/1076/1076 1395/1138/1138 1332/1075/1075
f 1334/1077/1077 1396/1139/1139 1333/1076/1076
f 1335/1078/1078 1397/1140/1140 1334/1077/1077
f 1336/1079/1079 1398/1141/1141 1335/1078/1078
f 1337/1080/1080 1399/1142/1142 1336/1079/1079
f 1338/1081/1081 1400/1143/1143 1337/1080/1080
f 1339/1082/1082 1401/1144/1144 1338/1081/1081
f 1340/1083/1083 1402/1145/1145 1339/1082/1082
f 1341/1084/1084 1403/1146/1146 1340/1083/1083
f 1342/1085/1085 1404/1147/1147 1341/1084/1084
f 1343/1086/1086 1405/1148/1148 1342/1085/1085
f 1344/1087/1087 1406/1149/1149 1343/1086/1086
f 1345/1088/1088 1407/1150/1150 1344/1087/1087
f 1346/1089/1089 1408/1151/1151 1345/1088/1088
f 1347/1090/1090 1409/1152/1152 1346/1089/1089
f 1348/1091/1091 1410/1153/1153 1347/1090/1090
f 1349/1092/1092 1411/1154/1154 1348/1091/1091
f 1350/1093/1093 1412/1155/1155 1349/1092/1092
f 1351/1094/1094 1413/1156/1156 1350/1093/1093
f 1352/1095/1095 1414/1157/1157 1351/1094/1094
f 1353/1096/1096 1415/1158/1158 1352/1095/1095
f 1353/1096/1096 1417/1159/1159 1416/1160/1160
f 1355/1098/1098 1417/1159/1159 1354/1097/1097
f 1356/1099/1099 1418/1161/1161 1355/1098/1098
f 1357/1101/1101 1419/1162/1162 1356/1099/1099
f 1358/1100/1100 1420/1163/1163 1357/1101/1101
f 1359/1103/1103 1421/1164/1164 1358/1100/1100
f 1359/1103/1103 1423/1165/1165 1422/1166/1166
f 1361/1105/1105 1423/1165/1165 1360/1102/1102
f 1361/1105/1105 1425/1167/1167 1424/1168/1168
f 1362/1104/1104 1426/1169/1169 1425/1167/1167
f 1363/1106/1106 1427/1170/1170 1426/1169/1169
f 1364/1107/1107 1428/1171/1171 1427/1170/1170
f 1365/1108/1108 1429/1172/1172 1428/1171/1171
f 1366/1110/1110 1430/1173/1173 1429/1172/1172
f 1367/1109/1109 1431/1174/1174 1430/1173/1173
f 1368/1111/1111 1432/1175/1175 1431/1174/1174
f 1369/1112/1112 1433/1176/1176 1432/1175/1175
f 1370/1113/1113 1434/1177/1177 1433/1176/1176
f 1371/1114/1114 1435/1178/1178 1434/1177/1177
f 1372/1115/1115 1436/1179/1179 1435/1178/1178
f 1373/1116/1116 1437/1180/1180 1436/1179/1179
f 1374/1117/1117 1438/1181/1181 1437/1180/1180
f 1375/1118/1118 1439/1182/1182 1438/1181/1181
f 1376/1119/1119 1440/1183/1183 1439/1182/1182
f 1377/1120/1120 1441/1184/1184 1440/1183/1183
f 1378/1121/1121 1442/1185/1185 1441/1184/1184
f 1379/1122/1122 1443/1186/1186 1442/1185/1185
f 1380/1123/1123 1444/1187/1187 1443/1186/1186
f 1381/1124/1124 1445/1188/1188 1444/1187/1187
f 1382/1125/1125 1446/1189/1189 1445/1188/1188
f 1383/1126/1126 1447/1190/1190 1446/1189/1189
f 1384/1127/1127 1448/1191/1191 1447/1190/1190
f 1385/1128/1128 1449/1192/1192 1448/1191/1191
f 1386/1129/1129 1450/1193/1193 1449/1192/1192
f 1387/1130/1130 1451/1194/1194 1450/1193/1193
f 1389/1132/1132 1451/1194/1194 1388/1131/1131
f 1390/1133/1133 1452/1195/1195 1389/1132/1132
f 1391/1134/1134 1455/1196/1196 1454/1197/1197
f 1393/1136/1136 1455/1196/1196 1392/1135/1135
f 1394/1137/1137 1456/1198/1198 1393/1136/1136
f 1395/1138/1138 1457/1199/1199 1394/1137/1137
f 1396/1139/1139 1458/1200/1200 1395/1138/1138
f 1397/1140/1140 1459/1201/1201 1396/1139/1139
f 1398/1141/1141 1460/1202/1202 1397/1140/1140
f 1399/1142/1142 1461/1203/1203 1398/1141/1141
f 1400/1143/1143 1462/1204/1204 1399/1142/1142
f 1401/1144/1144 1463/1205/1205 1400/1143/1143
f 1402/1145/1145 1464/1206/1206 1401/1144/1144
f 1403/1146/1146 1465/1207/1207 1402/1145/1145
f 1404/1147/1147 1466/1208/1208 1403/1146/1146
f 1405/1148/1148 1467/1209/1209 1404/1147/1147
f 1406/1149/1149 1468/1210/1210 1405/1148/1148
f 1407/1150/1150 1469/1211/1211 1406/1149/1149
f 1408/1151/1151 1470/1212/1212 1407/1150/1150
f 1409/1152/1152 1471/1213/1213 1408/1151/1151
f 1410/1153/1153 1472/1214/1214 1409/1152/1152
f 1411/1154/1154 1473/1215/1215 1410/1153/1153
f 1412/1155/1155 1474/1216/1216 1411/1154/1154
f 1413/1156/1156 1475/1217/1217 1412/1155/1155
f 1414/1157/1157 1476/1218/1218 1413/1156/1156
f 1415/1158/1158 1477/1219/1219 1414/1157/1157
f 1416/1160/1160 1478/1220/1220 1415/1158/1158
f 1417/1159/1159 1479/1221/1221 1416/1160/1160
f 1418/1161/1161 1480/1222/1222 1417/1159/1159
f 1419/1162/1162 1481/1223/1223 1418/1161/1161
f 1420/1163/1163 1482/1224/1224 1419/1162/1162
f 1421/1164/1164 1483/1225/1225 1420/1163/1163
f 1421/1164/1164 1485/1226/1226 1484/1227/1227
f 1422/1166/1166 1486/1228/1228 1485/1226/1226
f 1423/1165/1165 1487/1229/1229 1486/1228/1228
f 1424/1168/1168 1488/1230/1230 1487/1229/1229
f 1425/1167/1167 1489/1231/1231 1488/1230/1230
f 1426/1169/1169 1490/1232/1232 1489/1231/1231
f 1428/1171/1171 1490/1232/1232 1427/1170/1170
f 1428/1171/1171 1492/1233/1233 1491/1234/1234
f 1429/1172/1172 1493/1235/1235 1492/1233/1233
f 1430/1173/1173 1494/1236/1236 1493/1235/1235
f 1431/1174/1174 1495/1237/1237 1494/1236/1236
f 1432/1175/1175 1496/1238/1238 1495/1237/1237
f 1433/1176/1176 1497/1239/1239 1496/1238/1238
f 1434/1177/1177 1498/1240/1240 1497/1239/1239
f 1435/1178/1178 1499/1241/1241 1498/1240/1240
f 1436/1179/1179 1500/1242/1242 1499/1241/1241
f 1437/1180/1180 1501/1243/1243 1500/1242/1242
f 1438/1181/1181 1502/1244/1244 1501/1243/1243
f 1439/1182/1182 1503/1245/1245 1502/1244/1244
f 1440/1183/1183 1504/1246/1246 1503/1245/1245
f 1441/1184/1184 1505/1247/1247 1504/1246/1246
f 1442/1185/1185 1506/1248/1248 1505/1247/1247
f 1443/1186/1186 1507/1249/1249 1506/1248/1248
f 1444/1187/1187 1508/1250/1250 1507/1249/1249
f 1445/1188/1188 1509/1251/1251 1508/1250/1250
f 1446/1189/1189 1510/1252/1252 1509/1251/1251
f 1447/1190/1190 1511/1253/1253 1510/1252/1252
f 1448/1191/1191 1512/1254/1254 1511/1253/1253
f 1450/1193/1193 1512/1254/1254 1449/1192/1192
f 1450/1193/1193 1514/1255/1255 1513/1256/1256
f 1451/1194/1194 1515/1257/1257 1514/1255/1255
f 1452/1195/1195 1516/1258/1258 1515/1257/1257
f 1454/1197/1197 1518/1259/1259 1517/1260/1260
f 1455/1196/1196 1519/1261/1261 1518/1259/1259
f 1457/1199/1199 1519/1261/1261 1456/1198/1198
f 1458/1200/1200 1520/1262/1262 1457/1199/1199
f 1459/1201/1201 1521/1263/1263 1458/1200/1200
f 1460/1202/1202 1522/1264/1264 1459/1201/1201
f 1461/1203/1203 1523/1265/1265 1460/1202/1202
f 1462/1204/1204 1524/1266/1266 1461/1203/1203
f 1463/1205/1205 1525/1267/1267 1462/1204/1204
f 1464/1206/1206 1526/1268/1268 1463/1205/1205
f 1465/1207/1207 1527/1269/1269 1464/1206/1206
f 1466/1208/1208 1528/1270/1270 1465/1207/1207
f 1467/1209/1209 1529/1271/1271 1466/1208/1208
f 1468/1210/1210 1530/1272/1272 1467/1209/1209
f 1469/1211/1211 1531/1273/1273 1468/1210/1210
f 1470/1212/1212 1532/1274/1274 1469/1211/1211
f 1471/1213/1213 1533/1275/1275 1470/1212/1212
f 1472/1214/1214 1534/1276/1276 1471/1213/1213
f 1473/1215/1215 1535/1277/1277 1472/1214/1214
f 1474/1216/1216 1536/1278/1278 1473/1215/1215
f 1475/1217/1217 1537/1279/1279 1474/1216/1216
f 1476/1218/1218 1538/1280/1280 1475/1217/1217
f 1477/1219/1219 1539/1281/1281 1476/1218/1218
f 1478/1220/1220 1540/1282/1282 1477/1219/1219
f 1479/1221/1221 1541/1283/1283 1478/1220/1220
f 1480/1222/1222 1542/1284/1284 1479/1221/1221
f 1480/1222/1222 1544/1285/1285 1543/1286/1286
f 1482/1224/1224 1544/1285/1285 1481/1223/1223
f 1483/1225/1225 1545/1287/1287 1482/1224/1224
f 1484/1227/1227 1546/1288/1288 1483/1225/1225
f 1484/1227/1227 1548/1289/1289 1547/1290/1290
f 1486/1228/1228 1548/1289/1289 1485/1226/1226
f 1486/1228/1228 1550/1291/1291 1549/1292/1292
f 1487/1229/1229 1551/1293/1293 1550/1291/1291
f 1488/1230/1230 1552/1294/1294 1551/1293/1293
f 1489/1231/1231 1553/1295/1295 1552/1294/1294
f 1490/1232/1232 1554/1296/1296 1553/1295/1295
f 1491/1234/1234 1555/1297/1297 1554/1296/1296
f 1492/1233/1233 1556/1298/1298 1555/1297/1297
f 1493/1235/1235 1557/1299/1299 1556/1298/1298
f 1494/1236/1236 1558/1300/1300 1557/1299/1299
f 1495/1237/1237 1559/1301/1301 1558/1300/1300
f 1496/1238/1238 1560/1302/1302 1559/1301/1301
f 1497/1239/1239 1561/1303/1303 1560/1302/1302
f 1498/1240/1240 1562/1304/1304 1561/1303/1303
f 1499/1241/1241 1563/1305/1305 1562/1304/1304
f 1500/1242/1242 1564/1306/1306 1563/1305/1305
f 1501/1243/1243 1565/1307/1307 1564/1306/1306
f 1502/1244/1244 1566/1308/1308 1565/1307/1307
f 1503/1245/1245 1567/1309/1309 1566/1308/1308
f 1504/1246/1246 1568/1310/1310 1567/1309/1309
f 1505/1247/1247 1569/1311/1311 1568/1310/1310
f 1506/1248/1248 1570/1312/1312 1569/1311/1311
f 1507/1249/1249 1571/1313/1313 1570/1312/1312
f 1508/1250/1250 1572/1314/1314 1571/1313/1313
f 1509/1251/1251 1573/1315/1315 1572/1314/1314
f 1510/1252/1252 1574/1316/1316 1573/1315/1315
f 1511/1253/1253 1575/1317/1317 1574/1316/1316
f 1512/1254/1254 1576/1318/1318 1575/1317/1317
f 1513/1256/1256 1577/1319/1319 1576/1318/1318
f 1514/1255/1255 1578/1320/1320 1577/1319/1319
f 1515/1257/1257 1579/1321/1321 1578/1320/1320
f 1517/1260/1260 1581/1322/1322 1580/1323/1323
f 1518/1259/1259 1582/1324/1324 1581/1322/1322
f 1520/1262/1262 1582/1324/1324 1519/1261/1261
f 1521/1263/1263 1583/1325/1325 1520/1262/1262
f 1522/1264/1264 1584/1326/1326 1521/1263/1263
f 1523/1265/1265 1585/1327/1327 1522/1264/1264
f 1524/1266/1266 1586/1328/1328 1523/1265/1265
f 1525/1267/1267 1587/1329/1329 1524/1266/1266
f 1526/1268/1268 1588/1330/1330 1525/1267/1267
f 1527/1269/1269 1589/1331/1331 1526/1268/1268
f 1528/1270/1270 1590/1332/1332 1527/1269/1269
f 1529/1271/1271 1591/1333/1333 1528/1270/1270
f 1530/1272/1272 1592/1334/1334 1529/1271/1271
f 1531/1273/1273 1593/1335/1335 1530/1272/1272
f 1532/1274/1274 1594/1336/1336 1531/1273/1273
f 1533/1275/1275 1595/1337/1337 1532/1274/1274
f 1534/1276/1276 1596/1338/1338 1533/1275/1275
f 1535/1277/1277 1597/1339/1339 1534/1276/1276
f 1536/1278/1278 1598/1340/1340 1535/1277/1277
f 1537/1279/1279 1599/1341/1341 1536/1278/1278
f 1538/1280/1280 1600/1342/1342 1537/1279/1279
f 1539/1281/1281 1601/1343/1343 1538/1280/1280
f 1540/1282/1282 1602/1344/1344 1539/1281/1281
f 1541/1283/1283 1603/1345/1345 1540/1282/1282
f 1542/1284/1284 1604/1346/1346 1541/1283/1283
f 1543/1286/1286 1605/1347/1347 1542/1284/1284
f 1544/1285/1285 1606/1348/1348 1543/1286/1286
f 1545/1287/1287 1607/1349/1349 1544/1285/1285
f 1546/1288/1288 1608/1350/1350 1545/1287/1287
f 1547/1290/1290 1609/1351/1351 1546/1288/1288
f 1547/1290/1290 1611/1352/1352 1610/1353/1353
f 1549/1292/1292 1611/1352/1352 1548/1289/1289
f 1549/1292/1292 1613/1354/1354 1612/1355/1355
f 1550/1291/1291 1614/1356/1356 1613/1354/1354
f 1551/1293/1293 1615/1357/1357 1614/1356/1356
f 1552/1294/1294 1616/1358/1358 1615/1357/1357
f 1553/1295/1295 1617/1359/1359 1616/1358/1358
f 1555/1297/1297 1617/1359/1359 1554/1296/1296
f 1555/1297/1297 1619/1360/1360 1618/1361/1361
f 1556/1298/1298 1620/1362/1362 1619/1360/1360
f 1557/1299/1299 1621/1363/1363 1620/1362/1362
f 1558/1300/1300 1622/1364/1364 1621/1363/1363
f 1559/1301/1301 1623/1365/1365 1622/1364/1364
f 1560/1302/1302 1624/1366/1366 1623/1365/1365
f 1561/1303/1303 1625/1367/1367 1624/1366/1366
f 1562/1304/1304 1626/1368/1368 1625/1367/1367
f 1563/1305/1305 1627/1369/1369 1626/1368/1368
f 1564/1306/1306 1628/1370/1370 1627/1369/1369
f 1565/1307/1307 1629/1371/1371 1628/1370/1370
f 1566/1308/1308 1630/1372/1372 1629/1371/1371
f 1567/1309/1309 1631/1373/1373 1630/1372/1372
f 1568/1310/1310 1632/1374/1374 1631/1373/1373
f 1569/1311/1311 1633/1375/1375 1632/1374/1374
f 1570/1312/1312 1634/1376/1376 1633/1375/1375
f 1571/1313/1313 1635/1377/1377 1634/1376/1376
f 1572/1314/1314 1636/1378/1378 1635/1377/1377
f 1573/1315/1315 1637/1379/1379 1636/1378/1378
f 1574/1316/1316 1638/1380/1380 1637/1379/1379
f 1575/1317/1317 1639/1381/1381 1638/1380/1380
f 1576/1318/1318 1640/1382/1382 1639/1381/1381
f 1577/1319/1319 1641/1383/1383 1640/1382/1382
f 1578/1320/1320 1642/1384/1384 1641/1383/1383
f 1581/1322/1322 1643/1385/1385 1580/1323/1323
f 1582/1324/1324 1644/1386/1386 1581/1322/1322
f 1582/1324/1324 1646/1387/1387 1645/1388/1388
f 1583/1325/1325 1647/1389/1389 1646/1387/1387
f 1584/1326/1326 1648/1390/1390 1647/1389/1389
f 1586/1328/1328 1648/1390/1390 1585/1327/1327
f 1587/1329/1329 1649/1391/1391 1586/1328/1328
f 1588/1330/1330 1650/1392/1392 1587/1329/1329
f 1589/1331/1331 1651/1393/1393 1588/1330/1330
f 1590/1332/1332 1652/1394/1394 1589/1331/1331
f 1591/1333/1333 1653/1395/1395 1590/1332/1332
f 1592/1334/1334 1654/1396/1396 1591/1333/1333
f 1593/1335/1335 1655/1397/1397 1592/1334/1334
f 1594/1336/1336 1656/1398/1398 1593/1335/1335
f 1595/1337/1337 1657/1399/1399 1594/1336/1336
f 1596/1338/1338 1658/1400/1400 1595/1337/1337
f 1597/1339/1339 1659/1401/1401 1596/1338/1338
f 1598/1340/1340 1660/1402/1402 1597/1339/1339
f 1599/1341/1341 1661/1403/1403 1598/1340/1340
f 1600/1342/1342 1662/1404/1404 1599/1341/1341
f 1601/1343/1343 1663/1405/1405 1600/1342/1342
f 1602/1344/1344 1664/1406/1406 1601/1343/1343
f 1603/1345/1345 1665/1407/1407 1602/1344/1344
f 1604/1346/1346 1666/1408/1408 1603/1345/1345
f 1605/1347/1347 1667/1409/1409 1604/1346/1346
f 1606/1348/1348 1668/1410/1410 1605/1347/1347
f 1607/1349/1349 1669/1411/1411 1606/1348/1348
f 1608/1350/1350 1670/1412/1412 1607/1349/1349
f 1609/1351/1351 1671/1413/1413 1608/1350/1350
f 1610/1353/1353 1672/1414/1414 1609/1351/1351
f 1611/1352/1352 1673/1415/1415 1610/1353/1353
f 1612/1355/1355 1674/1416/1416 1611/1352/1352
f 1612/1355/1355 1676/1417/1417 1675/1418/1418
f 1613/1354/1354 1677/1419/1419 1676/1417/1417
f 1614/1356/1356 1678/1420/1420 1677/1419/1419
f 1615/1357/1357 1679/1421/1421 1678/1420/1420
f 1616/1358/1358 1680/1422/1422 1679/1421/1421
f 1617/1359/1359 1681/1423/1423 1680/1422/1422
f 1618/1361/1361 1682/1424/1424 1681/1423/1423
f 1619/1360/1360 1683/1425/1425 1682/1424/1424
f 1620/1362/1362 1684/1426/1426 1683/1425/1425
f 1621/1363/1363 1685/1427/1427 1684/1426/1426
f 1622/1364/1364 1686/1428/1428 1685/1427/1427
f 1623/1365/1365 1687/1429/1429 1686/1428/1428
f 1624/1366/1366 1688/1430/1430 1687/1429/1429
f 1625/1367/1367 1689/1431/1431 1688/1430/1430
f 1626/1368/1368 1690/1432/1432 1689/1431/1431
f 1627/1369/1369 1691/1433/1433 1690/1432/1432
f 1628/1370/1370 1692/1434/1434 1691/1433/1433
f 1629/1371/1371 1693/1435/1435 1692/1434/1434
f 1630/1372/1372 1694/1436/1436 1693/1435/1435
f 1631/1373/1373 1695/1437/1437 1694/1436/1436
f 1632/1374/1374 1696/1438/1438 1695/1437/1437
f 1633/1375/1375 1697/1439/1439 1696/1438/1438
f 1634/1376/1376 1698/1440/1440 1697/1439/1439
f 1635/1377/1377 1699/1441/1441 1698/1440/1440
f 1636/1378/1378 1700/1442/1442 1699/1441/1441
f 1637/1379/1379 1701/1443/1443 1700/1442/1442
f 1638/1380/1380 1702/1444/1444 1701/1443/1443
f 1639/1381/1381 1703/1445/1445 1702/1444/1444
f 1640/1382/1382 1704/1446/1446 1703/1445/1445
f 1641/1383/1383 1705/1447/1447 1704/1446/1446
f 1644/1386/1386 1706/1448/1448 1643/1385/1385
f 1645/1388/1388 1707/1449/1449 1644/1386/1386
f 1646/1387/1387 1708/1450/1450 1645/1388/1388
f 1647/1389/1389 1709/1451/1451 1646/1387/1387
f 1647/1389/1389 1711/1452/1452 1710/1453/1453
f 1648/1390/1390 1712/1454/1454 1711/1452/1452
f 1649/1391/1391 1713/1455/1455 1712/1454/1454
f 1650/1392/1392 1714/1456/1456 1713/1455/1455
f 1651/1393/1393 1715/1457/1457 1714/1456/1456
f 1653/1395/1395 1715/1457/1457 1652/1394/1394
f 1654/1396/1396 1716/1458/1458 1653/1395/1395
f 1655/1397/1397 1717/1459/1459 1654/1396/1396
f 1656/1398/1398 1718/1460/1460 1655/1397/1397
f 1657/1399/1399 1719/1461/1461 1656/1398/1398
f 1658/1400/1400 1720/1462/1462 1657/1399/1399
f 1659/1401/1401 1721/1463/1463 1658/1400/1400
f 1660/1402/1402 1722/1464/1464 1659/1401/1401
f 1661/1403/1403 1723/1465/1465 1660/1402/1402
f 1662/1404/1404 1724/1466/1466 1661/1403/1403
f 1663/1405/1405 1725/1467/1467 1662/1404/1404
f 1664/1406/1406 1726/1468/1468 1663/1405/1405
f 1665/1407/1407 1727/1469/1469 1664/1406/1406
f 1666/1408/1408 1728/1470/1470 1665/1407/1407
f 1667/1409/1409 1729/1471/1471 1666/1408/1408
f 1668/1410/1410 1730/1472/1472 1667/1409/1409
f 1669/1411/1411 1731/1473/1473 1668/1410/1410
f 1670/1412/1412 1732/1474/1474 1669/1411/1411
f 1671/1413/1413 1733/1475/1475 1670/1412/1412
f 1672/1414/1414 1734/1476/1476 1671/1413/1413
f 1673/1415/1415 1735/1477/1477 1672/1414/1414
f 1674/1416/1416 1736/1478/1478 1673/1415/1415
f 1675/1418/1418 1737/1479/1479 1674/1416/1416
f 1675/1418/1418 1739/1480/1480 1738/1481/1481
f 1676/1417/1417 1740/1482/1482 1739/1480/1480
f 1677/1419/1419 1741/1483/1483 1740/1482/1482
f 1678/1420/1420 1742/1484/1484 1741/1483/1483
f 1679/1421/1421 1743/1485/1485 1742/1484/1484
f 1680/1422/1422 1744/1486/1486 1743/1485/1485
f 1681/1423/1423 1745/1487/1487 1744/1486/1486
f 1682/1424/1424 1746/1488/1488 1745/1487/1487
f 1683/1425/1425 1747/1489/1489 1746/1488/1488
f 1684/1426/1426 1748/1490/1490 1747/1489/1489
f 1685/1427/1427 1749/1491/1491 1748/1490/1490
f 1686/1428/1428 1750/1492/1492 1749/1491/1491
f 1687/1429/1429 1751/1493/1493 1750/1492/1492
f 1688/1430/1430 1752/1494/1494 1751/1493/1493
f 1689/1431/1431 1753/1495/1495 1752/1494/1494
f 1690/1432/1432 1754/1496/1496 1753/1495/1495
f 1691/1433/1433 1755/1497/1497 1754/1496/1496
f 1692/1434/1434 1756/1498/1498 1755/1497/1497
f 1693/1435/1435 1757/1499/1499 1756/1498/1498
f 1694/1436/1436 1758/1500/1500 1757/1499/1499
f 1695/1437/1437 1759/1501/1501 1758/1500/1500
f 1696/1438/1438 1760/1502/1502 1759/1501/1501
f 1697/1439/1439 1761/1503/1503 1760/1502/1502
f 1698/1440/1440 1762/1504/1504 1761/1503/1503
f 1699/1441/1441 1763/1505/1505 1762/1504/1504
f 1700/1442/1442 1764/1506/1506 1763/1505/1505
f 1701/1443/1443 1765/1507/1507 1764/1506/1506
f 1702/1444/1444 1766/1508/1508 1765/1507/1507
f 1703/1445/1445 1767/1509/1509 1766/1508/1508
f 1704/1446/1446 1768/1510/1510 1767/1509/1509
f 1707/1449/1449 1769/1511/1511 1706/1448/1448
f 1708/1450/1450 1770/1512/1512 1707/1449/1449
f 1709/1451/1451 1771/1513/1513 1708/1450/1450
f 1710/1453/1453 1772/1514/1514 1709/1451/1451
f 1711/1452/1452 1773/1515/1515 1710/1453/1453
f 1712/1454/1454 1774/1516/1516 1711/1452/1452
f 1713/1455/1455 1775/1517/1517 1712/1454/1454
f 1713/1455/1455 1777/1518/1518 1776/1519/1519
f 1714/1456/1456 1778/1520/1520 1777/1518/1518
f 1715/1457/1457 1779/1521/1521 1778/1520/1520
f 1716/1458/1458 1780/1522/1522 1779/1521/1521
f 1717/1459/1459 1781/1523/1523 1780/1522/1522
f 1718/1460/1460 1782/1524/1524 1781/1523/1523
f 1720/1462/1462 1782/1524/1524 1719/1461/1461
f 1721/1463/1463 1783/1525/1525 1720/1462/1462
f 1721/1463/1463 1785/1526/1526 1784/1527/1527
f 1723/1465/1465 1785/1526/1526 1722/1464/1464
f 1724/1466/1466 1786/1528/1528 1723/1465/1465
f 1725/1467/1467 1787/1529/1529 1724/1466/1466
f 1726/1468/1468 1788/1530/1530 1725/1467/1467
f 1727/1469/1469 1789/1531/1531 1726/1468/1468
f 1728/1470/1470 1790/1532/1532 1727/1469/1469
f 1729/1471/1471 1791/1533/1533 1728/1470/1470
f 1730/1472/1472 1792/1534/1534 1729/1471/1471
f 1731/1473/1473 1793/1535/1535 1730/1472/1472
f 1732/1474/1474 1794/1536/1536 1731/1473/1473
f 1733/1475/1475 1795/1537/1537 1732/1474/1474
f 1734/1476/1476 1796/1538/1538 1733/1475/1475
f 1735/1477/1477 1797/1539/1539 1734/1476/1476
f 1736/1478/1478 1798/1540/1540 1735/1477/1477
f 1737/1479/1479 1799/1541/1541 1736/1478/1478
f 1738/1481/1481 1800/1542/1542 1737/1479/1479
f 1738/1481/1481 1802/1543/1543 1801/1544/1544
f 1739/1480/1480 1803/1545/1545 1802/1543/1543
f 1740/1482/1482 1804/1546/1546 1803/1545/1545
f 1741/1483/1483 1805/1547/1547 1804/1546/1546
f 1742/1484/1484 1806/1548/1548 1805/1547/1547
f 1743/1485/1485 1807/1549/1549 1806/1548/1548
f 1744/1486/1486 1808/1550/1550 1807/1549/1549
f 1745/1487/1487 1809/1551/1551 1808/1550/1550
f 1746/1488/1488 1810/1552/1552 1809/1551/1551
f 1747/1489/1489 1811/1553/1553 1810/1552/1552
f 1748/1490/1490 1812/1554/1554 1811/1553/1553
f 1749/1491/1491 1813/1555/1555 1812/1554/1554
f 1750/1492/1492 1814/1556/1556 1813/1555/1555
f 1751/1493/1493 1815/1557/1557 1814/1556/1556
f 1752/1494/1494 1816/1558/1558 1815/1557/1557
f 1753/1495/1495 1817/1559/1559 1816/1558/1558
f 1754/1496/1496 1818/1560/1560 1817/1559/1559
f 1755/1497/1497 1819/1561/1561 1818/1560/1560
f 1756/1498/1498 1820/1562/1562 1819/1561/1561
f 1757/1499/1499 1821/1563/1563 1820/1562/1562
f 1758/1500/1500 1822/1564/1564 1821/1563/1563
f 1759/1501/1501 1823/1565/1565 1822/1564/1564
f 1760/1502/1502 1824/1566/1566 1823/1565/1565
f 1761/1503/1503 1825/1567/1567 1824/1566/1566
f 1762/1504/1504 1826/1568/1568 1825/1567/1567
f 1763/1505/1505 1827/1569/1569 1826/1568/1568
f 1764/1506/1506 1828/1570/1570 1827/1569/1569
f 1765/1507/1507 1829/1571/1571 1828/1570/1570
f 1766/1508/1508 1830/1572/1572 1829/1571/1571
f 1767/1509/1509 1831/1573/1573 1830/1572/1572
f 1770/1512/1512 1832/1574/1574 1769/1511/1511
f 1771/1513/1513 1833/1575/1575 1770/1512/1512
f 1772/1514/1514 1834/1576/1576 1771/1513/1513
f 1773/1515/1515 1835/1577/1577 1772/1514/1514
f 1774/1516/1516 1836/1578/1578 1773/1515/1515
f 1775/1517/1517 1837/1579/1579 1774/1516/1516
f 1776/1519/1519 1838/1580/1580 1775/1517/1517
f 1777/1518/1518 1839/1581/1581 1776/1519/1519
f 1778/1520/1520 1840/1582/1582 1777/1518/1518
f 1779/1521/1521 1841/1583/1583 1778/1520/1520
f 1779/1521/1521 1843/1584/1584 1842/1585/1585
f 1780/1522/1522 1844/1586/1586 1843/1584/1584
f 1781/1523/1523 1845/1587/1587 1844/1586/1586
f 1783/1525/1525 1845/1587/1587 1782/1524/1524
f 1784/1527/1527 1846/1588/1588 1783/1525/1525
f 1785/1526/1526 1847/1589/1589 1784/1527/1527
f 1786/1528/1528 1848/1590/1590 1785/1526/1526
f 1786/1528/1528 1850/1591/1591 1849/1592/1592
f 1787/1529/1529 1851/1593/1593 1850/1591/1591
f 1789/1531/1531 1851/1593/1593 1788/1530/1530
f 1790/1532/1532 1852/1594/1594 1789/1531/1531
f 1791/1533/1533 1853/1595/1595 1790/1532/1532
f 1792/1534/1534 1854/1596/1596 1791/1533/1533
f 1793/1535/1535 1855/1597/1597 1792/1534/1534
f 1794/1536/1536 1856/1598/1598 1793/1535/1535
f 1795/1537/1537 1857/1599/1599 1794/1536/1536
f 1796/1538/1538 1858/1600/1600 1795/1537/1537
f 1797/1539/1539 1859/1601/1601 1796/1538/1538
f 1798/1540/1540 1860/1602/1602 1797/1539/1539
f 1799/1541/1541 1861/1603/1603 1798/1540/1540
f 1800/1542/1542 1862/1604/1604 1799/1541/1541
f 1800/1542/1542 1864/1605/1605 1863/1606/1606
f 1801/1544/1544 1865/1607/1607 1864/1605/1605
f 1802/1543/1543 1866/1608/1608 1865/1607/1607
f 1803/1545/1545 1867/1609/1609 1866/1608/1608
f 1804/1546/1546 1868/1610/1610 1867/1609/1609
f 1805/1547/1547 1869/1611/1611 1868/1610/1610
f 1806/1548/1548 1870/1612/1612 1869/1611/1611
f 1807/1549/1549 1871/1613/1613 1870/1612/1612
f 1808/1550/1550 1872/1614/1614 1871/1613/1613
f 1809/1551/1551 1873/1615/1615 1872/1614/1614
f 1810/1552/1552 1874/1616/1616 1873/1615/1615
f 1811/1553/1553 1875/1617/1617 1874/1616/1616
f 1812/1554/1554 1876/1618/1618 1875/1617/1617
f 1813/1555/1555 1877/1619/1619 1876/1618/1618
f 1814/1556/1556 1878/1620/1620 1877/1619/1619
f 1815/1557/1557 1879/1621/1621 1878/1620/1620
f 1816/1558/1558 1880/1622/1622 1879/1621/1621
f 1817/1559/1559 1881/1623/1623 1880/1622/1622
f 1818/1560/1560 1882/1624/1624 1881/1623/1623
f 1819/1561/1561 1883/1625/1625 1882/1624/1624
f 1820/1562/1562 1884/1626/1626 1883/1625/1625
f 1821/1563/1563 1885/1627/1627 1884/1626/1626
f 1822/1564/1564 1886/1628/1628 1885/1627/1627
f 1823/1565/1565 1887/1629/1629 1886/1628/1628
f 1824/1566/1566 1888/1630/1630 1887/1629/1629
f 1825/1567/1567 1889/1631/1631 1888/1630/1630
f 1826/1568/1568 1890/1632/1632 1889/1631/1631
f 1827/1569/1569 1891/1633/1633 1890/1632/1632
f 1828/1570/1570 1892/1634/1634 1891/1633/1633
f 1829/1571/1571 1893/1635/1635 1892/1634/1634
f 1830/1572/1572 1894/1636/1636 1893/1635/1635
f 1833/1575/1575 1895/1637/1637 1832/1574/1574
f 1834/1576/1576 1896/1638/1638 1833/1575/1575
f 1835/1577/1577 1897/1639/1639 1834/1576/1576
f 1836/1578/1578 1898/1640/1640 1835/1577/1577
f 1837/1579/1579 1899/1641/1641 1836/1578/1578
f 1838/1580/1580 1900/1642/1642 1837/1579/1579
f 1839/1581/1581 1901/1643/1643 1838/1580/1580
f 1840/1582/1582 1902/1644/1644 1839/1581/1581
f 1841/1583/1583 1903/1645/1645 1840/1582/1582
f 1842/1585/1585 1904/1646/1646 1841/1583/1583
f 1843/1584/1584 1905/1647/1647 1842/1585/1585
f 1844/1586/1586 1906/1648/1648 1843/1584/1584
f 1845/1587/1587 1907/1649/1649 1844/1586/1586
f 1846/1588/1588 1908/1650/1650 1845/1587/1587
f 1847/1589/1589 1909/1651/1651 1846/1588/1588
f 1848/1590/1590 1910/1652/1652 1847/1589/1589
f 1849/1592/1592 1911/1653/1653 1848/1590/1590
f 1849/1592/1592 1913/1654/1654 1912/1655/1655
f 1851/1593/1593 1913/1654/1654 1850/1591/1591
f 1852/1594/1594 1914/1656/1656 1851/1593/1593
f 1853/1595/1595 1915/1657/1657 1852/1594/1594
f 1854/1596/1596 1916/1658/1658 1853/1595/1595
f 1855/1597/1597 1917/1659/1659 1854/1596/1596
f 1856/1598/1598 1918/1660/1660 1855/1597/1597
f 1857/1599/1599 1919/1661/1661 1856/1598/1598
f 1858/1600/1600 1920/1662/1662 1857/1599/1599
f 1859/1601/1601 1921/1663/1663 1858/1600/1600
f 1860/1602/1602 1922/1664/1664 1859/1601/1601
f 1861/1603/1603 1923/1665/1665 1860/1602/1602
f 1862/1604/1604 1924/1666/1666 1861/1603/1603
f 1863/1606/1606 1925/1667/1667 1862/1604/1604
f 1863/1606/1606 1927/1668/1668 1926/1669/1669
f 1864/1605/1605 1928/1670/1670 1927/1668/1668
f 1865/1607/1607 1929/1671/1671 1928/1670/1670
f 1866/1608/1608 1930/1672/1672 1929/1671/1671
f 1867/1609/1609 1931/1673/1673 1930/1672/1672
f 1868/1610/1610 1932/1674/1674 1931/1673/1673
f 1869/1611/1611 1933/1675/1675 1932/1674/1674
f 1870/1612/1612 1934/1676/1676 1933/1675/1675
f 1871/1613/1613 1935/1677/1677 1934/1676/1676
f 1872/1614/1614 1936/1678/1678 1935/1677/1677
f 1873/1615/1615 1937/1679/1679 1936/1678/1678
f 1874/1616/1616 1938/1680/1680 1937/1679/1679
f 1875/1617/1617 1939/1681/1681 1938/1680/1680
f 1876/1618/1618 1940/1682/1682 1939/1681/1681
f 1877/1619/1619 1941/1683/1683 1940/1682/1682
f 1878/1620/1620 1942/1684/1684 1941/1683/1683
f 1879/1621/1621 1943/1685/1685 1942/1684/1684
f 1880/1622/1622 1944/1686/1686 1943/1685/1685
f 1881/1623/1623 1945/1687/1687 1944/1686/1686
f 1882/1624/1624 1946/1688/1688 1945/1687/1687
f 1883/1625/1625 1947/1689/1689 1946/1688/1688
f 1884/1626/1626 1948/1690/1690 1947/1689/1689
f 1885/1627/1627 1949/1691/1691 1948/1690/1690
f 1886/1628/1628 1950/1692/1692 1949/1691/1691
f 1887/1629/1629 1951/1693/1693 1950/1692/1692
f 1888/1630/1630 1952/1694/1694 1951/1693/1693
f 1889/1631/1631 1953/1695/1695 1952/1694/1694
f 1890/1632/1632 1954/1696/1696 1953/1695/1695
f 1891/1633/1633 1955/1697/1697 1954/1696/1696
f 1892/1634/1634 1956/1698/1698 1955/1697/1697
f 1893/1635/1635 1957/1699/1699 1956/1698/1698
f 1895/1637/1637 1959/1700/1700 1958/1701/1701
f 1896/1638/1638 1960/1702/1702 1959/1700/1700
f 1898/1640/1640 1960/1702/1702 1897/1639/1639
f 1899/1641/1641 1961/1703/1703 1898/1640/1640
f 1900/1642/1642 1962/1704/1704 1899/1641/1641
f 1901/1643/1643 1963/1705/1705 1900/1642/1642
f 1902/1644/1644 1964/1706/1706 1901/1643/1643
f 1903/1645/1645 1965/1707/1707 1902/1644/1644
f 1904/1646/1646 1966/1708/1708 1903/1645/1645
f 1905/1647/1647 1967/1709/1709 1904/1646/1646
f 1906/1648/1648 1968/1710/1710 1905/1647/1647
f 1907/1649/1649 1969/1711/1711 1906/1648/1648
f 1908/1650/1650 1970/1712/1712 1907/1649/1649
f 1909/1651/1651 1971/1713/1713 1908/1650/1650
f 1910/1652/1652 1972/1714/1714 1909/1651/1651
f 1911/1653/1653 1973/1715/1715 1910/1652/1652
f 1912/1655/1655 1974/1716/1716 1911/1653/1653
f 1912/1655/1655 1976/1717/1717 1975/1718/1718
f 1913/1654/1654 1977/1719/1719 1976/1717/1717
f 1915/1657/1657 1977/1719/1719 1914/1656/1656
f 1916/1658/1658 1978/1720/1720 1915/1657/1657
f 1917/1659/1659 1979/1721/1721 1916/1658/1658
f 1917/1659/1659 1981/1722/1722 1980/1723/1723
f 1919/1661/1661 1981/1722/1722 1918/1660/1660
f 1920/1662/1662 1982/1724/1724 1919/1661/1661
f 1921/1663/1663 1983/1725/1725 1920/1662/1662
f 1922/1664/1664 1984/1726/1726 1921/1663/1663
f 1923/1665/1665 1985/1727/1727 1922/1664/1664
f 1924/1666/1666 1986/1728/1728 1923/1665/1665
f 1924/1666/1666 1988/1729/1729 1987/1730/1730
f 1926/1669/1669 1988/1729/1729 1925/1667/1667
f 1927/1668/1668 1989/1731/1731 1926/1669/1669
f 1928/1670/1670 1990/1732/1732 1927/1668/1668
f 1928/1670/1670 1992/1733/1733 1991/1734/1734
f 1929/1671/1671 1993/1735/1735 1992/1733/1733
f 1930/1672/1672 1994/1736/1736 1993/1735/1735
f 1931/1673/1673 1995/1737/1737 1994/1736/1736
f 1932/1674/1674 1996/1738/1738 1995/1737/1737
f 1933/1675/1675 1997/1739/1739 1996/1738/1738
f 1934/1676/1676 1998/1740/1740 1997/1739/1739
f 1935/1677/1677 1999/1741/1741 1998/1740/1740
f 1936/1678/1678 2000/1742/1742 1999/1741/1741
f 1938/1680/1680 2000/1742/1742 1937/1679/1679
f 1939/1681/1681 2001/1743/1743 1938/1680/1680
f 1939/1681/1681 2003/1744/1744 2002/1745/1745
f 1940/1682/1682 2004/1746/1746 2003/1744/1744
f 1941/1683/1683 2005/1747/1747 2004/1746/1746
f 1942/1684/1684 2006/1748/1748 2005/1747/1747
f 1943/1685/1685 2007/1749/1749 2006/1748/1748
f 1944/1686/1686 2008/1750/1750 2007/1749/1749
f 1945/1687/1687 2009/1751/1751 2008/1750/1750
f 1946/1688/1688 2010/1752/1752 2009/1751/1751
f 1947/1689/1689 2011/1753/1753 2010/1752/1752
f 1948/1690/1690 2012/1754/1754 2011/1753/1753
f 1949/1691/1691 2013/1755/1755 2012/1754/1754
f 1950/1692/1692 2014/1756/1756 2013/1755/1755
f 1951/1693/1693 2015/1757/1757 2014/1756/1756
f 1952/1694/1694 2016/1758/1758 2015/1757/1757
f 1953/1695/1695 2017/1759/1759 2016/1758/1758
f 1954/1696/1696 2018/1760/1760 2017/1759/1759
f 1956/1698/1698 2018/1760/1760 1955/1697/1697
f 1957/1699/1699 2019/1761/1761 1956/1698/1698
f 1958/1701/1701 2022/1762/1762 2021/1763/1763
f 1959/1700/1700 2023/1764/1764 2022/1762/1762
f 1960/1702/1702 2024/1765/1765 2023/1764/1764
f 1961/1703/1703 2025/1766/1766 2024/1765/1765
f 1962/1704/1704 2026/1767/1767 2025/1766/1766
f 1964/1706/1706 2026/1767/1767 1963/1705/1705
f 1965/1707/1707 2027/1768/1768 1964/1706/1706
f 1966/1708/1708 2028/1769/1769 1965/1707/1707
f 1967/1709/1709 2029/1770/1770 1966/1708/1708
f 1968/1710/1710 2030/1771/1771 1967/1709/1709
f 1969/1711/1711 2031/1772/1772 1968/1710/1710
f 1970/1712/1712 2032/1773/1773 1969/1711/1711
f 1971/1713/1713 2033/1774/1774 1970/1712/1712
f 1972/1714/1714 2034/1775/1775 1971/1713/1713
f 1973/1715/1715 2035/1776/1776 1972/1714/1714
f 1974/1716/1716 2036/1777/1777 1973/1715/1715
f 1975/1718/1718 2037/1778/1778 1974/1716/1716
f 1976/1717/1717 2038/1779/1779 1975/1718/1718
f 1977/1719/1719 2039/1780/1780 1976/1717/1717
f 1978/1720/1720 2040/1781/1781 1977/1719/1719
f 1979/1721/1721 2041/1782/1782 1978/1720/1720
f 1980/1723/1723 2042/1783/1783 1979/1721/1721
f 1981/1722/1722 2043/1784/1784 1980/1723/1723
f 1982/1724/1724 2044/1785/1785 1981/1722/1722
f 1983/1725/1725 2045/1786/1786 1982/1724/1724
f 1984/1726/1726 2046/1787/1787 1983/1725/1725
f 1985/1727/1727 2047/1788/1788 1984/1726/1726
f 1986/1728/1728 2048/1789/1789 1985/1727/1727
f 1987/1730/1730 2049/1790/1790 1986/1728/1728
f 1988/1729/1729 2050/1791/1791 1987/1730/1730
f 1988/1729/1729 2052/1792/1792 2051/1793/1793
f 1989/1731/1731 2053/1794/1794 2052/1792/1792
f 1990/1732/1732 2054/1795/1795 2053/1794/1794
f 1991/1734/1734 2055/1796/1796 2054/1795/1795
f 1992/1733/1733 2056/1797/1797 2055/1796/1796
f 1993/1735/1735 2057/1798/1798 2056/1797/1797
f 1994/1736/1736 2058/1799/1799 2057/1798/1798
f 1995/1737/1737 2059/1800/1800 2058/1799/1799
f 1996/1738/1738 2060/1801/1801 2059/1800/1800
f 1997/1739/1739 2061/1802/1802 2060/1801/1801
f 1998/1740/1740 2062/1803/1803 2061/1802/1802
f 2000/1742/1742 2062/1803/1803 1999/1741/1741
f 2000/1742/1742 2064/1804/1804 2063/1805/1805
f 2001/1743/1743 2065/1806/1806 2064/1804/1804
f 2002/1745/1745 2066/1807/1807 2065/1806/1806
f 2003/1744/1744 2067/1808/1808 2066/1807/1807
f 2004/1746/1746 2068/1809/1809 2067/1808/1808
f 2005/1747/1747 2069/1810/1810 2068/1809/1809
f 2006/1748/1748 2070/1811/1811 2069/1810/1810
f 2007/1749/1749 2071/1812/1812 2070/1811/1811
f 2008/1750/1750 2072/1813/1813 2071/1812/1812
f 2009/1751/1751 2073/1814/1814 2072/1813/1813
f 2010/1752/1752 2074/1815/1815 2073/1814/1814
f 2011/1753/1753 2075/1816/1816 2074/1815/1815
f 2012/1754/1754 2076/1817/1817 2075/1816/1816
f 2014/1756/1756 2076/1817/1817 2013/1755/1755
f 2015/1757/1757 2077/1818/1818 2014/1756/1756
f 2016/1758/1758 2078/1819/1819 2015/1757/1757
f 2017/1759/1759 2079/1820/1820 2016/1758/1758
f 2018/1760/1760 2080/1821/1821 2017/1759/1759
f 2019/1761/1761 2081/1822/1822 2018/1760/1760
f 2020/1823/1823 2082/1824/1824 2019/1761/1761
f 2022/1762/1762 2084/1825/1825 2021/1763/1763
f 2023/1764/1764 2085/1826/1826 2022/1762/1762
f 2023/1764/1764 2087/1827/1827 2086/1828/1828
f 2024/1765/1765 2088/1829/1829 2087/1827/1827
f 2025/1766/1766 2089/1830/1830 2088/1829/1829
f 2026/1767/1767 2090/1831/1831 2089/1830/1830
f 2027/1768/1768 2091/1832/1832 2090/1831/1831
f 2028/1769/1769 2092/1833/1833 2091/1832/1832
f 2029/1770/1770 2093/1834/1834 2092/1833/1833
f 2030/1771/1771 2094/1835/1835 2093/1834/1834
f 2031/1772/1772 2095/1836/1836 2094/1835/1835
f 2032/1773/1773 2096/1837/1837 2095/1836/1836
f 2033/1774/1774 2097/1838/1838 2096/1837/1837
f 2034/1775/1775 2098/1839/1839 2097/1838/1838
f 2036/1777/1777 2098/1839/1839 2035/1776/1776
f 2037/1778/1778 2099/1840/1840 2036/1777/1777
f 2038/1779/1779 2100/1841/1841 2037/1778/1778
f 2039/1780/1780 2101/1842/1842 2038/1779/1779
f 2040/1781/1781 2102/1843/1843 2039/1780/1780
f 2041/1782/1782 2103/1844/1844 2040/1781/1781
f 2042/1783/1783 2104/1845/1845 2041/1782/1782
f 2043/1784/1784 2105/1846/1846 2042/1783/1783
f 2044/1785/1785 2106/1847/1847 2043/1784/1784
f 2045/1786/1786 2107/1848/1848 2044/1785/1785
f 2046/1787/1787 2108/1849/1849 2045/1786/1786
f 2047/1788/1788 2109/1850/1850 2046/1787/1787
f 2048/1789/1789 2110/1851/1851 2047/1788/1788
f 2049/1790/1790 2111/1852/1852 2048/1789/1789
f 2050/1791/1791 2112/1853/1853 2049/1790/1790
f 2051/1793/1793 2113/1854/1854 2050/1791/1791
f 2052/1792/1792 2114/1855/1855 2051/1793/1793
f 2053/1794/1794 2115/1856/1856 2052/1792/1792
f 2053/1794/1794 2117/1857/1857 2116/1858/1858
f 2055/1796/1796 2117/1857/1857 2054/1795/1795
f 2056/1797/1797 2118/1859/1859 2055/1796/1796
f 2056/1797/1797 2120/1860/1860 2119/1861/1861
f 2057/1798/1798 2121/1862/1862 2120/1860/1860
f 2058/1799/1799 2122/1863/1863 2121/1862/1862
f 2059/1800/1800 2123/1864/1864 2122/1863/1863
f 2060/1801/1801 2124/1865/1865 2123/1864/1864
f 2061/1802/1802 2125/1866/1866 2124/1865/1865
f 2062/1803/1803 2126/1867/1867 2125/1866/1866
f 2063/1805/1805 2127/1868/1868 2126/1867/1867
f 2064/1804/1804 2128/1869/1869 2127/1868/1868
f 2065/1806/1806 2129/1870/1870 2128/1869/1869
f 2066/1807/1807 2130/1871/1871 2129/1870/1870
f 2067/1808/1808 2131/1872/1872 2130/1871/1871
f 2068/1809/1809 2132/1873/1873 2131/1872/1872
f 2069/1810/1810 2133/1874/1874 2132/1873/1873
f 2070/1811/1811 2134/1875/1875 2133/1874/1874
f 2072/1813/1813 2134/1875/1875 2071/1812/1812
f 2073/1814/1814 2135/1876/1876 2072/1813/1813
f 2074/1815/1815 2136/1877/1877 2073/1814/1814
f 2075/1816/1816 2137/1878/1878 2074/1815/1815
f 2076/1817/1817 2138/1879/1879 2075/1816/1816
f 2077/1818/1818 2139/1880/1880 2076/1817/1817
f 2078/1819/1819 2140/1881/1881 2077/1818/1818
f 2079/1820/1820 2141/1882/1882 2078/1819/1819
f 2080/1821/1821 2142/1883/1883 2079/1820/1820
f 2081/1822/1822 2143/1884/1884 2080/1821/1821
f 2082/1824/1824 2144/1885/1885 2081/1822/1822
f 2083/1886/1886 2145/1887/1887 2082/1824/1824
f 2085/1826/1826 2147/1888/1888 2084/1825/1825
f 2086/1828/1828 2148/1889/1889 2085/1826/1826
f 2087/1827/1827 2149/1890/1890 2086/1828/1828
f 2088/1829/1829 2150/1891/1891 2087/1827/1827
f 2089/1830/1830 2151/1892/1892 2088/1829/1829
f 2090/1831/1831 2152/1893/1893 2089/1830/1830
f 2090/1831/1831 2154/1894/1894 2153/1895/1895
f 2091/1832/1832 2155/1896/1896 2154/1894/1894
f 2092/1833/1833 2156/1897/1897 2155/1896/1896
f 2093/1834/1834 2157/1898/1898 2156/1897/1897
f 2094/1835/1835 2158/1899/1899 2157/1898/1898
f 2095/1836/1836 2159/1900/1900 2158/1899/1899
f 2096/1837/1837 2160/1901/1901 2159/1900/1900
f 2097/1838/1838 2161/1902/1902 2160/1901/1901
f 2098/1839/1839 2162/1903/1903 2161/1902/1902
f 2099/1840/1840 2163/1904/1904 2162/1903/1903
f 2100/1841/1841 2164/1905/1905 2163/1904/1904
f 2101/1842/1842 2165/1906/1906 2164/1905/1905
f 2103/1844/1844 2165/1906/1906 2102/1843/1843
f 2104/1845/1845 2166/1907/1907 2103/1844/1844
f 2105/1846/1846 2167/1908/1908 2104/1845/1845
f 2106/1847/1847 2168/1909/1909 2105/1846/1846
f 2107/1848/1848 2169/1910/1910 2106/1847/1847
f 2108/1849/1849 2170/1911/1911 2107/1848/1848
f 2109/1850/1850 2171/1912/1912 2108/1849/1849
f 2110/1851/1851 2172/1913/1913 2109/1850/1850
f 2111/1852/1852 2173/1914/1914 2110/1851/1851
f 2111/1852/1852 2175/1915/1915 2174/1916/1916
f 2112/1853/1853 2176/1917/1917 2175/1915/1915
f 2113/1854/1854 2177/1918/1918 2176/1917/1917
f 2114/1855/1855 2178/1919/1919 2177/1918/1918
f 2115/1856/1856 2179/1920/1920 2178/1919/1919
f 2116/1858/1858 2180/1921/1921 2179/1920/1920
f 2117/1857/1857 2181/1922/1922 2180/1921/1921
f 2118/1859/1859 2182/1923/1923 2181/1922/1922
f 2120/1860/1860 2182/1923/1923 2119/1861/1861
f 2120/1860/1860 2184/1924/1924 2183/1925/1925
f 2121/1862/1862 2185/1926/1926 2184/1924/1924
f 2122/1863/1863 2186/1927/1927 2185/1926/1926
f 2123/1864/1864 2187/1928/1928 2186/1927/1927
f 2124/1865/1865 2188/1929/1929 2187/1928/1928
f 2125/1866/1866 2189/1930/1930 2188/1929/1929
f 2126/1867/1867 2190/1931/1931 2189/1930/1930
f 2127/1868/1868 2191/1932/1932 2190/1931/1931
f 2129/1870/1870 2191/1932/1932 2128/1869/1869
f 2130/1871/1871 2192/1933/1933 2129/1870/1870
f 2131/1872/1872 2193/1934/1934 2130/1871/1871
f 2132/1873/1873 2194/1935/1935 2131/1872/1872
f 2133/1874/1874 2195/1936/1936 2132/1873/1873
f 2134/1875/1875 2196/1937/1937 2133/1874/1874
f 2135/1876/1876 2197/1938/1938 2134/1875/1875
f 2136/1877/1877 2198/1939/1939 2135/1876/1876
f 2137/1878/1878 2199/1940/1940 2136/1877/1877
f 2138/1879/1879 2200/1941/1941 2137/1878/1878
f 2139/1880/1880 2201/1942/1942 2138/1879/1879
f 2140/1881/1881 2202/1943/1943 2139/1880/1880
f 2141/1882/1882 2203/1944/1944 2140/1881/1881
f 2142/1883/1883 2204/1945/1945 2141/1882/1882
f 2142/1883/1883 2206/1946/1946 2205/1947/1947
f 2143/1884/1884 2207/1948/1948 2206/1946/1946
f 2144/1885/1885 2208/1949/1949 2207/1948/1948
f 2145/1887/1887 2209/1950/1950 2208/1949/1949
f 2148/1889/1889 2210/1951/1951 2147/1888/1888
f 2149/1890/1890 2211/1952/1952 2148/1889/1889
f 2150/1891/1891 2212/1953/1953 2149/1890/1890
f 2151/1892/1892 2213/1954/1954 2150/1891/1891
f 2152/1893/1893 2214/1955/1955 2151/1892/1892
f 2153/1895/1895 2215/1956/1956 2152/1893/1893
f 2154/1894/1894 2216/1957/1957 2153/1895/1895
f 2155/1896/1896 2217/1958/1958 2154/1894/1894
f 2156/1897/1897 2218/1959/1959 2155/1896/1896
f 2157/1898/1898 2219/1960/1960 2156/1897/1897
f 2158/1899/1899 2220/1961/1961 2157/1898/1898
f 2159/1900/1900 2221/1962/1962 2158/1899/1899
f 2160/1901/1901 2222/1963/1963 2159/1900/1900
f 2161/1902/1902 2223/1964/1964 2160/1901/1901
f 2162/1903/1903 2224/1965/1965 2161/1902/1902
f 2162/1903/1903 2226/1966/1966 2225/1967/1967
f 2164/1905/1905 2226/1966/1966 2163/1904/1904
f 2165/1906/1906 2227/1968/1968 2164/1905/1905
f 2165/1906/1906 2229/1969/1969 2228/1970/1970
f 2166/1907/1907 2230/1971/1971 2229/1969/1969
f 2167/1908/1908 2231/1972/1972 2230/1971/1971
f 2168/1909/1909 2232/1973/1973 2231/1972/1972
f 2170/1911/1911 2232/1973/1973 2169/1910/1910
f 2171/1912/1912 2233/1974/1974 2170/1911/1911
f 2172/1913/1913 2234/1975/1975 2171/1912/1912
f 2173/1914/1914 2235/1976/1976 2172/1913/1913
f 2173/1914/1914 2237/1977/1977 2236/1978/1978
f 2174/1916/1916 2238/1979/1979 2237/1977/1977
f 2175/1915/1915 2239/1980/1980 2238/1979/1979
f 2176/1917/1917 2240/1981/1981 2239/1980/1980
f 2178/1919/1919 2240/1981/1981 2177/1918/1918
f 2178/1919/1919 2242/1982/1982 2241/1983/1983
f 2180/1921/1921 2242/1982/1982 2179/1920/1920
f 2180/1921/1921 2244/1984/1984 2243/1985/1985
f 2182/1923/1923 2244/1984/1984 2181/1922/1922
f 2183/1925/1925 2245/1986/1986 2182/1923/1923
f 2183/1925/1925 2247/1987/1987 2246/1988/1988
f 2185/1926/1926 2247/1987/1987 2184/1924/1924
f 2185/1926/1926 2249/1989/1989 2248/1990/1990
f 2186/1927/1927 2250/1991/1991 2249/1989/1989
f 2187/1928/1928 2251/1992/1992 2250/1991/1991
f 2188/1929/1929 2252/1993/1993 2251/1992/1992
f 2190/1931/1931 2252/1993/1993 2189/1930/1930
f 2190/1931/1931 2254/1994/1994 2253/1995/1995
f 2191/1932/1932 2255/1996/1996 2254/1994/1994
f 2192/1933/1933 2256/1997/1997 2255/1996/1996
f 2194/1935/1935 2256/1997/1997 2193/1934/1934
f 2195/1936/1936 2257/1998/1998 2194/1935/1935
f 2196/1937/1937 2258/1999/1999 2195/1936/1936
f 2197/1938/1938 2259/2000/2000 2196/1937/1937
f 2198/1939/1939 2260/2001/2001 2197/1938/1938
f 2199/1940/1940 2261/2002/2002 2198/1939/1939
f 2200/1941/1941 2262/2003/2003 2199/1940/1940
f 2201/1942/1942 2263/2004/2004 2200/1941/1941
f 2202/1943/1943 2264/2005/2005 2201/1942/1942
f 2203/1944/1944 2265/2006/2006 2202/1943/1943
f 2204/1945/1945 2266/2007/2007 2203/1944/1944
f 2205/1947/1947 2267/2008/2008 2204/1945/1945
f 2206/1946/1946 2268/2009/2009 2205/1947/1947
f 2206/1946/1946 2270/2010/2010 2269/2011/2011
f 2207/1948/1948 2271/2012/2012 2270/2010/2010
f 2208/1949/1949 2272/2013/2013 2271/2012/2012
f 2211/1952/1952 2273/2014/2014 2210/1951/1951
f 2212/1953/1953 2274/2015/2015 2211/1952/1952
f 2213/1954/1954 2275/2016/2016 2212/1953/1953
f 2214/1955/1955 2276/2017/2017 2213/1954/1954
f 2215/1956/1956 2277/2018/2018 2214/1955/1955
f 2216/1957/1957 2278/2019/2019 2215/1956/1956
f 2217/1958/1958 2279/2020/2020 2216/1957/1957
f 2218/1959/1959 2280/2021/2021 2217/1958/1958
f 2219/1960/1960 2281/2022/2022 2218/1959/1959
f 2220/1961/1961 2282/2023/2023 2219/1960/1960
f 2221/1962/1962 2283/2024/2024 2220/1961/1961
f 2222/1963/1963 2284/2025/2025 2221/1962/1962
f 2223/1964/1964 2285/2026/2026 2222/1963/1963
f 2224/1965/1965 2286/2027/2027 2223/1964/1964
f 2225/1967/1967 2287/2028/2028 2224/1965/1965
f 2226/1966/1966 2288/2029/2029 2225/1967/1967
f 2227/1968/1968 2289/2030/2030 2226/1966/1966
f 2227/1968/1968 2291/2031/2031 2290/2032/2032
f 2228/1970/1970 2292/2033/2033 2291/2031/2031
f 2229/1969/1969 2293/2034/2034 2292/2033/2033
f 2231/1972/1972 2293/2034/2034 2230/1971/1971
f 2231/1972/1972 2295/2035/2035 2294/2036/2036
f 2232/1973/1973 2296/2037/2037 2295/2035/2035
f 2233/1974/1974 2297/2038/2038 2296/2037/2037
f 2235/1976/1976 2297/2038/2038 2234/1975/1975
f 2235/1976/1976 2299/2039/2039 2298/2040/2040
f 2236/1978/1978 2300/2041/2041 2299/2039/2039
f 2238/1979/1979 2300/2041/2041 2237/1977/1977
f 2238/1979/1979 2302/2042/2042 2301/2043/2043
f 2240/1981/1981 2302/2042/2042 2239/1980/1980
f 2241/1983/1983 2303/2044/2044 2240/1981/1981
f 2242/1982/1982 2304/2045/2045 2241/1983/1983
f 2243/1985/1985 2305/2046/2046 2242/1982/1982
f 2243/1985/1985 2307/2047/2047 2306/2048/2048
f 2244/1984/1984 2308/2049/2049 2307/2047/2047
f 2246/1988/1988 2308/2049/2049 2245/1986/1986
f 2247/1987/1987 2309/2050/2050 2246/1988/1988
f 2248/1990/1990 2310/2051/2051 2247/1987/1987
f 2249/1989/1989 2311/2052/2052 2248/1990/1990
f 2250/1991/1991 2312/2053/2053 2249/1989/1989
f 2251/1992/1992 2313/2054/2054 2250/1991/1991
f 2251/1992/1992 2315/2055/2055 2314/2056/2056
f 2252/1993/1993 2316/2057/2057 2315/2055/2055
f 2253/1995/1995 2317/2058/2058 2316/2057/2057
f 2255/1996/1996 2317/2058/2058 2254/1994/1994
f 2256/1997/1997 2318/2059/2059 2255/1996/1996
f 2256/1997/1997 2320/2060/2060 2319/2061/2061
f 2257/1998/1998 2321/2062/2062 2320/2060/2060
f 2259/2000/2000 2321/2062/2062 2258/1999/1999
f 2260/2001/2001 2322/2063/2063 2259/2000/2000
f 2261/2002/2002 2323/2064/2064 2260/2001/2001
f 2262/2003/2003 2324/2065/2065 2261/2002/2002
f 2263/2004/2004 2325/2066/2066 2262/2003/2003
f 2264/2005/2005 2326/2067/2067 2263/2004/2004
f 2265/2006/2006 2327/2068/2068 2264/2005/2005
f 2266/2007/2007 2328/2069/2069 2265/2006/2006
f 2267/2008/2008 2329/2070/2070 2266/2007/2007
f 2268/2009/2009 2330/2071/2071 2267/2008/2008
f 2269/2011/2011 2331/2072/2072 2268/2009/2009
f 2270/2010/2010 2332/2073/2073 2269/2011/2011
f 2271/2012/2012 2333/2074/2074 2270/2010/2010
f 2271/2012/2012 2335/2075/2075 2334/2076/2076
f 2273/2014/2014 2337/2077/2077 2336/2078/2078
f 2274/2015/2015 2338/2079/2079 2337/2077/2077
f 2276/2017/2017 2338/2079/2079 2275/2016/2016
f 2277/2018/2018 2339/2080/2080 2276/2017/2017
f 2278/2019/2019 2340/2081/2081 2277/2018/2018
f 2279/2020/2020 2341/2082/2082 2278/2019/2019
f 2280/2021/2021 2342/2083/2083 2279/2020/2020
f 2281/2022/2022 2343/2084/2084 2280/2021/2021
f 2282/2023/2023 2344/2085/2085 2281/2022/2022
f 2283/2024/2024 2345/2086/2086 2282/2023/2023
f 2284/2025/2025 2346/2087/2087 2283/2024/2024
f 2285/2026/2026 2347/2088/2088 2284/2025/2025
f 2286/2027/2027 2348/2089/2089 2285/2026/2026
f 2287/2028/2028 2349/2090/2090 2286/2027/2027
f 2288/2029/2029 2350/2091/2091 2287/2028/2028
f 2289/2030/2030 2351/2092/2092 2288/2029/2029
f 2290/2032/2032 2352/2093/2093 2289/2030/2030
f 2291/2031/2031 2353/2094/2094 2290/2032/2032
f 2291/2031/2031 2355/2095/2095 2354/2096/2096
f 2292/2033/2033 2356/2097/2097 2355/2095/2095
f 2293/2034/2034 2357/2098/2098 2356/2097/2097
f 2294/2036/2036 2358/2099/2099 2357/2098/2098
f 2295/2035/2035 2359/2100/2100 2358/2099/2099
f 2296/2037/2037 2360/2101/2101 2359/2100/2100
f 2297/2038/2038 2361/2102/2102 2360/2101/2101
f 2298/2040/2040 2362/2103/2103 2361/2102/2102
f 2299/2039/2039 2363/2104/2104 2362/2103/2103
f 2301/2043/2043 2363/2104/2104 2300/2041/2041
f 2301/2043/2043 2365/2105/2105 2364/2106/2106
f 2303/2044/2044 2365/2105/2105 2302/2042/2042
f 2303/2044/2044 2367/2107/2107 2366/2108/2108
f 2304/2045/2045 2368/2109/2109 2367/2107/2107
f 2306/2048/2048 2368/2109/2109 2305/2046/2046
f 2307/2047/2047 2369/2110/2110 2306/2048/2048
f 2307/2047/2047 2371/2111/2111 2370/2112/2112
f 2309/2050/2050 2371/2111/2111 2308/2049/2049
f 2310/2051/2051 2372/2113/2113 2309/2050/2050
f 2311/2052/2052 2373/2114/2114 2310/2051/2051
f 2312/2053/2053 2374/2115/2115 2311/2052/2052
f 2313/2054/2054 2375/2116/2116 2312/2053/2053
f 2314/2056/2056 2376/2117/2117 2313/2054/2054
f 2315/2055/2055 2377/2118/2118 2314/2056/2056
f 2315/2055/2055 2379/2119/2119 2378/2120/2120
f 2316/2057/2057 2380/2121/2121 2379/2119/2119
f 2318/2059/2059 2380/2121/2121 2317/2058/2058
f 2319/2061/2061 2381/2122/2122 2318/2059/2059
f 2320/2060/2060 2382/2123/2123 2319/2061/2061
f 2320/2060/2060 2384/2124/2124 2383/2125/2125
f 2321/2062/2062 2385/2126/2126 2384/2124/2124
f 2323/2064/2064 2385/2126/2126 2322/2063/2063
f 2324/2065/2065 2386/2127/2127 2323/2064/2064
f 2325/2066/2066 2387/2128/2128 2324/2065/2065
f 2326/2067/2067 2388/2129/2129 2325/2066/2066
f 2327/2068/2068 2389/2130/2130 2326/2067/2067
f 2328/2069/2069 2390/2131/2131 2327/2068/2068
f 2329/2070/2070 2391/2132/2132 2328/2069/2069
f 2330/2071/2071 2392/2133/2133 2329/2070/2070
f 2331/2072/2072 2393/2134/2134 2330/2071/2071
f 2332/2073/2073 2394/2135/2135 2331/2072/2072
f 2333/2074/2074 2395/2136/2136 2332/2073/2073
f 2334/2076/2076 2396/2137/2137 2333/2074/2074
f 2335/2075/2075 2397/2138/2138 2334/2076/2076
f 2336/2078/2078 2400/2139/2139 2399/2140/2140
f 2338/2079/2079 2400/2139/2139 2337/2077/2077
f 2339/2080/2080 2401/2141/2141 2338/2079/2079
f 2340/2081/2081 2402/2142/2142 2339/2080/2080
f 2341/2082/2082 2403/2143/2143 2340/2081/2081
f 2342/2083/2083 2404/2144/2144 2341/2082/2082
f 2343/2084/2084 2405/2145/2145 2342/2083/2083
f 2344/2085/2085 2406/2146/2146 2343/2084/2084
f 2345/2086/2086 2407/2147/2147 2344/2085/2085
f 2346/2087/2087 2408/2148/2148 2345/2086/2086
f 2347/2088/2088 2409/2149/2149 2346/2087/2087
f 2348/2089/2089 2410/2150/2150 2347/2088/2088
f 2349/2090/2090 2411/2151/2151 2348/2089/2089
f 2349/2090/2090 2413/2152/2152 2412/2153/2153
f 2350/2091/2091 2414/2154/2154 2413/2152/2152
f 2351/2092/2092 2415/2155/2155 2414/2154/2154
f 2352/2093/2093 2416/2156/2156 2415/2155/2155
f 2353/2094/2094 2417/2157/2157 2416/2156/2156
f 2354/2096/2096 2418/2158/2158 2417/2157/2157
f 2355/2095/2095 2419/2159/2159 2418/2158/2158
f 2356/2097/2097 2420/2160/2160 2419/2159/2159
f 2357/2098/2098 2421/2161/2161 2420/2160/2160
f 2358/2099/2099 2422/2162/2162 2421/2161/2161
f 2359/2100/2100 2423/2163/2163 2422/2162/2162
f 2360/2101/2101 2424/2164/2164 2423/2163/2163
f 2361/2102/2102 2425/2165/2165 2424/2164/2164
f 2362/2103/2103 2426/2166/2166 2425/2165/2165
f 2363/2104/2104 2427/2167/2167 2426/2166/2166
f 2364/2106/2106 2428/2168/2168 2427/2167/2167
f 2365/2105/2105 2429/2169/2169 2428/2168/2168
f 2366/2108/2108 2430/2170/2170 2429/2169/2169
f 2367/2107/2107 2431/2171/2171 2430/2170/2170
f 2368/2109/2109 2432/2172/2172 2431/2171/2171
f 2369/2110/2110 2433/2173/2173 2432/2172/2172
f 2371/2111/2111 2433/2173/2173 2370/2112/2112
f 2372/2113/2113 2434/2174/2174 2371/2111/2111
f 2373/2114/2114 2435/2175/2175 2372/2113/2113
f 2374/2115/2115 2436/2176/2176 2373/2114/2114
f 2375/2116/2116 2437/2177/2177 2374/2115/2115
f 2376/2117/2117 2438/2178/2178 2375/2116/2116
f 2377/2118/2118 2439/2179/2179 2376/2117/2117
f 2378/2120/2120 2440/2180/2180 2377/2118/2118
f 2379/2119/2119 2441/2181/2181 2378/2120/2120
f 2380/2121/2121 2442/2182/2182 2379/2119/2119
f 2381/2122/2122 2443/2183/2183 2380/2121/2121
f 2382/2123/2123 2444/2184/2184 2381/2122/2122
f 2383/2125/2125 2445/2185/2185 2382/2123/2123
f 2383/2125/2125 2447/2186/2186 2446/2187/2187
f 2384/2124/2124 2448/2188/2188 2447/2186/2186
f 2385/2126/2126 2449/2189/2189 2448/2188/2188
f 2386/2127/2127 2450/2190/2190 2449/2189/2189
f 2387/2128/2128 2451/2191/2191 2450/2190/2190
f 2388/2129/2129 2452/2192/2192 2451/2191/2191
f 2389/2130/2130 2453/2193/2193 2452/2192/2192
f 2391/2132/2132 2453/2193/2193 2390/2131/2131
f 2392/2133/2133 2454/2194/2194 2391/2132/2132
f 2393/2134/2134 2455/2195/2195 2392/2133/2133
f 2394/2135/2135 2456/2196/2196 2393/2134/2134
f 2395/2136/2136 2457/2197/2197 2394/2135/2135
f 2396/2137/2137 2458/2198/2198 2395/2136/2136
f 2397/2138/2138 2459/2199/2199 2396/2137/2137
f 2398/2200/2200 2460/2201/2201 2397/2138/2138
f 2400/2139/2139 2462/2202/2202 2399/2140/2140
f 2401/2141/2141 2463/2203/2203 2400/2139/2139
f 2402/2142/2142 2464/2204/2204 2401/2141/2141
f 2403/2143/2143 2465/2205/2205 2402/2142/2142
f 2404/2144/2144 2466/2206/2206 2403/2143/2143
f 2405/2145/2145 2467/2207/2207 2404/2144/2144
f 2406/2146/2146 2468/2208/2208 2405/2145/2145
f 2407/2147/2147 2469/2209/2209 2406/2146/2146
f 2407/2147/2147 2471/2210/2210 2470/2211/2211
f 2408/2148/2148 2472/2212/2212 2471/2210/2210
f 2409/2149/2149 2473/2213/2213 2472/2212/2212
f 2410/2150/2150 2474/2214/2214 2473/2213/2213
f 2411/2151/2151 2475/2215/2215 2474/2214/2214
f 2412/2153/2153 2476/2216/2216 2475/2215/2215
f 2413/2152/2152 2477/2217/2217 2476/2216/2216
f 2414/2154/2154 2478/2218/2218 2477/2217/2217
f 2415/2155/2155 2479/2219/2219 2478/2218/2218
f 2416/2156/2156 2480/2220/2220 2479/2219/2219
f 2417/2157/2157 2481/2221/2221 2480/2220/2220
f 2418/2158/2158 2482/2222/2222 2481/2221/2221
f 2419/2159/2159 2483/2223/2223 2482/2222/2222
f 2420/2160/2160 2484/2224/2224 2483/2223/2223
f 2421/2161/2161 2485/2225/2225 2484/2224/2224
f 2422/2162/2162 2486/2226/2226 2485/2225/2225
f 2423/2163/2163 2487/2227/2227 2486/2226/2226
f 2424/2164/2164 2488/2228/2228 2487/2227/2227
f 2425/2165/2165 2489/2229/2229 2488/2228/2228
f 2426/2166/2166 2490/2230/2230 2489/2229/2229
f 2427/2167/2167 2491/2231/2231 2490/2230/2230
f 2429/2169/2169 2491/2231/2231 2428/2168/2168
f 2430/2170/2170 2492/2232/2232 2429/2169/2169
f 2431/2171/2171 2493/2233/2233 2430/2170/2170
f 2431/2171/2171 2495/2234/2234 2494/2235/2235
f 2433/2173/2173 2495/2234/2234 2432/2172/2172
f 2434/2174/2174 2496/2236/2236 2433/2173/2173
f 2435/2175/2175 2497/2237/2237 2434/2174/2174
f 2436/2176/2176 2498/2238/2238 2435/2175/2175
f 2437/2177/2177 2499/2239/2239 2436/2176/2176
f 2438/2178/2178 2500/2240/2240 2437/2177/2177
f 2439/2179/2179 2501/2241/2241 2438/2178/2178
f 2440/2180/2180 2502/2242/2242 2439/2179/2179
f 2441/2181/2181 2503/2243/2243 2440/2180/2180
f 2442/2182/2182 2504/2244/2244 2441/2181/2181
f 2443/2183/2183 2505/2245/2245 2442/2182/2182
f 2444/2184/2184 2506/2246/2246 2443/2183/2183
f 2445/2185/2185 2507/2247/2247 2444/2184/2184
f 2446/2187/2187 2508/2248/2248 2445/2185/2185
f 2447/2186/2186 2509/2249/2249 2446/2187/2187
f 2448/2188/2188 2510/2250/2250 2447/2186/2186
f 2449/2189/2189 2511/2251/2251 2448/2188/2188
f 2450/2190/2190 2512/2252/2252 2449/2189/2189
f 2451/2191/2191 2513/2253/2253 2450/2190/2190
f 2451/2191/2191 2515/2254/2254 2514/2255/2255
f 2452/2192/2192 2516/2256/2256 2515/2254/2254
f 2453/2193/2193 2517/2257/2257 2516/2256/2256
f 2454/2194/2194 2518/2258/2258 2517/2257/2257
f 2455/2195/2195 2519/2259/2259 2518/2258/2258
f 2456/2196/2196 2520/2260/2260 2519/2259/2259
f 2458/2198/2198 2520/2260/2260 2457/2197/2197
f 2459/2199/2199 2521/2261/2261 2458/2198/2198
f 2460/2201/2201 2522/2262/2262 2459/2199/2199
f 2461/2263/2263 2523/2264/2264 2460/2201/2201
f 2463/2203/2203 2525/2265/2265 2462/2202/2202
f 2464/2204/2204 2526/2266/2266 2463/2203/2203
f 2465/2205/2205 2527/2267/2267 2464/2204/2204
f 2466/2206/2206 2528/2268/2268 2465/2205/2205
f 2466/2206/2206 2530/2269/2269 2529/2270/2270
f 2467/2207/2207 2531/2271/2271 2530/2269/2269
f 2468/2208/2208 2532/2272/2272 2531/2271/2271
f 2469/2209/2209 2533/2273/2273 2532/2272/2272
f 2470/2211/2211 2534/2274/2274 2533/2273/2273
f 2471/2210/2210 2535/2275/2275 2534/2274/2274
f 2472/2212/2212 2536/2276/2276 2535/2275/2275
f 2473/2213/2213 2537/2277/2277 2536/2276/2276
f 2474/2214/2214 2538/2278/2278 2537/2277/2277
f 2475/2215/2215 2539/2279/2279 2538/2278/2278
f 2476/2216/2216 2540/2280/2280 2539/2279/2279
f 2477/2217/2217 2541/2281/2281 2540/2280/2280
f 2478/2218/2218 2542/2282/2282 2541/2281/2281
f 2479/2219/2219 2543/2283/2283 2542/2282/2282
f 2480/2220/2220 2544/2284/2284 2543/2283/2283
f 2482/2222/2222 2544/2284/2284 2481/2221/2221
f 2482/2222/2222 2546/2285/2285 2545/2286/2286
f 2483/2223/2223 2547/2287/2287 2546/2285/2285
f 2484/2224/2224 2548/2288/2288 2547/2287/2287
f 2485/2225/2225 2549/2289/2289 2548/2288/2288
f 2486/2226/2226 2550/2290/2290 2549/2289/2289
f 2487/2227/2227 2551/2291/2291 2550/2290/2290
f 2488/2228/2228 2552/2292/2292 2551/2291/2291
f 2489/2229/2229 2553/2293/2293 2552/2292/2292
f 2490/2230/2230 2554/2294/2294 2553/2293/2293
f 2491/2231/2231 2555/2295/2295 2554/2294/2294
f 2492/2232/2232 2556/2296/2296 2555/2295/2295
f 2494/2235/2235 2556/2296/2296 2493/2233/2233
f 2495/2234/2234 2557/2297/2297 2494/2235/2235
f 2496/2236/2236 2558/2298/2298 2495/2234/2234
f 2497/2237/2237 2559/2299/2299 2496/2236/2236
f 2498/2238/2238 2560/2300/2300 2497/2237/2237
f 2499/2239/2239 2561/2301/2301 2498/2238/2238
f 2500/2240/2240 2562/2302/2302 2499/2239/2239
f 2501/2241/2241 2563/2303/2303 2500/2240/2240
f 2502/2242/2242 2564/2304/2304 2501/2241/2241
f 2503/2243/2243 2565/2305/2305 2502/2242/2242
f 2504/2244/2244 2566/2306/2306 2503/2243/2243
f 2504/2244/2244 2568/2307/2307 2567/2308/2308
f 2506/2246/2246 2568/2307/2307 2505/2245/2245
f 2507/2247/2247 2569/2309/2309 2506/2246/2246
f 2508/2248/2248 2570/2310/2310 2507/2247/2247
f 2509/2249/2249 2571/2311/2311 2508/2248/2248
f 2510/2250/2250 2572/2312/2312 2509/2249/2249
f 2511/2251/2251 2573/2313/2313 2510/2250/2250
f 2512/2252/2252 2574/2314/2314 2511/2251/2251
f 2513/2253/2253 2575/2315/2315 2512/2252/2252
f 2514/2255/2255 2576/2316/2316 2513/2253/2253
f 2515/2254/2254 2577/2317/2317 2514/2255/2255
f 2516/2256/2256 2578/2318/2318 2515/2254/2254
f 2517/2257/2257 2579/2319/2319 2516/2256/2256
f 2518/2258/2258 2580/2320/2320 2517/2257/2257
f 2518/2258/2258 2582/2321/2321 2581/2322/2322
f 2519/2259/2259 2583/2323/2323 2582/2321/2321
f 2520/2260/2260 2584/2324/2324 2583/2323/2323
f 2521/2261/2261 2585/2325/2325 2584/2324/2324
f 2522/2262/2262 2586/2326/2326 2585/2325/2325
f 2523/2264/2264 2587/2327/2327 2586/2326/2326
f 2525/2265/2265 2589/2328/2328 2588/2329/2329
f 2526/2266/2266 2590/2330/2330 2589/2328/2328
f 2527/2267/2267 2591/2331/2331 2590/2330/2330
f 2528/2268/2268 2592/2332/2332 2591/2331/2331
f 2529/2270/2270 2593/2333/2333 2592/2332/2332
f 2530/2269/2269 2594/2334/2334 2593/2333/2333
f 2531/2271/2271 2595/2335/2335 2594/2334/2334
f 2532/2272/2272 2596/2336/2336 2595/2335/2335
f 2533/2273/2273 2597/2337/2337 2596/2336/2336
f 2534/2274/2274 2598/2338/2338 2597/2337/2337
f 2535/2275/2275 2599/2339/2339 2598/2338/2338
f 2536/2276/2276 2600/2340/2340 2599/2339/2339
f 2537/2277/2277 2601/2341/2341 2600/2340/2340
f 2538/2278/2278 2602/2342/2342 2601/2341/2341
f 2539/2279/2279 2603/2343/2343 2602/2342/2342
f 2540/2280/2280 2604/2344/2344 2603/2343/2343
f 2541/2281/2281 2605/2345/2345 2604/2344/2344
f 2542/2282/2282 2606/2346/2346 2605/2345/2345
f 2543/2283/2283 2607/2347/2347 2606/2346/2346
f 2544/2284/2284 2608/2348/2348 2607/2347/2347
f 2545/2286/2286 2609/2349/2349 2608/2348/2348
f 2546/2285/2285 2610/2350/2350 2609/2349/2349
f 2547/2287/2287 2611/2351/2351 2610/2350/2350
f 2548/2288/2288 2612/2352/2352 2611/2351/2351
f 2549/2289/2289 2613/2353/2353 2612/2352/2352
f 2550/2290/2290 2614/2354/2354 2613/2353/2353
f 2551/2291/2291 2615/2355/2355 2614/2354/2354
f 2552/2292/2292 2616/2356/2356 2615/2355/2355
f 2553/2293/2293 2617/2357/2357 2616/2356/2356
f 2554/2294/2294 2618/2358/2358 2617/2357/2357
f 2555/2295/2295 2619/2359/2359 2618/2358/2358
f 2557/2297/2297 2619/2359/2359 2556/2296/2296
f 2558/2298/2298 2620/2360/2360 2557/2297/2297
f 2559/2299/2299 2621/2361/2361 2558/2298/2298
f 2560/2300/2300 2622/2362/2362 2559/2299/2299
f 2561/2301/2301 2623/2363/2363 2560/2300/2300
f 2562/2302/2302 2624/2364/2364 2561/2301/2301
f 2563/2303/2303 2625/2365/2365 2562/2302/2302
f 2564/2304/2304 2626/2366/2366 2563/2303/2303
f 2565/2305/2305 2627/2367/2367 2564/2304/2304
f 2566/2306/2306 2628/2368/2368 2565/2305/2305
f 2567/2308/2308 2629/2369/2369 2566/2306/2306
f 2567/2308/2308 2631/2370/2370 2630/2371/2371
f 2569/2309/2309 2631/2370/2370 2568/2307/2307
f 2569/2309/2309 2633/2372/2372 2632/2373/2373
f 2571/2311/2311 2633/2372/2372 2570/2310/2310
f 2572/2312/2312 2634/2374/2374 2571/2311/2311
f 2573/2313/2313 2635/2375/2375 2572/2312/2312
f 2574/2314/2314 2636/2376/2376 2573/2313/2313
f 2575/2315/2315 2637/2377/2377 2574/2314/2314
f 2576/2316/2316 2638/2378/2378 2575/2315/2315
f 2577/2317/2317 2639/2379/2379 2576/2316/2316
f 2578/2318/2318 2640/2380/2380 2577/2317/2317
f 2579/2319/2319 2641/2381/2381 2578/2318/2318
f 2580/2320/2320 2642/2382/2382 2579/2319/2319
f 2581/2322/2322 2643/2383/2383 2580/2320/2320
f 2582/2321/2321 2644/2384/2384 2581/2322/2322
f 2583/2323/2323 2645/2385/2385 2582/2321/2321
f 2584/2324/2324 2646/2386/2386 2583/2323/2323
f 2584/2324/2324 2648/2387/2387 2647/2388/2388
f 2585/2325/2325 2649/2389/2389 2648/2387/2387
f 2586/2326/2326 2650/2390/2390 2649/2389/2389
f 2588/2329/2329 2652/2391/2391 2651/2392/2392
f 2589/2328/2328 2653/2393/2393 2652/2391/2391
f 2590/2330/2330 2654/2394/2394 2653/2393/2393
f 2591/2331/2331 2655/2395/2395 2654/2394/2394
f 2592/2332/2332 2656/2396/2396 2655/2395/2395
f 2593/2333/2333 2657/2397/2397 2656/2396/2396
f 2594/2334/2334 2658/2398/2398 2657/2397/2397
f 2595/2335/2335 2659/2399/2399 2658/2398/2398
f 2596/2336/2336 2660/2400/2400 2659/2399/2399
f 2597/2337/2337 2661/2401/2401 2660/2400/2400
f 2598/2338/2338 2662/2402/2402 2661/2401/2401
f 2599/2339/2339 2663/2403/2403 2662/2402/2402
f 2600/2340/2340 2664/2404/2404 2663/2403/2403
f 2601/2341/2341 2665/2405/2405 2664/2404/2404
f 2602/2342/2342 2666/2406/2406 2665/2405/2405
f 2603/2343/2343 2667/2407/2407 2666/2406/2406
f 2604/2344/2344 2668/2408/2408 2667/2407/2407
f 2605/2345/2345 2669/2409/2409 2668/2408/2408
f 2606/2346/2346 2670/2410/2410 2669/2409/2409
f 2607/2347/2347 2671/2411/2411 2670/2410/2410
f 2608/2348/2348 2672/2412/2412 2671/2411/2411
f 2609/2349/2349 2673/2413/2413 2672/2412/2412
f 2610/2350/2350 2674/2414/2414 2673/2413/2413
f 2611/2351/2351 2675/2415/2415 2674/2414/2414
f 2612/2352/2352 2676/2416/2416 2675/2415/2415
f 2613/2353/2353 2677/2417/2417 2676/2416/2416
f 2614/2354/2354 2678/2418/2418 2677/2417/2417
f 2615/2355/2355 2679/2419/2419 2678/2418/2418
f 2616/2356/2356 2680/2420/2420 2679/2419/2419
f 2617/2357/2357 2681/2421/2421 2680/2420/2420
f 2618/2358/2358 2682/2422/2422 2681/2421/2421
f 2620/2360/2360 2682/2422/2422 2619/2359/2359
f 2621/2361/2361 2683/2423/2423 2620/2360/2360
f 2622/2362/2362 2684/2424/2424 2621/2361/2361
f 2623/2363/2363 2685/2425/2425 2622/2362/2362
f 2624/2364/2364 2686/2426/2426 2623/2363/2363
f 2625/2365/2365 2687/2427/2427 2624/2364/2364
f 2626/2366/2366 2688/2428/2428 2625/2365/2365
f 2627/2367/2367 2689/2429/2429 2626/2366/2366
f 2628/2368/2368 2690/2430/2430 2627/2367/2367
f 2629/2369/2369 2691/2431/2431 2628/2368/2368
f 2630/2371/2371 2692/2432/2432 2629/2369/2369
f 2631/2370/2370 2693/2433/2433 2630/2371/2371
f 2632/2373/2373 2694/2434/2434 2631/2370/2370
f 2632/2373/2373 2696/2435/2435 2695/2436/2436
f 2634/2374/2374 2696/2435/2435 2633/2372/2372
f 2635/2375/2375 2697/2437/2437 2634/2374/2374
f 2636/2376/2376 2698/2438/2438 2635/2375/2375
f 2636/2376/2376 2700/2439/2439 2699/2440/2440
f 2638/2378/2378 2700/2439/2439 2637/2377/2377
f 2639/2379/2379 2701/2441/2441 2638/2378/2378
f 2640/2380/2380 2702/2442/2442 2639/2379/2379
f 2641/2381/2381 2703/2443/2443 2640/2380/2380
f 2642/2382/2382 2704/2444/2444 2641/2381/2381
f 2643/2383/2383 2705/2445/2445 2642/2382/2382
f 2644/2384/2384 2706/2446/2446 2643/2383/2383
f 2645/2385/2385 2707/2447/2447 2644/2384/2384
f 2646/2386/2386 2708/2448/2448 2645/2385/2385
f 2647/2388/2388 2709/2449/2449 2646/2386/2386
f 2648/2387/2387 2710/2450/2450 2647/2388/2388
f 2649/2389/2389 2711/2451/2451 2648/2387/2387
f 2650/2390/2390 2712/2452/2452 2649/2389/2389
f 2651/2392/2392 2715/2453/2453 2714/2454/2454
f 2652/2391/2391 2716/2455/2455 2715/2453/2453
f 2653/2393/2393 2717/2456/2456 2716/2455/2455
f 2654/2394/2394 2718/2457/2457 2717/2456/2456
f 2655/2395/2395 2719/2458/2458 2718/2457/2457
f 2656/2396/2396 2720/2459/2459 2719/2458/2458
f 2657/2397/2397 2721/2460/2460 2720/2459/2459
f 2658/2398/2398 2722/2461/2461 2721/2460/2460
f 2659/2399/2399 2723/2462/2462 2722/2461/2461
f 2660/2400/2400 2724/2463/2463 2723/2462/2462
f 2661/2401/2401 2725/2464/2464 2724/2463/2463
f 2662/2402/2402 2726/2465/2465 2725/2464/2464
f 2663/2403/2403 2727/2466/2466 2726/2465/2465
f 2664/2404/2404 2728/2467/2467 2727/2466/2466
f 2665/2405/2405 2729/2468/2468 2728/2467/2467
f 2666/2406/2406 2730/2469/2469 2729/2468/2468
f 2667/2407/2407 2731/2470/2470 2730/2469/2469
f 2668/2408/2408 2732/2471/2471 2731/2470/2470
f 2669/2409/2409 2733/2472/2472 2732/2471/2471
f 2670/2410/2410 2734/2473/2473 2733/2472/2472
f 2671/2411/2411 2735/2474/2474 2734/2473/2473
f 2672/2412/2412 2736/2475/2475 2735/2474/2474
f 2673/2413/2413 2737/2476/2476 2736/2475/2475
f 2674/2414/2414 2738/2477/2477 2737/2476/2476
f 2675/2415/2415 2739/2478/2478 2738/2477/2477
f 2676/2416/2416 2740/2479/2479 2739/2478/2478
f 2677/2417/2417 2741/2480/2480 2740/2479/2479
f 2678/2418/2418 2742/2481/2481 2741/2480/2480
f 2679/2419/2419 2743/2482/2482 2742/2481/2481
f 2680/2420/2420 2744/2483/2483 2743/2482/2482
f 2681/2421/2421 2745/2484/2484 2744/2483/2483
f 2682/2422/2422 2746/2485/2485 2745/2484/2484
f 2684/2424/2424 2746/2485/2485 2683/2423/2423
f 2685/2425/2425 2747/2486/2486 2684/2424/2424
f 2686/2426/2426 2748/2487/2487 2685/2425/2425
f 2687/2427/2427 2749/2488/2488 2686/2426/2426
f 2688/2428/2428 2750/2489/2489 2687/2427/2427
f 2689/2429/2429 2751/2490/2490 2688/2428/2428
f 2690/2430/2430 2752/2491/2491 2689/2429/2429
f 2691/2431/2431 2753/2492/2492 2690/2430/2430
f 2692/2432/2432 2754/2493/2493 2691/2431/2431
f 2693/2433/2433 2755/2494/2494 2692/2432/2432
f 2694/2434/2434 2756/2495/2495 2693/2433/2433
f 2695/2436/2436 2757/2496/2496 2694/2434/2434
f 2696/2435/2435 2758/2497/2497 2695/2436/2436
f 2697/2437/2437 2759/2498/2498 2696/2435/2435
f 2697/2437/2437 2761/2499/2499 2760/2500/2500
f 2698/2438/2438 2762/2501/2501 2761/2499/2499
f 2699/2440/2440 2763/2502/2502 2762/2501/2501
f 2700/2439/2439 2764/2503/2503 2763/2502/2502
f 2701/2441/2441 2765/2504/2504 2764/2503/2503
f 2702/2442/2442 2766/2505/2505 2765/2504/2504
f 2703/2443/2443 2767/2506/2506 2766/2505/2505
f 2705/2445/2445 2767/2506/2506 2704/2444/2444
f 2706/2446/2446 2768/2507/2507 2705/2445/2445
f 2707/2447/2447 2769/2508/2508 2706/2446/2446
f 2708/2448/2448 2770/2509/2509 2707/2447/2447
f 2709/2449/2449 2771/2510/2510 2708/2448/2448
f 2710/2450/2450 2772/2511/2511 2709/2449/2449
f 2711/2451/2451 2773/2512/2512 2710/2450/2450
f 2712/2452/2452 2774/2513/2513 2711/2451/2451
f 2713/2514/2514 2775/2515/2515 2712/2452/2452
f 2714/2454/2454 2778/2516/2516 2777/2517/2517
f 2715/2453/2453 2779/2518/2518 2778/2516/2516
f 2716/2455/2455 2780/2519/2519 2779/2518/2518
f 2717/2456/2456 2781/2520/2520 2780/2519/2519
f 2718/2457/2457 2782/2521/2521 2781/2520/2520
f 2719/2458/2458 2783/2522/2522 2782/2521/2521
f 2720/2459/2459 2784/2523/2523 2783/2522/2522
f 2721/2460/2460 2785/2524/2524 2784/2523/2523
f 2722/2461/2461 2786/2525/2525 2785/2524/2524
f 2723/2462/2462 2787/2526/2526 2786/2525/2525
f 2724/2463/2463 2788/2527/2527 2787/2526/2526
f 2725/2464/2464 2789/2528/2528 2788/2527/2527
f 2726/2465/2465 2790/2529/2529 2789/2528/2528
f 2727/2466/2466 2791/2530/2530 2790/2529/2529
f 2728/2467/2467 2792/2531/2531 2791/2530/2530
f 2729/2468/2468 2793/2532/2532 2792/2531/2531
f 2730/2469/2469 2794/2533/2533 2793/2532/2532
f 2731/2470/2470 2795/2534/2534 2794/2533/2533
f 2732/2471/2471 2796/2535/2535 2795/2534/2534
f 2733/2472/2472 2797/2536/2536 2796/2535/2535
f 2734/2473/2473 2798/2537/2537 2797/2536/2536
f 2735/2474/2474 2799/2538/2538 2798/2537/2537
f 2736/2475/2475 2800/2539/2539 2799/2538/2538
f 2737/2476/2476 2801/2540/2540 2800/2539/2539
f 2738/2477/2477 2802/2541/2541 2801/2540/2540
f 2739/2478/2478 2803/2542/2542 2802/2541/2541
f 2740/2479/2479 2804/2543/2543 2803/2542/2542
f 2742/2481/2481 2804/2543/2543 2741/2480/2480
f 2742/2481/2481 2806/2544/2544 2805/2545/2545
f 2743/2482/2482 2807/2546/2546 2806/2544/2544
f 2745/2484/2484 2807/2546/2546 2744/2483/2483
f 2746/2485/2485 2808/2547/2547 2745/2484/2484
f 2747/2486/2486 2809/2548/2548 2746/2485/2485
f 2748/2487/2487 2810/2549/2549 2747/2486/2486
f 2749/2488/2488 2811/2550/2550 2748/2487/2487
f 2750/2489/2489 2812/2551/2551 2749/2488/2488
f 2751/2490/2490 2813/2552/2552 2750/2489/2489
f 2752/2491/2491 2814/2553/2553 2751/2490/2490
f 2753/2492/2492 2815/2554/2554 2752/2491/2491
f 2754/2493/2493 2816/2555/2555 2753/2492/2492
f 2755/2494/2494 2817/2556/2556 2754/2493/2493
f 2756/2495/2495 2818/2557/2557 2755/2494/2494
f 2757/2496/2496 2819/2558/2558 2756/2495/2495
f 2758/2497/2497 2820/2559/2559 2757/2496/2496
f 2759/2498/2498 2821/2560/2560 2758/2497/2497
f 2760/2500/2500 2822/2561/2561 2759/2498/2498
f 2761/2499/2499 2823/2562/2562 2760/2500/2500
f 2762/2501/2501 2824/2563/2563 2761/2499/2499
f 2763/2502/2502 2825/2564/2564 2762/2501/2501
f 2764/2503/2503 2826/2565/2565 2763/2502/2502
f 2765/2504/2504 2827/2566/2566 2764/2503/2503
f 2765/2504/2504 2829/2567/2567 2828/2568/2568
f 2766/2505/2505 2830/2569/2569 2829/2567/2567
f 2767/2506/2506 2831/2570/2570 2830/2569/2569
f 2768/2507/2507 2832/2571/2571 2831/2570/2570
f 2770/2509/2509 2832/2571/2571 2769/2508/2508
f 2771/2510/2510 2833/2572/2572 2770/2509/2509
f 2772/2511/2511 2834/2573/2573 2771/2510/2510
f 2773/2512/2512 2835/2574/2574 2772/2511/2511
f 2774/2513/2513 2836/2575/2575 2773/2512/2512
f 2775/2515/2515 2837/2576/2576 2774/2513/2513
f 2776/2577/2577 2838/2578/2578 2775/2515/2515
f 2777/2517/2517 2841/2579/2579 2840/2580/2580
f 2778/2516/2516 2842/2581/2581 2841/2579/2579
f 2779/2518/2518 2843/2582/2582 2842/2581/2581
f 2780/2519/2519 2844/2583/2583 2843/2582/2582
f 2781/2520/2520 2845/2584/2584 2844/2583/2583
f 2782/2521/2521 2846/2585/2585 2845/2584/2584
f 2783/2522/2522 2847/2586/2586 2846/2585/2585
f 2784/2523/2523 2848/2587/2587 2847/2586/2586
f 2785/2524/2524 2849/2588/2588 2848/2587/2587
f 2786/2525/2525 2850/2589/2589 2849/2588/2588
f 2787/2526/2526 2851/2590/2590 2850/2589/2589
f 2788/2527/2527 2852/2591/2591 2851/2590/2590
f 2789/2528/2528 2853/2592/2592 2852/2591/2591
f 2790/2529/2529 2854/2593/2593 2853/2592/2592
f 2791/2530/2530 2855/2594/2594 2854/2593/2593
f 2792/2531/2531 2856/2595/2595 2855/2594/2594
f 2793/2532/2532 2857/2596/2596 2856/2595/2595
f 2794/2533/2533 2858/2597/2597 2857/2596/2596
f 2795/2534/2534 2859/2598/2598 2858/2597/2597
f 2796/2535/2535 2860/2599/2599 2859/2598/2598
f 2797/2536/2536 2861/2600/2600 2860/2599/2599
f 2798/2537/2537 2862/2601/2601 2861/2600/2600
f 2799/2538/2538 2863/2602/2602 2862/2601/2601
f 2800/2539/2539 2864/2603/2603 2863/2602/2602
f 2801/2540/2540 2865/2604/2604 2864/2603/2603
f 2802/2541/2541 2866/2605/2605 2865/2604/2604
f 2803/2542/2542 2867/2606/2606 2866/2605/2605
f 2805/2545/2545 2867/2606/2606 2804/2543/2543
f 2805/2545/2545 2869/2607/2607 2868/2608/2608
f 2806/2544/2544 2870/2609/2609 2869/2607/2607
f 2807/2546/2546 2871/2610/2610 2870/2609/2609
f 2808/2547/2547 2872/2611/2611 2871/2610/2610
f 2810/2549/2549 2872/2611/2611 2809/2548/2548
f 2811/2550/2550 2873/2612/2612 2810/2549/2549
f 2812/2551/2551 2874/2613/2613 2811/2550/2550
f 2813/2552/2552 2875/2614/2614 2812/2551/2551
f 2814/2553/2553 2876/2615/2615 2813/2552/2552
f 2815/2554/2554 2877/2616/2616 2814/2553/2553
f 2816/2555/2555 2878/2617/2617 2815/2554/2554
f 2817/2556/2556 2879/2618/2618 2816/2555/2555
f 2818/2557/2557 2880/2619/2619 2817/2556/2556
f 2819/2558/2558 2881/2620/2620 2818/2557/2557
f 2820/2559/2559 2882/2621/2621 2819/2558/2558
f 2821/2560/2560 2883/2622/2622 2820/2559/2559
f 2822/2561/2561 2884/2623/2623 2821/2560/2560
f 2823/2562/2562 2885/2624/2624 2822/2561/2561
f 2824/2563/2563 2886/2625/2625 2823/2562/2562
f 2825/2564/2564 2887/2626/2626 2824/2563/2563
f 2826/2565/2565 2888/2627/2627 2825/2564/2564
f 2827/2566/2566 2889/2628/2628 2826/2565/2565
f 2828/2568/2568 2890/2629/2629 2827/2566/2566
f 2829/2567/2567 2891/2630/2630 2828/2568/2568
f 2830/2569/2569 2892/2631/2631 2829/2567/2567
f 2831/2570/2570 2893/2632/2632 2830/2569/2569
f 2832/2571/2571 2894/2633/2633 2831/2570/2570
f 2833/2572/2572 2895/2634/2634 2832/2571/2571
f 2833/2572/2572 2897/2635/2635 2896/2636/2636
f 2835/2574/2574 2897/2635/2635 2834/2573/2573
f 2836/2575/2575 2898/2637/2637 2835/2574/2574
f 2837/2576/2576 2899/2638/2638 2836/2575/2575
f 2838/2578/2578 2900/2639/2639 2837/2576/2576
f 2839/2640/2640 2901/2641/2641 2838/2578/2578
f 2840/2580/2580 2904/2642/2642 2903/2643/2643
f 2841/2579/2579 2905/2644/2644 2904/2642/2642
f 2842/2581/2581 2906/2645/2645 2905/2644/2644
f 2843/2582/2582 2907/2646/2646 2906/2645/2645
f 2844/2583/2583 2908/2647/2647 2907/2646/2646
f 2845/2584/2584 2909/2648/2648 2908/2647/2647
f 2846/2585/2585 2910/2649/2649 2909/2648/2648
f 2847/2586/2586 2911/2650/2650 2910/2649/2649
f 2848/2587/2587 2912/2651/2651 2911/2650/2650
f 2849/2588/2588 2913/2652/2652 2912/2651/2651
f 2850/2589/2589 2914/2653/2653 2913/2652/2652
f 2851/2590/2590 2915/2654/2654 2914/2653/2653
f 2852/2591/2591 2916/2655/2655 2915/2654/2654
f 2853/2592/2592 2917/2656/2656 2916/2655/2655
f 2854/2593/2593 2918/2657/2657 2917/2656/2656
f 2855/2594/2594 2919/2658/2658 2918/2657/2657
f 2856/2595/2595 2920/2659/2659 2919/2658/2658
f 2857/2596/2596 2921/2660/2660 2920/2659/2659
f 2858/2597/2597 2922/2661/2661 2921/2660/2660
f 2859/2598/2598 2923/2662/2662 2922/2661/2661
f 2860/2599/2599 2924/2663/2663 2923/2662/2662
f 2861/2600/2600 2925/2664/2664 2924/2663/2663
f 2862/2601/2601 2926/2665/2665 2925/2664/2664
f 2863/2602/2602 2927/2666/2666 2926/2665/2665
f 2864/2603/2603 2928/2667/2667 2927/2666/2666
f 2865/2604/2604 2929/2668/2668 2928/2667/2667
f 2866/2605/2605 2930/2669/2669 2929/2668/2668
f 2867/2606/2606 2931/2670/2670 2930/2669/2669
f 2868/2608/2608 2932/2671/2671 2931/2670/2670
f 2869/2607/2607 2933/2672/2672 2932/2671/2671
f 2871/2610/2610 2933/2672/2672 2870/2609/2609
f 2871/2610/2610 2935/2673/2673 2934/2674/2674
f 2873/2612/2612 2935/2673/2673 2872/2611/2611
f 2874/2613/2613 2936/2675/2675 2873/2612/2612
f 2875/2614/2614 2937/2676/2676 2874/2613/2613
f 2876/2615/2615 2938/2677/2677 2875/2614/2614
f 2877/2616/2616 2939/2678/2678 2876/2615/2615
f 2878/2617/2617 2940/2679/2679 2877/2616/2616
f 2879/2618/2618 2941/2680/2680 2878/2617/2617
f 2880/2619/2619 2942/2681/2681 2879/2618/2618
f 2881/2620/2620 2943/2682/2682 2880/2619/2619
f 2882/2621/2621 2944/2683/2683 2881/2620/2620
f 2883/2622/2622 2945/2684/2684 2882/2621/2621
f 2884/2623/2623 2946/2685/2685 2883/2622/2622
f 2885/2624/2624 2947/2686/2686 2884/2623/2623
f 2886/2625/2625 2948/2687/2687 2885/2624/2624
f 2887/2626/2626 2949/2688/2688 2886/2625/2625
f 2888/2627/2627 2950/2689/2689 2887/2626/2626
f 2889/2628/2628 2951/2690/2690 2888/2627/2627
f 2890/2629/2629 2952/2691/2691 2889/2628/2628
f 2891/2630/2630 2953/2692/2692 2890/2629/2629
f 2892/2631/2631 2954/2693/2693 2891/2630/2630
f 2893/2632/2632 2955/2694/2694 2892/2631/2631
f 2894/2633/2633 2956/2695/2695 2893/2632/2632
f 2895/2634/2634 2957/2696/2696 2894/2633/2633
f 2896/2636/2636 2958/2697/2697 2895/2634/2634
f 2897/2635/2635 2959/2698/2698 2896/2636/2636
f 2898/2637/2637 2960/2699/2699 2897/2635/2635
f 2899/2638/2638 2961/2700/2700 2898/2637/2637
f 2900/2639/2639 2962/2701/2701 2899/2638/2638
f 2901/2641/2641 2963/2702/2702 2900/2639/2639
f 2902/2703/2703 2964/2704/2704 2901/2641/2641
f 2903/2643/2643 2967/2705/2705 2966/2706/2706
f 2904/2642/2642 2968/2707/2707 2967/2705/2705
f 2905/2644/2644 2969/2708/2708 2968/2707/2707
f 2906/2645/2645 2970/2709/2709 2969/2708/2708
f 2907/2646/2646 2971/2710/2710 2970/2709/2709
f 2908/2647/2647 2972/2711/2711 2971/2710/2710
f 2909/2648/2648 2973/2712/2712 2972/2711/2711
f 2910/2649/2649 2974/2713/2713 2973/2712/2712
f 2911/2650/2650 2975/2714/2714 2974/2713/2713
f 2912/2651/2651 2976/2715/2715 2975/2714/2714
f 2913/2652/2652 2977/2716/2716 2976/2715/2715
f 2914/2653/2653 2978/2717/2717 2977/2716/2716
f 2915/2654/2654 2979/2718/2718 2978/2717/2717
f 2916/2655/2655 2980/2719/2719 2979/2718/2718
f 2917/2656/2656 2981/2720/2720 2980/2719/2719
f 2918/2657/2657 2982/2721/2721 2981/2720/2720
f 2919/2658/2658 2983/2722/2722 2982/2721/2721
f 2920/2659/2659 2984/2723/2723 2983/2722/2722
f 2921/2660/2660 2985/2724/2724 2984/2723/2723
f 2922/2661/2661 2986/2725/2725 2985/2724/2724
f 2923/2662/2662 2987/2726/2726 2986/2725/2725
f 2924/2663/2663 2988/2727/2727 2987/2726/2726
f 2925/2664/2664 2989/2728/2728 2988/2727/2727
f 2926/2665/2665 2990/2729/2729 2989/2728/2728
f 2927/2666/2666 2991/2730/2730 2990/2729/2729
f 2928/2667/2667 2992/2731/2731 2991/2730/2730
f 2930/2669/2669 2992/2731/2731 2929/2668/2668
f 2930/2669/2669 2994/2732/2732 2993/2733/2733
f 2931/2670/2670 2995/2734/2734 2994/2732/2732
f 2932/2671/2671 2996/2735/2735 2995/2734/2734
f 2933/2672/2672 2997/2736/2736 2996/2735/2735
f 2934/2674/2674 2998/2737/2737 2997/2736/2736
f 2936/2675/2675 2998/2737/2737 2935/2673/2673
f 2937/2676/2676 2999/2738/2738 2936/2675/2675
f 2938/2677/2677 3000/2739/2739 2937/2676/2676
f 2939/2678/2678 3001/2740/2740 2938/2677/2677
f 2940/2679/2679 3002/2741/2741 2939/2678/2678
f 2941/2680/2680 3003/2742/2742 2940/2679/2679
f 2942/2681/2681 3004/2743/2743 2941/2680/2680
f 2943/2682/2682 3005/2744/2744 2942/2681/2681
f 2944/2683/2683 3006/2745/2745 2943/2682/2682
f 2945/2684/2684 3007/2746/2746 2944/2683/2683
f 2946/2685/2685 3008/2747/2747 2945/2684/2684
f 2947/2686/2686 3009/2748/2748 2946/2685/2685
f 2948/2687/2687 3010/2749/2749 2947/2686/2686
f 2949/2688/2688 3011/2750/2750 2948/2687/2687
f 2950/2689/2689 3012/2751/2751 2949/2688/2688
f 2951/2690/2690 3013/2752/2752 2950/2689/2689
f 2952/2691/2691 3014/2753/2753 2951/2690/2690
f 2953/2692/2692 3015/2754/2754 2952/2691/2691
f 2954/2693/2693 3016/2755/2755 2953/2692/2692
f 2955/2694/2694 3017/2756/2756 2954/2693/2693
f 2956/2695/2695 3018/2757/2757 2955/2694/2694
f 2957/2696/2696 3019/2758/2758 2956/2695/2695
f 2958/2697/2697 3020/2759/2759 2957/2696/2696
f 2959/2698/2698 3021/2760/2760 2958/2697/2697
f 2960/2699/2699 3022/2761/2761 2959/2698/2698
f 2961/2700/2700 3023/2762/2762 2960/2699/2699
f 2962/2701/2701 3024/2763/2763 2961/2700/2700
f 2963/2702/2702 3025/2764/2764 2962/2701/2701
f 2964/2704/2704 3026/2765/2765 2963/2702/2702
f 2965/2766/2766 3027/2767/2767 2964/2704/2704
f 2966/2706/2706 3030/2768/2768 3029/2769/2769
f 2967/2705/2705 3031/2770/2770 3030/2768/2768
f 2968/2707/2707 3032/2771/2771 3031/2770/2770
f 2969/2708/2708 3033/2772/2772 3032/2771/2771
f 2970/2709/2709 3034/2773/2773 3033/2772/2772
f 2971/2710/2710 3035/2774/2774 3034/2773/2773
f 2972/2711/2711 3036/2775/2775 3035/2774/2774
f 2973/2712/2712 3037/2776/2776 3036/2775/2775
f 2974/2713/2713 3038/2777/2777 3037/2776/2776
f 2975/2714/2714 3039/2778/2778 3038/2777/2777
f 2976/2715/2715 3040/2779/2779 3039/2778/2778
f 2977/2716/2716 3041/2780/2780 3040/2779/2779
f 2978/2717/2717 3042/2781/2781 3041/2780/2780
f 2979/2718/2718 3043/2782/2782 3042/2781/2781
f 2980/2719/2719 3044/2783/2783 3043/2782/2782
f 2981/2720/2720 3045/2784/2784 3044/2783/2783
f 2982/2721/2721 3046/2785/2785 3045/2784/2784
f 2983/2722/2722 3047/2786/2786 3046/2785/2785
f 2984/2723/2723 3048/2787/2787 3047/2786/2786
f 2985/2724/2724 3049/2788/2788 3048/2787/2787
f 2986/2725/2725 3050/2789/2789 3049/2788/2788
f 2987/2726/2726 3051/2790/2790 3050/2789/2789
f 2988/2727/2727 3052/2791/2791 3051/2790/2790
f 2989/2728/2728 3053/2792/2792 3052/2791/2791
f 2990/2729/2729 3054/2793/2793 3053/2792/2792
f 2991/2730/2730 3055/2794/2794 3054/2793/2793
f 2992/2731/2731 3056/2795/2795 3055/2794/2794
f 2993/2733/2733 3057/2796/2796 3056/2795/2795
f 2994/2732/2732 3058/2797/2797 3057/2796/2796
f 2995/2734/2734 3059/2798/2798 3058/2797/2797
f 2996/2735/2735 3060/2799/2799 3059/2798/2798
f 2998/2737/2737 3060/2799/2799 2997/2736/2736
f 2999/2738/2738 3061/2800/2800 2998/2737/2737
f 3000/2739/2739 3062/2801/2801 2999/2738/2738
f 3001/2740/2740 3063/2802/2802 3000/2739/2739
f 3002/2741/2741 3064/2803/2803 3001/2740/2740
f 3003/2742/2742 3065/2804/2804 3002/2741/2741
f 3004/2743/2743 3066/2805/2805 3003/2742/2742
f 3005/2744/2744 3067/2806/2806 3004/2743/2743
f 3006/2745/2745 3068/2807/2807 3005/2744/2744
f 3007/2746/2746 3069/2808/2808 3006/2745/2745
f 3008/2747/2747 3070/2809/2809 3007/2746/2746
f 3009/2748/2748 3071/2810/2810 3008/2747/2747
f 3010/2749/2749 3072/2811/2811 3009/2748/2748
f 3011/2750/2750 3073/2812/2812 3010/2749/2749
f 3012/2751/2751 3074/2813/2813 3011/2750/2750
f 3013/2752/2752 3075/2814/2814 3012/2751/2751
f 3014/2753/2753 3076/2815/2815 3013/2752/2752
f 3015/2754/2754 3077/2816/2816 3014/2753/2753
f 3016/2755/2755 3078/2817/2817 3015/2754/2754
f 3017/2756/2756 3079/2818/2818 3016/2755/2755
f 3018/2757/2757 3080/2819/2819 3017/2756/2756
f 3019/2758/2758 3081/2820/2820 3018/2757/2757
f 3020/2759/2759 3082/2821/2821 3019/2758/2758
f 3021/2760/2760 3083/2822/2822 3020/2759/2759
f 3022/2761/2761 3084/2823/2823 3021/2760/2760
f 3023/2762/2762 3085/2824/2824 3022/2761/2761
f 3024/2763/2763 3086/2825/2825 3023/2762/2762
f 3025/2764/2764 3087/2826/2826 3024/2763/2763
f 3026/2765/2765 3088/2827/2827 3025/2764/2764
f 3027/2767/2767 3089/2828/2828 3026/2765/2765
f 3028/2829/2829 3090/2830/2830 3027/2767/2767
f 3029/2769/2769 3093/2831/2831 3092/2832/2832
f 3030/2768/2768 3094/2833/2833 3093/2831/2831
f 3031/2770/2770 3095/2834/2834 3094/2833/2833
f 3032/2771/2771 3096/2835/2835 3095/2834/2834
f 3033/2772/2772 3097/2836/2836 3096/2835/2835
f 3034/2773/2773 3098/2837/2837 3097/2836/2836
f 3035/2774/2774 3099/2838/2838 3098/2837/2837
f 3036/2775/2775 3100/2839/2839 3099/2838/2838
f 3037/2776/2776 3101/2840/2840 3100/2839/2839
f 3038/2777/2777 3102/2841/2841 3101/2840/2840
f 3039/2778/2778 3103/2842/2842 3102/2841/2841
f 3040/2779/2779 3104/2843/2843 3103/2842/2842
f 3041/2780/2780 3105/2844/2844 3104/2843/2843
f 3042/2781/2781 3106/2845/2845 3105/2844/2844
f 3043/2782/2782 3107/2846/2846 3106/2845/2845
f 3044/2783/2783 3108/2847/2847 3107/2846/2846
f 3045/2784/2784 3109/2848/2848 3108/2847/2847
f 3046/2785/2785 3110/2849/2849 3109/2848/2848
f 3047/2786/2786 3111/2850/2850 3110/2849/2849
f 3048/2787/2787 3112/2851/2851 3111/2850/2850
f 3049/2788/2788 3113/2852/2852 3112/2851/2851
f 3050/2789/2789 3114/2853/2853 3113/2852/2852
f 3051/2790/2790 3115/2854/2854 3114/2853/2853
f 3052/2791/2791 3116/2855/2855 3115/2854/2854
f 3053/2792/2792 3117/2856/2856 3116/2855/2855
f 3054/2793/2793 3118/2857/2857 3117/2856/2856
f 3055/2794/2794 3119/2858/2858 3118/2857/2857
f 3056/2795/2795 3120/2859/2859 3119/2858/2858
f 3057/2796/2796 3121/2860/2860 3120/2859/2859
f 3059/2798/2798 3121/2860/2860 3058/2797/2797
f 3059/2798/2798 3123/2861/2861 3122/2862/2862
f 3061/2800/2800 3123/2861/2861 3060/2799/2799
f 3061/2800/2800 3125/2863/2863 3124/2864/2864
f 3063/2802/2802 3125/2863/2863 3062/2801/2801
f 3064/2803/2803 3126/2865/2865 3063/2802/2802
f 3065/2804/2804 3127/2866/2866 3064/2803/2803
f 3066/2805/2805 3128/2867/2867 3065/2804/2804
f 3067/2806/2806 3129/2868/2868 3066/2805/2805
f 3068/2807/2807 3130/2869/2869 3067/2806/2806
f 3069/2808/2808 3131/2870/2870 3068/2807/2807
f 3070/2809/2809 3132/2871/2871 3069/2808/2808
f 3071/2810/2810 3133/2872/2872 3070/2809/2809
f 3072/2811/2811 3134/2873/2873 3071/2810/2810
f 3073/2812/2812 3135/2874/2874 3072/2811/2811
f 3074/2813/2813 3136/2875/2875 3073/2812/2812
f 3075/2814/2814 3137/2876/2876 3074/2813/2813
f 3076/2815/2815 3138/2877/2877 3075/2814/2814
f 3077/2816/2816 3139/2878/2878 3076/2815/2815
f 3078/2817/2817 3140/2879/2879 3077/2816/2816
f 3079/2818/2818 3141/2880/2880 3078/2817/2817
f 3080/2819/2819 3142/2881/2881 3079/2818/2818
f 3081/2820/2820 3143/2882/2882 3080/2819/2819
f 3082/2821/2821 3144/2883/2883 3081/2820/2820
f 3083/2822/2822 3145/2884/2884 3082/2821/2821
f 3084/2823/2823 3146/2885/2885 3083/2822/2822
f 3085/2824/2824 3147/2886/2886 3084/2823/2823
f 3086/2825/2825 3148/2887/2887 3085/2824/2824
f 3087/2826/2826 3149/2888/2888 3086/2825/2825
f 3088/2827/2827 3150/2889/2889 3087/2826/2826
f 3089/2828/2828 3151/2890/2890 3088/2827/2827
f 3090/2830/2830 3152/2891/2891 3089/2828/2828
f 3091/2892/2892 3153/2893/2893 3090/2830/2830
f 3092/2832/2832 3156/2894/2894 3155/2895/2895
f 3093/2831/2831 3157/2896/2896 3156/2894/2894
f 3094/2833/2833 3158/2897/2897 3157/2896/2896
f 3095/2834/2834 3159/2898/2898 3158/2897/2897
f 3096/2835/2835 3160/2899/2899 3159/2898/2898
f 3097/2836/2836 3161/2900/2900 3160/2899/2899
f 3098/2837/2837 3162/2901/2901 3161/2900/2900
f 3099/2838/2838 3163/2902/2902 3162/2901/2901
f 3100/2839/2839 3164/2903/2903 3163/2902/2902
f 3101/2840/2840 3165/2904/2904 3164/2903/2903
f 3102/2841/2841 3166/2905/2905 3165/2904/2904
f 3103/2842/2842 3167/2906/2906 3166/2905/2905
f 3104/2843/2843 3168/2907/2907 3167/2906/2906
f 3105/2844/2844 3169/2908/2908 3168/2907/2907
f 3106/2845/2845 3170/2909/2909 3169/2908/2908
f 3107/2846/2846 3171/2910/2910 3170/2909/2909
f 3108/2847/2847 3172/2911/2911 3171/2910/2910
f 3109/2848/2848 3173/2912/2912 3172/2911/2911
f 3110/2849/2849 3174/2913/2913 3173/2912/2912
f 3111/2850/2850 3175/2914/2914 3174/2913/2913
f 3112/2851/2851 3176/2915/2915 3175/2914/2914
f 3113/2852/2852 3177/2916/2916 3176/2915/2915
f 3114/2853/2853 3178/2917/2917 3177/2916/2916
f 3115/2854/2854 3179/2918/2918 3178/2917/2917
f 3116/2855/2855 3180/2919/2919 3179/2918/2918
f 3117/2856/2856 3181/2920/2920 3180/2919/2919
f 3118/2857/2857 3182/2921/2921 3181/2920/2920
f 3119/2858/2858 3183/2922/2922 3182/2921/2921
f 3120/2859/2859 3184/2923/2923 3183/2922/2922
f 3122/2862/2862 3184/2923/2923 3121/2860/2860
f 3122/2862/2862 3186/2924/2924 3185/2925/2925
f 3124/2864/2864 3186/2924/2924 3123/2861/2861
f 3124/2864/2864 3188/2926/2926 3187/2927/2927
f 3126/2865/2865 3188/2926/2926 3125/2863/2863
f 3127/2866/2866 3189/2928/2928 3126/2865/2865
f 3128/2867/2867 3190/2929/2929 3127/2866/2866
f 3129/2868/2868 3191/2930/2930 3128/2867/2867
f 3130/2869/2869 3192/2931/2931 3129/2868/2868
f 3131/2870/2870 3193/2932/2932 3130/2869/2869
f 3132/2871/2871 3194/2933/2933 3131/2870/2870
f 3133/2872/2872 3195/2934/2934 3132/2871/2871
f 3134/2873/2873 3196/2935/2935 3133/2872/2872
f 3135/2874/2874 3197/2936/2936 3134/2873/2873
f 3136/2875/2875 3198/2937/2937 3135/2874/2874
f 3137/2876/2876 3199/2938/2938 3136/2875/2875
f 3138/2877/2877 3200/2939/2939 3137/2876/2876
f 3139/2878/2878 3201/2940/2940 3138/2877/2877
f 3140/2879/2879 3202/2941/2941 3139/2878/2878
f 3141/2880/2880 3203/2942/2942 3140/2879/2879
f 3142/2881/2881 3204/2943/2943 3141/2880/2880
f 3143/2882/2882 3205/2944/2944 3142/2881/2881
f 3144/2883/2883 3206/2945/2945 3143/2882/2882
f 3145/2884/2884 3207/2946/2946 3144/2883/2883
f 3146/2885/2885 3208/2947/2947 3145/2884/2884
f 3147/2886/2886 3209/2948/2948 3146/2885/2885
f 3148/2887/2887 3210/2949/2949 3147/2886/2886
f 3149/2888/2888 3211/2950/2950 3148/2887/2887
f 3150/2889/2889 3212/2951/2951 3149/2888/2888
f 3151/2890/2890 3213/2952/2952 3150/2889/2889
f 3152/2891/2891 3214/2953/2953 3151/2890/2890
f 3153/2893/2893 3215/2954/2954 3152/2891/2891
f 3154/2955/2955 3216/2956/2956 3153/2893/2893
f 3155/2895/2895 3219/2957/2957 3218/2958/2958
f 3156/2894/2894 3220/2959/2959 3219/2957/2957
f 3157/2896/2896 3221/2960/2960 3220/2959/2959
f 3158/2897/2897 3222/2961/2961 3221/2960/2960
f 3159/2898/2898 3223/2962/2962 3222/2961/2961
f 3160/2899/2899 3224/2963/2963 3223/2962/2962
f 3161/2900/2900 3225/2964/2964 3224/2963/2963
f 3162/2901/2901 3226/2965/2965 3225/2964/2964
f 3163/2902/2902 3227/2966/2966 3226/2965/2965
f 3164/2903/2903 3228/2967/2967 3227/2966/2966
f 3165/2904/2904 3229/2968/2968 3228/2967/2967
f 3166/2905/2905 3230/2969/2969 3229/2968/2968
f 3167/2906/2906 3231/2970/2970 3230/2969/2969
f 3168/2907/2907 3232/2971/2971 3231/2970/2970
f 3169/2908/2908 3233/2972/2972 3232/2971/2971
f 3170/2909/2909 3234/2973/2973 3233/2972/2972
f 3171/2910/2910 3235/2974/2974 3234/2973/2973
f 3172/2911/2911 3236/2975/2975 3235/2974/2974
f 3173/2912/2912 3237/2976/2976 3236/2975/2975
f 3174/2913/2913 3238/2977/2977 3237/2976/2976
f 3175/2914/2914 3239/2978/2978 3238/2977/2977
f 3176/2915/2915 3240/2979/2979 3239/2978/2978
f 3177/2916/2916 3241/2980/2980 3240/2979/2979
f 3178/2917/2917 3242/2981/2981 3241/2980/2980
f 3179/2918/2918 3243/2982/2982 3242/2981/2981
f 3180/2919/2919 3244/2983/2983 3243/2982/2982
f 3181/2920/2920 3245/2984/2984 3244/2983/2983
f 3182/2921/2921 3246/2985/2985 3245/2984/2984
f 3183/2922/2922 3247/2986/2986 3246/2985/2985
f 3185/2925/2925 3247/2986/2986 3184/2923/2923
f 3186/2924/2924 3248/2987/2987 3185/2925/2925
f 3186/2924/2924 3250/2988/2988 3249/2989/2989
f 3187/2927/2927 3251/2990/2990 3250/2988/2988
f 3189/2928/2928 3251/2990/2990 3188/2926/2926
f 3190/2929/2929 3252/2991/2991 3189/2928/2928
f 3191/2930/2930 3253/2992/2992 3190/2929/2929
f 3192/2931/2931 3254/2993/2993 3191/2930/2930
f 3193/2932/2932 3255/2994/2994 3192/2931/2931
f 3194/2933/2933 3256/2995/2995 3193/2932/2932
f 3195/2934/2934 3257/2996/2996 3194/2933/2933
f 3196/2935/2935 3258/2997/2997 3195/2934/2934
f 3197/2936/2936 3259/2998/2998 3196/2935/2935
f 3198/2937/2937 3260/2999/2999 3197/2936/2936
f 3199/2938/2938 3261/3000/3000 3198/2937/2937
f 3200/2939/2939 3262/3001/3001 3199/2938/2938
f 3201/2940/2940 3263/3002/3002 3200/2939/2939
f 3202/2941/2941 3264/3003/3003 3201/2940/2940
f 3203/2942/2942 3265/3004/3004 3202/2941/2941
f 3204/2943/2943 3266/3005/3005 3203/2942/2942
f 3205/2944/2944 3267/3006/3006 3204/2943/2943
f 3206/2945/2945 3268/3007/3007 3205/2944/2944
f 3207/2946/2946 3269/3008/3008 3206/2945/2945
f 3208/2947/2947 3270/3009/3009 3207/2946/2946
f 3209/2948/2948 3271/3010/3010 3208/2947/2947
f 3210/2949/2949 3272/3011/3011 3209/2948/2948
f 3211/2950/2950 3273/3012/3012 3210/2949/2949
f 3212/2951/2951 3274/3013/3013 3211/2950/2950
f 3213/2952/2952 3275/3014/3014 3212/2951/2951
f 3214/2953/2953 3276/3015/3015 3213/2952/2952
f 3215/2954/2954 3277/3016/3016 3214/2953/2953
f 3216/2956/2956 3278/3017/3017 3215/2954/2954
f 3217/3018/3018 3279/3019/3019 3216/2956/2956
f 3218/2958/2958 3282/3020/3020 3281/3021/3021
f 3219/2957/2957 3283/3022/3022 3282/3020/3020
f 3220/2959/2959 3284/3023/3023 3283/3022/3022
f 3221/2960/2960 3285/3024/3024 3284/3023/3023
f 3222/2961/2961 3286/3025/3025 3285/3024/3024
f 3223/2962/2962 3287/3026/3026 3286/3025/3025
f 3224/2963/2963 3288/3027/3027 3287/3026/3026
f 3225/2964/2964 3289/3028/3028 3288/3027/3027
f 3226/2965/2965 3290/3029/3029 3289/3028/3028
f 3227/2966/2966 3291/3030/3030 3290/3029/3029
f 3228/2967/2967 3292/3031/3031 3291/3030/3030
f 3229/2968/2968 3293/3032/3032 3292/3031/3031
f 3230/2969/2969 3294/3033/3033 3293/3032/3032
f 3231/2970/2970 3295/3034/3034 3294/3033/3033
f 3232/2971/2971 3296/3035/3035 3295/3034/3034
f 3233/2972/2972 3297/3036/3036 3296/3035/3035
f 3234/2973/2973 3298/3037/3037 3297/3036/3036
f 3235/2974/2974 3299/3038/3038 3298/3037/3037
f 3236/2975/2975 3300/3039/3039 3299/3038/3038
f 3237/2976/2976 3301/3040/3040 3300/3039/3039
f 3238/2977/2977 3302/3041/3041 3301/3040/3040
f 3239/2978/2978 3303/3042/3042 3302/3041/3041
f 3240/2979/2979 3304/3043/3043 3303/3042/3042
f 3241/2980/2980 3305/3044/3044 3304/3043/3043
f 3242/2981/2981 3306/3045/3045 3305/3044/3044
f 3243/2982/2982 3307/3046/3046 3306/3045/3045
f 3244/2983/2983 3308/3047/3047 3307/3046/3046
f 3245/2984/2984 3309/3048/3048 3308/3047/3047
f 3246/2985/2985 3310/3049/3049 3309/3048/3048
f 3248/2987/2987 3310/3049/3049 3247/2986/2986
f 3249/2989/2989 3311/3050/3050 3248/2987/2987
f 3250/2988/2988 3312/3051/3051 3249/2989/2989
f 3250/2988/2988 3314/3052/3052 3313/3053/3053
f 3252/2991/2991 3314/3052/3052 3251/2990/2990
f 3253/2992/2992 3315/3054/3054 3252/2991/2991
f 3254/2993/2993 3316/3055/3055 3253/2992/2992
f 3255/2994/2994 3317/3056/3056 3254/2993/2993
f 3256/2995/2995 3318/3057/3057 3255/2994/2994
f 3257/2996/2996 3319/3058/3058 3256/2995/2995
f 3258/2997/2997 3320/3059/3059 3257/2996/2996
f 3259/2998/2998 3321/3060/3060 3258/2997/2997
f 3260/2999/2999 3322/3061/3061 3259/2998/2998
f 3261/3000/3000 3323/3062/3062 3260/2999/2999
f 3262/3001/3001 3324/3063/3063 3261/3000/3000
f 3263/3002/3002 3325/3064/3064 3262/3001/3001
f 3264/3003/3003 3326/3065/3065 3263/3002/3002
f 3265/3004/3004 3327/3066/3066 3264/3003/3003
f 3266/3005/3005 3328/3067/3067 3265/3004/3004
f 3267/3006/3006 3329/3068/3068 3266/3005/3005
f 3268/3007/3007 3330/3069/3069 3267/3006/3006
f 3269/3008/3008 3331/3070/3070 3268/3007/3007
f 3270/3009/3009 3332/3071/3071 3269/3008/3008
f 3271/3010/3010 3333/3072/3072 3270/3009/3009
f 3272/3011/3011 3334/3073/3073 3271/3010/3010
f 3273/3012/3012 3335/3074/3074 3272/3011/3011
f 3274/3013/3013 3336/3075/3075 3273/3012/3012
f 3275/3014/3014 3337/3076/3076 3274/3013/3013
f 3276/3015/3015 3338/3077/3077 3275/3014/3014
f 3277/3016/3016 3339/3078/3078 3276/3015/3015
f 3278/3017/3017 3340/3079/3079 3277/3016/3016
f 3279/3019/3019 3341/3080/3080 3278/3017/3017
f 3280/3081/3081 3342/3082/3082 3279/3019/3019
f 3281/3021/3021 3345/3083/3083 3344/3084/3084
f 3282/3020/3020 3346/3085/3085 3345/3083/3083
f 3283/3022/3022 3347/3086/3086 3346/3085/3085
f 3284/3023/3023 3348/3087/3087 3347/3086/3086
f 3285/3024/3024 3349/3088/3088 3348/3087/3087
f 3286/3025/3025 3350/3089/3089 3349/3088/3088
f 3287/3026/3026 3351/3090/3090 3350/3089/3089
f 3288/3027/3027 3352/3091/3091 3351/3090/3090
f 3289/3028/3028 3353/3092/3092 3352/3091/3091
f 3290/3029/3029 3354/3093/3093 3353/3092/3092
f 3291/3030/3030 3355/3094/3094 3354/3093/3093
f 3292/3031/3031 3356/3095/3095 3355/3094/3094
f 3293/3032/3032 3357/3096/3096 3356/3095/3095
f 3294/3033/3033 3358/3097/3097 3357/3096/3096
f 3295/3034/3034 3359/3098/3098 3358/3097/3097
f 3296/3035/3035 3360/3099/3099 3359/3098/3098
f 3297/3036/3036 3361/3100/3100 3360/3099/3099
f 3298/3037/3037 3362/3101/3101 3361/3100/3100
f 3299/3038/3038 3363/3102/3102 3362/3101/3101
f 3300/3039/3039 3364/3103/3103 3363/3102/3102
f 3301/3040/3040 3365/3104/3104 3364/3103/3103
f 3302/3041/3041 3366/3105/3105 3365/3104/3104
f 3303/3042/3042 3367/3106/3106 3366/3105/3105
f 3304/3043/3043 3368/3107/3107 3367/3106/3106
f 3305/3044/3044 3369/3108/3108 3368/3107/3107
f 3306/3045/3045 3370/3109/3109 3369/3108/3108
f 3307/3046/3046 3371/3110/3110 3370/3109/3109
f 3308/3047/3047 3372/3111/3111 3371/3110/3110
f 3309/3048/3048 3373/3112/3112 3372/3111/3111
f 3311/3050/3050 3373/3112/3112 3310/3049/3049
f 3312/3051/3051 3374/3113/3113 3311/3050/3050
f 3313/3053/3053 3375/3114/3114 3312/3051/3051
f 3313/3053/3053 3377/3115/3115 3376/3116/3116
f 3314/3052/3052 3378/3117/3117 3377/3115/3115
f 3316/3055/3055 3378/3117/3117 3315/3054/3054
f 3317/3056/3056 3379/3118/3118 3316/3055/3055
f 3318/3057/3057 3380/3119/3119 3317/3056/3056
f 3319/3058/3058 3381/3120/3120 3318/3057/3057
f 3320/3059/3059 3382/3121/3121 3319/3058/3058
f 3321/3060/3060 3383/3122/3122 3320/3059/3059
f 3322/3061/3061 3384/3123/3123 3321/3060/3060
f 3323/3062/3062 3385/3124/3124 3322/3061/3061
f 3324/3063/3063 3386/3125/3125 3323/3062/3062
f 3325/3064/3064 3387/3126/3126 3324/3063/3063
f 3326/3065/3065 3388/3127/3127 3325/3064/3064
f 3327/3066/3066 3389/3128/3128 3326/3065/3065
f 3328/3067/3067 3390/3129/3129 3327/3066/3066
f 3329/3068/3068 3391/3130/3130 3328/3067/3067
f 3330/3069/3069 3392/3131/3131 3329/3068/3068
f 3331/3070/3070 3393/3132/3132 3330/3069/3069
f 3332/3071/3071 3394/3133/3133 3331/3070/3070
f 3333/3072/3072 3395/3134/3134 3332/3071/3071
f 3334/3073/3073 3396/3135/3135 3333/3072/3072
f 3335/3074/3074 3397/3136/3136 3334/3073/3073
f 3336/3075/3075 3398/3137/3137 3335/3074/3074
f 3337/3076/3076 3399/3138/3138 3336/3075/3075
f 3338/3077/3077 3400/3139/3139 3337/3076/3076
f 3339/3078/3078 3401/3140/3140 3338/3077/3077
f 3340/3079/3079 3402/3141/3141 3339/3078/3078
f 3341/3080/3080 3403/3142/3142 3340/3079/3079
f 3342/3082/3082 3404/3143/3143 3341/3080/3080
f 3343/3144/3144 3405/3145/3145 3342/3082/3082
f 3344/3084/3084 3408/3146/3146 3407/3147/3147
f 3345/3083/3083 3409/3148/3148 3408/3146/3146
f 3346/3085/3085 3410/3149/3149 3409/3148/3148
f 3347/3086/3086 3411/3150/3150 3410/3149/3149
f 3348/3087/3087 3412/3151/3151 3411/3150/3150
f 3349/3088/3088 3413/3152/3152 3412/3151/3151
f 3350/3089/3089 3414/3153/3153 3413/3152/3152
f 3351/3090/3090 3415/3154/3154 3414/3153/3153
f 3352/3091/3091 3416/3155/3155 3415/3154/3154
f 3353/3092/3092 3417/3156/3156 3416/3155/3155
f 3354/3093/3093 3418/3157/3157 3417/3156/3156
f 3355/3094/3094 3419/3158/3158 3418/3157/3157
f 3356/3095/3095 3420/3159/3159 3419/3158/3158
f 3357/3096/3096 3421/3160/3160 3420/3159/3159
f 3358/3097/3097 3422/3161/3161 3421/3160/3160
f 3359/3098/3098 3423/3162/3162 3422/3161/3161
f 3360/3099/3099 3424/3163/3163 3423/3162/3162
f 3361/3100/3100 3425/3164/3164 3424/3163/3163
f 3362/3101/3101 3426/3165/3165 3425/3164/3164
f 3363/3102/3102 3427/3166/3166 3426/3165/3165
f 3364/3103/3103 3428/3167/3167 3427/3166/3166
f 3365/3104/3104 3429/3168/3168 3428/3167/3167
f 3366/3105/3105 3430/3169/3169 3429/3168/3168
f 3367/3106/3106 3431/3170/3170 3430/3169/3169
f 3368/3107/3107 3432/3171/3171 3431/3170/3170
f 3369/3108/3108 3433/3172/3172 3432/3171/3171
f 3370/3109/3109 3434/3173/3173 3433/3172/3172
f 3371/3110/3110 3435/3174/3174 3434/3173/3173
f 3373/3112/3112 3435/3174/3174 3372/3111/3111
f 3374/3113/3113 3436/3175/3175 3373/3112/3112
f 3375/3114/3114 3437/3176/3176 3374/3113/3113
f 3376/3116/3116 3438/3177/3177 3375/3114/3114
f 3376/3116/3116 3440/3178/3178 3439/3179/3179
f 3377/3115/3115 3441/3180/3180 3440/3178/3178
f 3379/3118/3118 3441/3180/3180 3378/3117/3117
f 3380/3119/3119 3442/3181/3181 3379/3118/3118
f 3381/3120/3120 3443/3182/3182 3380/3119/3119
f 3382/3121/3121 3444/3183/3183 3381/3120/3120
f 3383/3122/3122 3445/3184/3184 3382/3121/3121
f 3384/3123/3123 3446/3185/3185 3383/3122/3122
f 3385/3124/3124 3447/3186/3186 3384/3123/3123
f 3386/3125/3125 3448/3187/3187 3385/3124/3124
f 3387/3126/3126 3449/3188/3188 3386/3125/3125
f 3388/3127/3127 3450/3189/3189 3387/3126/3126
f 3389/3128/3128 3451/3190/3190 3388/3127/3127
f 3390/3129/3129 3452/3191/3191 3389/3128/3128
f 3391/3130/3130 3453/3192/3192 3390/3129/3129
f 3392/3131/3131 3454/3193/3193 3391/3130/3130
f 3393/3132/3132 3455/3194/3194 3392/3131/3131
f 3394/3133/3133 3456/3195/3195 3393/3132/3132
f 3395/3134/3134 3457/3196/3196 3394/3133/3133
f 3396/3135/3135 3458/3197/3197 3395/3134/3134
f 3397/3136/3136 3459/3198/3198 3396/3135/3135
f 3398/3137/3137 3460/3199/3199 3397/3136/3136
f 3399/3138/3138 3461/3200/3200 3398/3137/3137
f 3400/3139/3139 3462/3201/3201 3399/3138/3138
f 3401/3140/3140 3463/3202/3202 3400/3139/3139
f 3402/3141/3141 3464/3203/3203 3401/3140/3140
f 3403/3142/3142 3465/3204/3204 3402/3141/3141
f 3404/3143/3143 3466/3205/3205 3403/3142/3142
f 3405/3145/3145 3467/3206/3206 3404/3143/3143
f 3406/3207/3207 3468/3208/3208 3405/3145/3145
f 3407/3147/3147 3471/3209/3209 3470/3210/3210
f 3408/3146/3146 3472/3211/3211 3471/3209/3209
f 3409/3148/3148 3473/3212/3212 3472/3211/3211
f 3410/3149/3149 3474/3213/3213 3473/3212/3212
f 3411/3150/3150 3475/3214/3214 3474/3213/3213
f 3412/3151/3151 3476/3215/3215 3475/3214/3214
f 3413/3152/3152 3477/3216/3216 3476/3215/3215
f 3414/3153/3153 3478/3217/3217 3477/3216/3216
f 3415/3154/3154 3479/3218/3218 3478/3217/3217
f 3416/3155/3155 3480/3219/3219 3479/3218/3218
f 3417/3156/3156 3481/3220/3220 3480/3219/3219
f 3418/3157/3157 3482/3221/3221 3481/3220/3220
f 3419/3158/3158 3483/3222/3222 3482/3221/3221
f 3420/3159/3159 3484/3223/3223 3483/3222/3222
f 3421/3160/3160 3485/3224/3224 3484/3223/3223
f 3422/3161/3161 3486/3225/3225 3485/3224/3224
f 3423/3162/3162 3487/3226/3226 3486/3225/3225
f 3424/3163/3163 3488/3227/3227 3487/3226/3226
f 3425/3164/3164 3489/3228/3228 3488/3227/3227
f 3426/3165/3165 3490/3229/3229 3489/3228/3228
f 3427/3166/3166 3491/3230/3230 3490/3229/3229
f 3428/3167/3167 3492/3231/3231 3491/3230/3230
f 3429/3168/3168 3493/3232/3232 3492/3231/3231
f 3430/3169/3169 3494/3233/3233 3493/3232/3232
f 3431/3170/3170 3495/3234/3234 3494/3233/3233
f 3432/3171/3171 3496/3235/3235 3495/3234/3234
f 3433/3172/3172 3497/3236/3236 3496/3235/3235
f 3434/3173/3173 3498/3237/3237 3497/3236/3236
f 3436/3175/3175 3498/3237/3237 3435/3174/3174
f 3437/3176/3176 3499/3238/3238 3436/3175/3175
f 3438/3177/3177 3500/3239/3239 3437/3176/3176
f 3439/3179/3179 3501/3240/3240 3438/3177/3177
f 3439/3179/3179 3503/3241/3241 3502/3242/3242
f 3440/3178/3178 3504/3243/3243 3503/3241/3241
f 3442/3181/3181 3504/3243/3243 3441/3180/3180
f 3443/3182/3182 3505/3244/3244 3442/3181/3181
f 3444/3183/3183 3506/3245/3245 3443/3182/3182
f 3445/3184/3184 3507/3246/3246 3444/3183/3183
f 3445/3184/3184 3509/3247/3247 3508/3248/3248
f 3447/3186/3186 3509/3247/3247 3446/3185/3185
f 3448/3187/3187 3510/3249/3249 3447/3186/3186
f 3449/3188/3188 3511/3250/3250 3448/3187/3187
f 3450/3189/3189 3512/3251/3251 3449/3188/3188
f 3451/3190/3190 3513/3252/3252 3450/3189/3189
f 3452/3191/3191 3514/3253/3253 3451/3190/3190
f 3453/3192/3192 3515/3254/3254 3452/3191/3191
f 3454/3193/3193 3516/3255/3255 3453/3192/3192
f 3455/3194/3194 3517/3256/3256 3454/3193/3193
f 3456/3195/3195 3518/3257/3257 3455/3194/3194
f 3457/3196/3196 3519/3258/3258 3456/3195/3195
f 3458/3197/3197 3520/3259/3259 3457/3196/3196
f 3459/3198/3198 3521/3260/3260 3458/3197/3197
f 3460/3199/3199 3522/3261/3261 3459/3198/3198
f 3461/3200/3200 3523/3262/3262 3460/3199/3199
f 3462/3201/3201 3524/3263/3263 3461/3200/3200
f 3463/3202/3202 3525/3264/3264 3462/3201/3201
f 3464/3203/3203 3526/3265/3265 3463/3202/3202
f 3465/3204/3204 3527/3266/3266 3464/3203/3203
f 3466/3205/3205 3528/3267/3267 3465/3204/3204
f 3467/3206/3206 3529/3268/3268 3466/3205/3205
f 3468/3208/3208 3530/3269/3269 3467/3206/3206
f 3469/3270/3270 3531/3271/3271 3468/3208/3208
f 3470/3210/3210 3534/3272/3272 3533/3273/3273
f 3471/3209/3209 3535/3274/3274 3534/3272/3272
f 3472/3211/3211 3536/3275/3275 3535/3274/3274
f 3473/3212/3212 3537/3276/3276 3536/3275/3275
f 3474/3213/3213 3538/3277/3277 3537/3276/3276
f 3475/3214/3214 3539/3278/3278 3538/3277/3277
f 3476/3215/3215 3540/3279/3279 3539/3278/3278
f 3477/3216/3216 3541/3280/3280 3540/3279/3279
f 3478/3217/3217 3542/3281/3281 3541/3280/3280
f 3479/3218/3218 3543/3282/3282 3542/3281/3281
f 3480/3219/3219 3544/3283/3283 3543/3282/3282
f 3481/3220/3220 3545/3284/3284 3544/3283/3283
f 3482/3221/3221 3546/3285/3285 3545/3284/3284
f 3483/3222/3222 3547/3286/3286 3546/3285/3285
f 3484/3223/3223 3548/3287/3287 3547/3286/3286
f 3485/3224/3224 3549/3288/3288 3548/3287/3287
f 3486/3225/3225 3550/3289/3289 3549/3288/3288
f 3487/3226/3226 3551/3290/3290 3550/3289/3289
f 3488/3227/3227 3552/3291/3291 3551/3290/3290
f 3489/3228/3228 3553/3292/3292 3552/3291/3291
f 3490/3229/3229 3554/3293/3293 3553/3292/3292
f 3491/3230/3230 3555/3294/3294 3554/3293/3293
f 3492/3231/3231 3556/3295/3295 3555/3294/3294
f 3493/3232/3232 3557/3296/3296 3556/3295/3295
f 3494/3233/3233 3558/3297/3297 3557/3296/3296
f 3495/3234/3234 3559/3298/3298 3558/3297/3297
f 3496/3235/3235 3560/3299/3299 3559/3298/3298
f 3497/3236/3236 3561/3300/3300 3560/3299/3299
f 3499/3238/3238 3561/3300/3300 3498/3237/3237
f 3500/3239/3239 3562/3301/3301 3499/3238/3238
f 3501/3240/3240 3563/3302/3302 3500/3239/3239
f 3502/3242/3242 3564/3303/3303 3501/3240/3240
f 3502/3242/3242 3566/3304/3304 3565/3305/3305
f 3503/3241/3241 3567/3306/3306 3566/3304/3304
f 3504/3243/3243 3568/3307/3307 3567/3306/3306
f 3506/3245/3245 3568/3307/3307 3505/3244/3244
f 3507/3246/3246 3569/3308/3308 3506/3245/3245
f 3508/3248/3248 3570/3309/3309 3507/3246/3246
f 3509/3247/3247 3571/3310/3310 3508/3248/3248
f 3510/3249/3249 3572/3311/3311 3509/3247/3247
f 3511/3250/3250 3573/3312/3312 3510/3249/3249
f 3512/3251/3251 3574/3313/3313 3511/3250/3250
f 3513/3252/3252 3575/3314/3314 3512/3251/3251
f 3514/3253/3253 3576/3315/3315 3513/3252/3252
f 3515/3254/3254 3577/3316/3316 3514/3253/3253
f 3516/3255/3255 3578/3317/3317 3515/3254/3254
f 3517/3256/3256 3579/3318/3318 3516/3255/3255
f 3518/3257/3257 3580/3319/3319 3517/3256/3256
f 3519/3258/3258 3581/3320/3320 3518/3257/3257
f 3520/3259/3259 3582/3321/3321 3519/3258/3258
f 3521/3260/3260 3583/3322/3322 3520/3259/3259
f 3522/3261/3261 3584/3323/3323 3521/3260/3260
f 3523/3262/3262 3585/3324/3324 3522/3261/3261
f 3524/3263/3263 3586/3325/3325 3523/3262/3262
f 3525/3264/3264 3587/3326/3326 3524/3263/3263
f 3526/3265/3265 3588/3327/3327 3525/3264/3264
f 3527/3266/3266 3589/3328/3328 3526/3265/3265
f 3528/3267/3267 3590/3329/3329 3527/3266/3266
f 3529/3268/3268 3591/3330/3330 3528/3267/3267
f 3530/3269/3269 3592/3331/3331 3529/3268/3268
f 3531/3271/3271 3593/3332/3332 3530/3269/3269
f 3532/3333/3333 3594/3334/3334 3531/3271/3271
f 3533/3273/3273 3597/3335/3335 3596/3336/3336
f 3534/3272/3272 3598/3337/3337 3597/3335/3335
f 3535/3274/3274 3599/3338/3338 3598/3337/3337
f 3536/3275/3275 3600/3339/3339 3599/3338/3338
f 3537/3276/3276 3601/3340/3340 3600/3339/3339
f 3538/3277/3277 3602/3341/3341 3601/3340/3340
f 3539/3278/3278 3603/3342/3342 3602/3341/3341
f 3540/3279/3279 3604/3343/3343 3603/3342/3342
f 3541/3280/3280 3605/3344/3344 3604/3343/3343
f 3542/3281/3281 3606/3345/3345 3605/3344/3344
f 3543/3282/3282 3607/3346/3346 3606/3345/3345
f 3544/3283/3283 3608/3347/3347 3607/3346/3346
f 3545/3284/3284 3609/3348/3348 3608/3347/3347
f 3546/3285/3285 3610/3349/3349 3609/3348/3348
f 3547/3286/3286 3611/3350/3350 3610/3349/3349
f 3548/3287/3287 3612/3351/3351 3611/3350/3350
f 3549/3288/3288 3613/3352/3352 3612/3351/3351
f 3550/3289/3289 3614/3353/3353 3613/3352/3352
f 3551/3290/3290 3615/3354/3354 3614/3353/3353
f 3552/3291/3291 3616/3355/3355 3615/3354/3354
f 3553/3292/3292 3617/3356/3356 3616/3355/3355
f 3554/3293/3293 3618/3357/3357 3617/3356/3356
f 3555/3294/3294 3619/3358/3358 3618/3357/3357
f 3556/3295/3295 3620/3359/3359 3619/3358/3358
f 3557/3296/3296 3621/3360/3360 3620/3359/3359
f 3558/3297/3297 3622/3361/3361 3621/3360/3360
f 3559/3298/3298 3623/3362/3362 3622/3361/3361
f 3560/3299/3299 3624/3363/3363 3623/3362/3362
f 3562/3301/3301 3624/3363/3363 3561/3300/3300
f 3563/3302/3302 3625/3364/3364 3562/3301/3301
f 3564/3303/3303 3626/3365/3365 3563/3302/3302
f 3565/3305/3305 3627/3366/3366 3564/3303/3303
f 3565/3305/3305 3629/3367/3367 3628/3368/3368
f 3566/3304/3304 3630/3369/3369 3629/3367/3367
f 3567/3306/3306 3631/3370/3370 3630/3369/3369
f 3569/3308/3308 3631/3370/3370 3568/3307/3307
f 3570/3309/3309 3632/3371/3371 3569/3308/3308
f 3571/3310/3310 3633/3372/3372 3570/3309/3309
f 3572/3311/3311 3634/3373/3373 3571/3310/3310
f 3573/3312/3312 3635/3374/3374 3572/3311/3311
f 3574/3313/3313 3636/3375/3375 3573/3312/3312
f 3575/3314/3314 3637/3376/3376 3574/3313/3313
f 3576/3315/3315 3638/3377/3377 3575/3314/3314
f 3577/3316/3316 3639/3378/3378 3576/3315/3315
f 3578/3317/3317 3640/3379/3379 3577/3316/3316
f 3579/3318/3318 3641/3380/3380 3578/3317/3317
f 3580/3319/3319 3642/3381/3381 3579/3318/3318
f 3581/3320/3320 3643/3382/3382 3580/3319/3319
f 3582/3321/3321 3644/3383/3383 3581/3320/3320
f 3583/3322/3322 3645/3384/3384 3582/3321/3321
f 3584/3323/3323 3646/3385/3385 3583/3322/3322
f 3585/3324/3324 3647/3386/3386 3584/3323/3323
f 3586/3325/3325 3648/3387/3387 3585/3324/3324
f 3587/3326/3326 3649/3388/3388 3586/3325/3325
f 3588/3327/3327 3650/3389/3389 3587/3326/3326
f 3589/3328/3328 3651/3390/3390 3588/3327/3327
f 3590/3329/3329 3652/3391/3391 3589/3328/3328
f 3591/3330/3330 3653/3392/3392 3590/3329/3329
f 3592/3331/3331 3654/3393/3393 3591/3330/3330
f 3593/3332/3332 3655/3394/3394 3592/3331/3331
f 3594/3334/3334 3656/3395/3395 3593/3332/3332
f 3595/3396/3396 3657/3397/3397 3594/3334/3334
f 3596/3336/3336 3660/3398/3398 3659/3399/3399
f 3597/3335/3335 3661/3400/3400 3660/3398/3398
f 3598/3337/3337 3662/3401/3401 3661/3400/3400
f 3599/3338/3338 3663/3402/3402 3662/3401/3401
f 3600/3339/3339 3664/3403/3403 3663/3402/3402
f 3601/3340/3340 3665/3404/3404 3664/3403/3403
f 3602/3341/3341 3666/3405/3405 3665/3404/3404
f 3603/3342/3342 3667/3406/3406 3666/3405/3405
f 3604/3343/3343 3668/3407/3407 3667/3406/3406
f 3605/3344/3344 3669/3408/3408 3668/3407/3407
f 3606/3345/3345 3670/3409/3409 3669/3408/3408
f 3607/3346/3346 3671/3410/3410 3670/3409/3409
f 3608/3347/3347 3672/3411/3411 3671/3410/3410
f 3609/3348/3348 3673/3412/3412 3672/3411/3411
f 3610/3349/3349 3674/3413/3413 3673/3412/3412
f 3611/3350/3350 3675/3414/3414 3674/3413/3413
f 3612/3351/3351 3676/3415/3415 3675/3414/3414
f 3613/3352/3352 3677/3416/3416 3676/3415/3415
f 3614/3353/3353 3678/3417/3417 3677/3416/3416
f 3615/3354/3354 3679/3418/3418 3678/3417/3417
f 3616/3355/3355 3680/3419/3419 3679/3418/3418
f 3617/3356/3356 3681/3420/3420 3680/3419/3419
f 3618/3357/3357 3682/3421/3421 3681/3420/3420
f 3619/3358/3358 3683/3422/3422 3682/3421/3421
f 3620/3359/3359 3684/3423/3423 3683/3422/3422
f 3621/3360/3360 3685/3424/3424 3684/3423/3423
f 3622/3361/3361 3686/3425/3425 3685/3424/3424
f 3623/3362/3362 3687/3426/3426 3686/3425/3425
f 3625/3364/3364 3687/3426/3426 3624/3363/3363
f 3626/3365/3365 3688/3427/3427 3625/3364/3364
f 3627/3366/3366 3689/3428/3428 3626/3365/3365
f 3628/3368/3368 3690/3429/3429 3627/3366/3366
f 3628/3368/3368 3692/3430/3430 3691/3431/3431
f 3629/3367/3367 3693/3432/3432 3692/3430/3430
f 3630/3369/3369 3694/3433/3433 3693/3432/3432
f 3632/3371/3371 3694/3433/3433 3631/3370/3370
f 3633/3372/3372 3695/3434/3434 3632/3371/3371
f 3634/3373/3373 3696/3435/3435 3633/3372/3372
f 3635/3374/3374 3697/3436/3436 3634/3373/3373
f 3635/3374/3374 3699/3437/3437 3698/3438/3438
f 3637/3376/3376 3699/3437/3437 3636/3375/3375
f 3638/3377/3377 3700/3439/3439 3637/3376/3376
f 3639/3378/3378 3701/3440/3440 3638/3377/3377
f 3640/3379/3379 3702/3441/3441 3639/3378/3378
f 3641/3380/3380 3703/3442/3442 3640/3379/3379
f 3642/3381/3381 3704/3443/3443 3641/3380/3380
f 3643/3382/3382 3705/3444/3444 3642/3381/3381
f 3644/3383/3383 3706/3445/3445 3643/3382/3382
f 3645/3384/3384 3707/3446/3446 3644/3383/3383
f 3646/3385/3385 3708/3447/3447 3645/3384/3384
f 3647/3386/3386 3709/3448/3448 3646/3385/3385
f 3648/3387/3387 3710/3449/3449 3647/3386/3386
f 3649/3388/3388 3711/3450/3450 3648/3387/3387
f 3650/3389/3389 3712/3451/3451 3649/3388/3388
f 3651/3390/3390 3713/3452/3452 3650/3389/3389
f 3652/3391/3391 3714/3453/3453 3651/3390/3390
f 3653/3392/3392 3715/3454/3454 3652/3391/3391
f 3654/3393/3393 3716/3455/3455 3653/3392/3392
f 3655/3394/3394 3717/3456/3456 3654/3393/3393
f 3656/3395/3395 3718/3457/3457 3655/3394/3394
f 3657/3397/3397 3719/3458/3458 3656/3395/3395
f 3658/3459/3459 3720/3460/3460 3657/3397/3397
f 3659/3399/3399 3723/3461/3461 3722/3462/3462
f 3660/3398/3398 3724/3463/3463 3723/3461/3461
f 3661/3400/3400 3725/3464/3464 3724/3463/3463
f 3662/3401/3401 3726/3465/3465 3725/3464/3464
f 3663/3402/3402 3727/3466/3466 3726/3465/3465
f 3664/3403/3403 3728/3467/3467 3727/3466/3466
f 3665/3404/3404 3729/3468/3468 3728/3467/3467
f 3666/3405/3405 3730/3469/3469 3729/3468/3468
f 3667/3406/3406 3731/3470/3470 3730/3469/3469
f 3668/3407/3407 3732/3471/3471 3731/3470/3470
f 3669/3408/3408 3733/3472/3472 3732/3471/3471
f 3670/3409/3409 3734/3473/3473 3733/3472/3472
f 3671/3410/3410 3735/3474/3474 3734/3473/3473
f 3672/3411/3411 3736/3475/3475 3735/3474/3474
f 3673/3412/3412 3737/3476/3476 3736/3475/3475
f 3674/3413/3413 3738/3477/3477 3737/3476/3476
f 3675/3414/3414 3739/3478/3478 3738/3477/3477
f 3676/3415/3415 3740/3479/3479 3739/3478/3478
f 3677/3416/3416 3741/3480/3480 3740/3479/3479
f 3678/3417/3417 3742/3481/3481 3741/3480/3480
f 3679/3418/3418 3743/3482/3482 3742/3481/3481
f 3680/3419/3419 3744/3483/3483 3743/3482/3482
f 3681/3420/3420 3745/3484/3484 3744/3483/3483
f 3682/3421/3421 3746/3485/3485 3745/3484/3484
f 3683/3422/3422 3747/3486/3486 3746/3485/3485
f 3684/3423/3423 3748/3487/3487 3747/3486/3486
f 3685/3424/3424 3749/3488/3488 3748/3487/3487
f 3687/3426/3426 3749/3488/3488 3686/3425/3425
f 3688/3427/3427 3750/3489/3489 3687/3426/3426
f 3689/3428/3428 3751/3490/3490 3688/3427/3427
f 3690/3429/3429 3752/3491/3491 3689/3428/3428
f 3691/3431/3431 3753/3492/3492 3690/3429/3429
f 3692/3430/3430 3754/3493/3493 3691/3431/3431
f 3692/3430/3430 3756/3494/3494 3755/3495/3495
f 3693/3432/3432 3757/3496/3496 3756/3494/3494
f 3695/3434/3434 3757/3496/3496 3694/3433/3433
f 3696/3435/3435 3758/3497/3497 3695/3434/3434
f 3697/3436/3436 3759/3498/3498 3696/3435/3435
f 3698/3438/3438 3760/3499/3499 3697/3436/3436
f 3699/3437/3437 3761/3500/3500 3698/3438/3438
f 3700/3439/3439 3762/3501/3501 3699/3437/3437
f 3701/3440/3440 3763/3502/3502 3700/3439/3439
f 3702/3441/3441 3764/3503/3503 3701/3440/3440
f 3703/3442/3442 3765/3504/3504 3702/3441/3441
f 3704/3443/3443 3766/3505/3505 3703/3442/3442
f 3705/3444/3444 3767/3506/3506 3704/3443/3443
f 3706/3445/3445 3768/3507/3507 3705/3444/3444
f 3707/3446/3446 3769/3508/3508 3706/3445/3445
f 3708/3447/3447 3770/3509/3509 3707/3446/3446
f 3709/3448/3448 3771/3510/3510 3708/3447/3447
f 3710/3449/3449 3772/3511/3511 3709/3448/3448
f 3711/3450/3450 3773/3512/3512 3710/3449/3449
f 3712/3451/3451 3774/3513/3513 3711/3450/3450
f 3713/3452/3452 3775/3514/3514 3712/3451/3451
f 3714/3453/3453 3776/3515/3515 3713/3452/3452
f 3715/3454/3454 3777/3516/3516 3714/3453/3453
f 3716/3455/3455 3778/3517/3517 3715/3454/3454
f 3717/3456/3456 3779/3518/3518 3716/3455/3455
f 3718/3457/3457 3780/3519/3519 3717/3456/3456
f 3719/3458/3458 3781/3520/3520 3718/3457/3457
f 3720/3460/3460 3782/3521/3521 3719/3458/3458
f 3721/3522/3522 3783/3523/3523 3720/3460/3460
f 3722/3462/3462 3786/3524/3524 3785/3525/3525
f 3723/3461/3461 3787/3526/3526 3786/3524/3524
f 3724/3463/3463 3788/3527/3527 3787/3526/3526
f 3725/3464/3464 3789/3528/3528 3788/3527/3527
f 3726/3465/3465 3790/3529/3529 3789/3528/3528
f 3727/3466/3466 3791/3530/3530 3790/3529/3529
f 3728/3467/3467 3792/3531/3531 3791/3530/3530
f 3729/3468/3468 3793/3532/3532 3792/3531/3531
f 3730/3469/3469 3794/3533/3533 3793/3532/3532
f 3731/3470/3470 3795/3534/3534 3794/3533/3533
f 3732/3471/3471 3796/3535/3535 3795/3534/3534
f 3733/3472/3472 3797/3536/3536 3796/3535/3535
f 3734/3473/3473 3798/3537/3537 3797/3536/3536
f 3735/3474/3474 3799/3538/3538 3798/3537/3537
f 3736/3475/3475 3800/3539/3539 3799/3538/3538
f 3737/3476/3476 3801/3540/3540 3800/3539/3539
f 3738/3477/3477 3802/3541/3541 3801/3540/3540
f 3739/3478/3478 3803/3542/3542 3802/3541/3541
f 3740/3479/3479 3804/3543/3543 3803/3542/3542
f 3741/3480/3480 3805/3544/3544 3804/3543/3543
f 3742/3481/3481 3806/3545/3545 3805/3544/3544
f 3743/3482/3482 3807/3546/3546 3806/3545/3545
f 3744/3483/3483 3808/3547/3547 3807/3546/3546
f 3745/3484/3484 3809/3548/3548 3808/3547/3547
f 3746/3485/3485 3810/3549/3549 3809/3548/3548
f 3747/3486/3486 3811/3550/3550 3810/3549/3549
f 3748/3487/3487 3812/3551/3551 3811/3550/3550
f 3750/3489/3489 3812/3551/3551 3749/3488/3488
f 3751/3490/3490 3813/3552/3552 3750/3489/3489
f 3752/3491/3491 3814/3553/3553 3751/3490/3490
f 3753/3492/3492 3815/3554/3554 3752/3491/3491
f 3754/3493/3493 3816/3555/3555 3753/3492/3492
f 3755/3495/3495 3817/3556/3556 3754/3493/3493
f 3755/3495/3495 3819/3557/3557 3818/3558/3558
f 3756/3494/3494 3820/3559/3559 3819/3557/3557
f 3758/3497/3497 3820/3559/3559 3757/3496/3496
f 3759/3498/3498 3821/3560/3560 3758/3497/3497
f 3760/3499/3499 3822/3561/3561 3759/3498/3498
f 3761/3500/3500 3823/3562/3562 3760/3499/3499
f 3762/3501/3501 3824/3563/3563 3761/3500/3500
f 3763/3502/3502 3825/3564/3564 3762/3501/3501
f 3764/3503/3503 3826/3565/3565 3763/3502/3502
f 3765/3504/3504 3827/3566/3566 3764/3503/3503
f 3766/3505/3505 3828/3567/3567 3765/3504/3504
f 3767/3506/3506 3829/3568/3568 3766/3505/3505
f 3768/3507/3507 3830/3569/3569 3767/3506/3506
f 3769/3508/3508 3831/3570/3570 3768/3507/3507
f 3770/3509/3509 3832/3571/3571 3769/3508/3508
f 3771/3510/3510 3833/3572/3572 3770/3509/3509
f 3772/3511/3511 3834/3573/3573 3771/3510/3510
f 3773/3512/3512 3835/3574/3574 3772/3511/3511
f 3774/3513/3513 3836/3575/3575 3773/3512/3512
f 3775/3514/3514 3837/3576/3576 3774/3513/3513
f 3776/3515/3515 3838/3577/3577 3775/3514/3514
f 3777/3516/3516 3839/3578/3578 3776/3515/3515
f 3778/3517/3517 3840/3579/3579 3777/3516/3516
f 3779/3518/3518 3841/3580/3580 3778/3517/3517
f 3780/3519/3519 3842/3581/3581 3779/3518/3518
f 3781/3520/3520 3843/3582/3582 3780/3519/3519
f 3782/3521/3521 3844/3583/3583 3781/3520/3520
f 3783/3523/3523 3845/3584/3584 3782/3521/3521
f 3784/3585/3585 3846/3586/3586 3783/3523/3523
f 3785/3525/3525 3849/3587/3587 3848/3588/3588
f 3786/3524/3524 3850/3589/3589 3849/3587/3587
f 3787/3526/3526 3851/3590/3590 3850/3589/3589
f 3788/3527/3527 3852/3591/3591 3851/3590/3590
f 3789/3528/3528 3853/3592/3592 3852/3591/3591
f 3790/3529/3529 3854/3593/3593 3853/3592/3592
f 3791/3530/3530 3855/3594/3594 3854/3593/3593
f 3792/3531/3531 3856/3595/3595 3855/3594/3594
f 3793/3532/3532 3857/3596/3596 3856/3595/3595
f 3794/3533/3533 3858/3597/3597 3857/3596/3596
f 3795/3534/3534 3859/3598/3598 3858/3597/3597
f 3796/3535/3535 3860/3599/3599 3859/3598/3598
f 3797/3536/3536 3861/3600/3600 3860/3599/3599
f 3798/3537/3537 3862/3601/3601 3861/3600/3600
f 3799/3538/3538 3863/3602/3602 3862/3601/3601
f 3800/3539/3539 3864/3603/3603 3863/3602/3602
f 3801/3540/3540 3865/3604/3604 3864/3603/3603
f 3802/3541/3541 3866/3605/3605 3865/3604/3604
f 3803/3542/3542 3867/3606/3606 3866/3605/3605
f 3804/3543/3543 3868/3607/3607 3867/3606/3606
f 3805/3544/3544 3869/3608/3608 3868/3607/3607
f 3806/3545/3545 3870/3609/3609 3869/3608/3608
f 3807/3546/3546 3871/3610/3610 3870/3609/3609
f 3808/3547/3547 3872/3611/3611 3871/3610/3610
f 3809/3548/3548 3873/3612/3612 3872/3611/3611
f 3810/3549/3549 3874/3613/3613 3873/3612/3612
f 3811/3550/3550 3875/3614/3614 3874/3613/3613
f 3813/3552/3552 3875/3614/3614 3812/3551/3551
f 3814/3553/3553 3876/3615/3615 3813/3552/3552
f 3815/3554/3554 3877/3616/3616 3814/3553/3553
f 3816/3555/3555 3878/3617/3617 3815/3554/3554
f 3817/3556/3556 3879/3618/3618 3816/3555/3555
f 3818/3558/3558 3880/3619/3619 3817/3556/3556
f 3818/3558/3558 3882/3620/3620 3881/3621/3621
f 3819/3557/3557 3883/3622/3622 3882/3620/3620
f 3820/3559/3559 3884/3623/3623 3883/3622/3622
f 3822/3561/3561 3884/3623/3623 3821/3560/3560
f 3823/3562/3562 3885/3624/3624 3822/3561/3561
f 3824/3563/3563 3886/3625/3625 3823/3562/3562
f 3825/3564/3564 3887/3626/3626 3824/3563/3563
f 3825/3564/3564 3889/3627/3627 3888/3628/3628
f 3827/3566/3566 3889/3627/3627 3826/3565/3565
f 3828/3567/3567 3890/3629/3629 3827/3566/3566
f 3829/3568/3568 3891/3630/3630 3828/3567/3567
f 3830/3569/3569 3892/3631/3631 3829/3568/3568
f 3831/3570/3570 3893/3632/3632 3830/3569/3569
f 3832/3571/3571 3894/3633/3633 3831/3570/3570
f 3833/3572/3572 3895/3634/3634 3832/3571/3571
f 3834/3573/3573 3896/3635/3635 3833/3572/3572
f 3835/3574/3574 3897/3636/3636 3834/3573/3573
f 3836/3575/3575 3898/3637/3637 3835/3574/3574
f 3837/3576/3576 3899/3638/3638 3836/3575/3575
f 3838/3577/3577 3900/3639/3639 3837/3576/3576
f 3839/3578/3578 3901/3640/3640 3838/3577/3577
f 3840/3579/3579 3902/3641/3641 3839/3578/3578
f 3841/3580/3580 3903/3642/3642 3840/3579/3579
f 3842/3581/3581 3904/3643/3643 3841/3580/3580
f 3843/3582/3582 3905/3644/3644 3842/3581/3581
f 3844/3583/3583 3906/3645/3645 3843/3582/3582
f 3845/3584/3584 3907/3646/3646 3844/3583/3583
f 3846/3586/3586 3908/3647/3647 3845/3584/3584
f 3847/3648/3648 3909/3649/3649 3846/3586/3586
f 3848/3588/3588 3912/3650/3650 3911/3651/3651
f 3849/3587/3587 3913/3652/3652 3912/3650/3650
f 3850/3589/3589 3914/3653/3653 3913/3652/3652
f 3851/3590/3590 3915/3654/3654 3914/3653/3653
f 3852/3591/3591 3916/3655/3655 3915/3654/3654
f 3853/3592/3592 3917/3656/3656 3916/3655/3655
f 3854/3593/3593 3918/3657/3657 3917/3656/3656
f 3855/3594/3594 3919/3658/3658 3918/3657/3657
f 3856/3595/3595 3920/3659/3659 3919/3658/3658
f 3857/3596/3596 3921/3660/3660 3920/3659/3659
f 3858/3597/3597 3922/3661/3661 3921/3660/3660
f 3859/3598/3598 3923/3662/3662 3922/3661/3661
f 3860/3599/3599 3924/3663/3663 3923/3662/3662
f 3861/3600/3600 3925/3664/3664 3924/3663/3663
f 3862/3601/3601 3926/3665/3665 3925/3664/3664
f 3863/3602/3602 3927/3666/3666 3926/3665/3665
f 3864/3603/3603 3928/3667/3667 3927/3666/3666
f 3865/3604/3604 3929/3668/3668 3928/3667/3667
f 3866/3605/3605 3930/3669/3669 3929/3668/3668
f 3867/3606/3606 3931/3670/3670 3930/3669/3669
f 3868/3607/3607 3932/3671/3671 3931/3670/3670
f 3869/3608/3608 3933/3672/3672 3932/3671/3671
f 3870/3609/3609 3934/3673/3673 3933/3672/3672
f 3871/3610/3610 3935/3674/3674 3934/3673/3673
f 3872/3611/3611 3936/3675/3675 3935/3674/3674
f 3873/3612/3612 3937/3676/3676 3936/3675/3675
f 3874/3613/3613 3938/3677/3677 3937/3676/3676
f 3876/3615/3615 3938/3677/3677 3875/3614/3614
f 3877/3616/3616 3939/3678/3678 3876/3615/3615
f 3878/3617/3617 3940/3679/3679 3877/3616/3616
f 3878/3617/3617 3942/3680/3680 3941/3681/3681
f 3880/3619/3619 3942/3680/3680 3879/3618/3618
f 3881/3621/3621 3943/3682/3682 3880/3619/3619
f 3882/3620/3620 3944/3683/3683 3881/3621/3621
f 3882/3620/3620 3946/3684/3684 3945/3685/3685
f 3883/3622/3622 3947/3686/3686 3946/3684/3684
f 3885/3624/3624 3947/3686/3686 3884/3623/3623
f 3886/3625/3625 3948/3687/3687 3885/3624/3624
f 3887/3626/3626 3949/3688/3688 3886/3625/3625
f 3888/3628/3628 3950/3689/3689 3887/3626/3626
f 3889/3627/3627 3951/3690/3690 3888/3628/3628
f 3890/3629/3629 3952/3691/3691 3889/3627/3627
f 3891/3630/3630 3953/3692/3692 3890/3629/3629
f 3892/3631/3631 3954/3693/3693 3891/3630/3630
f 3893/3632/3632 3955/3694/3694 3892/3631/3631
f 3894/3633/3633 3956/3695/3695 3893/3632/3632
f 3895/3634/3634 3957/3696/3696 3894/3633/3633
f 3896/3635/3635 3958/3697/3697 3895/3634/3634
f 3897/3636/3636 3959/3698/3698 3896/3635/3635
f 3898/3637/3637 3960/3699/3699 3897/3636/3636
f 3899/3638/3638 3961/3700/3700 3898/3637/3637
f 3900/3639/3639 3962/3701/3701 3899/3638/3638
f 3901/3640/3640 3963/3702/3702 3900/3639/3639
f 3902/3641/3641 3964/3703/3703 3901/3640/3640
f 3903/3642/3642 3965/3704/3704 3902/3641/3641
f 3904/3643/3643 3966/3705/3705 3903/3642/3642
f 3905/3644/3644 3967/3706/3706 3904/3643/3643
f 3906/3645/3645 3968/3707/3707 3905/3644/3644
f 3907/3646/3646 3969/3708/3708 3906/3645/3645
f 3908/3647/3647 3970/3709/3709 3907/3646/3646
f 3909/3649/3649 3971/3710/3710 3908/3647/3647
f 3910/3711/3711 3972/3712/3712 3909/3649/3649
f 3911/3651/3651 3975/3713/3713 3974/3714/3714
f 3912/3650/3650 3976/3715/3715 3975/3713/3713
f 3913/3652/3652 3977/3716/3716 3976/3715/3715
f 3914/3653/3653 3978/3717/3717 3977/3716/3716
f 3915/3654/3654 3979/3718/3718 3978/3717/3717
f 3916/3655/3655 3980/3719/3719 3979/3718/3718
f 3917/3656/3656 3981/3720/3720 3980/3719/3719
f 3918/3657/3657 3982/3721/3721 3981/3720/3720
f 3919/3658/3658 3983/3722/3722 3982/3721/3721
f 3920/3659/3659 3984/3723/3723 3983/3722/3722
f 3921/3660/3660 3985/3724/3724 3984/3723/3723
f 3922/3661/3661 3986/3725/3725 3985/3724/3724
f 3923/3662/3662 3987/3726/3726 3986/3725/3725
f 3924/3663/3663 3988/3727/3727 3987/3726/3726
f 3925/3664/3664 3989/3728/3728 3988/3727/3727
f 3926/3665/3665 3990/3729/3729 3989/3728/3728
f 3927/3666/3666 3991/3730/3730 3990/3729/3729
f 3928/3667/3667 3992/3731/3731 3991/3730/3730
f 3929/3668/3668 3993/3732/3732 3992/3731/3731
f 3930/3669/3669 3994/3733/3733 3993/3732/3732
f 3931/3670/3670 3995/3734/3734 3994/3733/3733
f 3932/3671/3671 3996/3735/3735 3995/3734/3734
f 3933/3672/3672 3997/3736/3736 3996/3735/3735
f 3934/3673/3673 3998/3737/3737 3997/3736/3736
f 3935/3674/3674 3999/3738/3738 3998/3737/3737
f 3936/3675/3675 4000/3739/3739 3999/3738/3738
f 3938/3677/3677 4000/3739/3739 3937/3676/3676
f 3939/3678/3678 4001/3740/3740 3938/3677/3677
f 3940/3679/3679 4002/3741/3741 3939/3678/3678
f 3941/3681/3681 4003/3742/3742 3940/3679/3679
f 3941/3681/3681 4005/3743/3743 4004/3744/3744
f 3943/3682/3682 4005/3743/3743 3942/3680/3680
f 3944/3683/3683 4006/3745/3745 3943/3682/3682
f 3945/3685/3685 4007/3746/3746 3944/3683/3683
f 3945/3685/3685 4009/3747/3747 4008/3748/3748
f 3946/3684/3684 4010/3749/3749 4009/3747/3747
f 3948/3687/3687 4010/3749/3749 3947/3686/3686
f 3949/3688/3688 4011/3750/3750 3948/3687/3687
f 3950/3689/3689 4012/3751/3751 3949/3688/3688
f 3951/3690/3690 4013/3752/3752 3950/3689/3689
f 3952/3691/3691 4014/3753/3753 3951/3690/3690
f 3952/3691/3691 4016/3754/3754 4015/3755/3755
f 3954/3693/3693 4016/3754/3754 3953/3692/3692
f 3955/3694/3694 4017/3756/3756 3954/3693/3693
f 3956/3695/3695 4018/3757/3757 3955/3694/3694
f 3957/3696/3696 4019/3758/3758 3956/3695/3695
f 3958/3697/3697 4020/3759/3759 3957/3696/3696
f 3959/3698/3698 4021/3760/3760 3958/3697/3697
f 3960/3699/3699 4022/3761/3761 3959/3698/3698
f 3961/3700/3700 4023/3762/3762 3960/3699/3699
f 3962/3701/3701 4024/3763/3763 3961/3700/3700
f 3963/3702/3702 4025/3764/3764 3962/3701/3701
f 3964/3703/3703 4026/3765/3765 3963/3702/3702
f 3965/3704/3704 4027/3766/3766 3964/3703/3703
f 3966/3705/3705 4028/3767/3767 3965/3704/3704
f 3967/3706/3706 4029/3768/3768 3966/3705/3705
f 3968/3707/3707 4030/3769/3769 3967/3706/3706
f 3969/3708/3708 4031/3770/3770 3968/3707/3707
f 3970/3709/3709 4032/3771/3771 3969/3708/3708
f 3971/3710/3710 4033/3772/3772 3970/3709/3709
f 3972/3712/3712 4034/3773/3773 3971/3710/3710
f 3973/3774/3774 4035/3775/3775 3972/3712/3712
f 3974/3714/3714 4038/3776/3776 4037/3777/3777
f 3975/3713/3713 4039/3778/3778 4038/3776/3776
f 3976/3715/3715 4040/3779/3779 4039/3778/3778
f 3977/3716/3716 4041/3780/3780 4040/3779/3779
f 3978/3717/3717 4042/3781/3781 4041/3780/3780
f 3979/3718/3718 4043/3782/3782 4042/3781/3781
f 3980/3719/3719 4044/3783/3783 4043/3782/3782
f 3981/3720/3720 4045/3784/3784 4044/3783/3783
f 3982/3721/3721 4046/3785/3785 4045/3784/3784
f 3983/3722/3722 4047/3786/3786 4046/3785/3785
f 3984/3723/3723 4048/3787/3787 4047/3786/3786
f 3985/3724/3724 4049/3788/3788 4048/3787/3787
f 3986/3725/3725 4050/3789/3789 4049/3788/3788
f 3987/3726/3726 4051/3790/3790 4050/3789/3789
f 3988/3727/3727 4052/3791/3791 4051/3790/3790
f 3989/3728/3728 4053/3792/3792 4052/3791/3791
f 3990/3729/3729 4054/3793/3793 4053/3792/3792
f 3991/3730/3730 4055/3794/3794 4054/3793/3793
f 3992/3731/3731 4056/3795/3795 4055/3794/3794
f 3993/3732/3732 4057/3796/3796 4056/3795/3795
f 3994/3733/3733 4058/3797/3797 4057/3796/3796
f 3995/3734/3734 4059/3798/3798 4058/3797/3797
f 3996/3735/3735 4060/3799/3799 4059/3798/3798
f 3997/3736/3736 4061/3800/3800 4060/3799/3799
f 3998/3737/3737 4062/3801/3801 4061/3800/3800
f 3999/3738/3738 4063/3802/3802 4062/3801/3801
f 4001/3740/3740 4063/3802/3802 4000/3739/3739
f 4002/3741/3741 4064/3803/3803 4001/3740/3740
f 4003/3742/3742 4065/3804/3804 4002/3741/3741
f 4004/3744/3744 4066/3805/3805 4003/3742/3742
f 4004/3744/3744 4068/3806/3806 4067/3807/3807
f 4006/3745/3745 4068/3806/3806 4005/3743/3743
f 4007/3746/3746 4069/3808/3808 4006/3745/3745
f 4008/3748/3748 4070/3809/3809 4007/3746/3746
f 4008/3748/3748 4072/3810/3810 4071/3811/3811
f 4009/3747/3747 4073/3812/3812 4072/3810/3810
f 4010/3749/3749 4074/3813/3813 4073/3812/3812
f 4012/3751/3751 4074/3813/3813 4011/3750/3750
f 4013/3752/3752 4075/3814/3814 4012/3751/3751
f 4014/3753/3753 4076/3815/3815 4013/3752/3752
f 4015/3755/3755 4077/3816/3816 4014/3753/3753
f 4015/3755/3755 4079/3817/3817 4078/3818/3818
f 4017/3756/3756 4079/3817/3817 4016/3754/3754
f 4018/3757/3757 4080/3819/3819 4017/3756/3756
f 4019/3758/3758 4081/3820/3820 4018/3757/3757
f 4020/3759/3759 4082/3821/3821 4019/3758/3758
f 4021/3760/3760 4083/3822/3822 4020/3759/3759
f 4022/3761/3761 4084/3823/3823 4021/3760/3760
f 4023/3762/3762 4085/3824/3824 4022/3761/3761
f 4024/3763/3763 4086/3825/3825 4023/3762/3762
f 4025/3764/3764 4087/3826/3826 4024/3763/3763
f 4026/3765/3765 4088/3827/3827 4025/3764/3764
f 4027/3766/3766 4089/3828/3828 4026/3765/3765
f 4028/3767/3767 4090/3829/3829 4027/3766/3766
f 4029/3768/3768 4091/3830/3830 4028/3767/3767
f 4030/3769/3769 4092/3831/3831 4029/3768/3768
f 4031/3770/3770 4093/3832/3832 4030/3769/3769
f 4032/3771/3771 4094/3833/3833 4031/3770/3770
f 4033/3772/3772 4095/3834/3834 4032/3771/3771
f 4034/3773/3773 4096/3835/3835 4033/3772/3772
f 4035/3775/3775 4097/3836/3836 4034/3773/3773
f 4036/3837/3837 4098/3838/3838 4035/3775/3775
f 4037/3777/3777 4101/3839/3839 4100/3840/3840
f 4038/3776/3776 4102/3841/3841 4101/3839/3839
f 4039/3778/3778 4103/3842/3842 4102/3841/3841
f 4040/3779/3779 4104/3843/3843 4103/3842/3842
f 4041/3780/3780 4105/3844/3844 4104/3843/3843
f 4042/3781/3781 4106/3845/3845 4105/3844/3844
f 4043/3782/3782 4107/3846/3846 4106/3845/3845
f 4044/3783/3783 4108/3847/3847 4107/3846/3846
f 4045/3784/3784 4109/3848/3848 4108/3847/3847
f 4046/3785/3785 4110/3849/3849 4109/3848/3848
f 4047/3786/3786 4111/3850/3850 4110/3849/3849
f 4048/3787/3787 4112/3851/3851 4111/3850/3850
f 4049/3788/3788 4113/3852/3852 4112/3851/3851
f 4050/3789/3789 4114/3853/3853 4113/3852/3852
f 4051/3790/3790 4115/3854/3854 4114/3853/3853
f 4052/3791/3791 4116/3855/3855 4115/3854/3854
f 4053/3792/3792 4117/3856/3856 4116/3855/3855
f 4054/3793/3793 4118/3857/3857 4117/3856/3856
f 4055/3794/3794 4119/3858/3858 4118/3857/3857
f 4056/3795/3795 4120/3859/3859 4119/3858/3858
f 4057/3796/3796 4121/3860/3860 4120/3859/3859
f 4058/3797/3797 4122/3861/3861 4121/3860/3860
f 4059/3798/3798 4123/3862/3862 4122/3861/3861
f 4060/3799/3799 4124/3863/3863 4123/3862/3862
f 4061/3800/3800 4125/3864/3864 4124/3863/3863
f 4062/3801/3801 4126/3865/3865 4125/3864/3864
f 4064/3803/3803 4126/3865/3865 4063/3802/3802
f 4065/3804/3804 4127/3866/3866 4064/3803/3803
f 4066/3805/3805 4128/3867/3867 4065/3804/3804
f 4067/3807/3807 4129/3868/3868 4066/3805/3805
f 4068/3806/3806 4130/3869/3869 4067/3807/3807
f 4069/3808/3808 4131/3870/3870 4068/3806/3806
f 4070/3809/3809 4132/3871/3871 4069/3808/3808
f 4071/3811/3811 4133/3872/3872 4070/3809/3809
f 4072/3810/3810 4134/3873/3873 4071/3811/3811
f 4072/3810/3810 4136/3874/3874 4135/3875/3875
f 4073/3812/3812 4137/3876/3876 4136/3874/3874
f 4075/3814/3814 4137/3876/3876 4074/3813/3813
f 4076/3815/3815 4138/3877/3877 4075/3814/3814
f 4077/3816/3816 4139/3878/3878 4076/3815/3815
f 4078/3818/3818 4140/3879/3879 4077/3816/3816
f 4079/3817/3817 4141/3880/3880 4078/3818/3818
f 4079/3817/3817 4143/3881/3881 4142/3882/3882
f 4081/3820/3820 4143/3881/3881 4080/3819/3819
f 4082/3821/3821 4144/3883/3883 4081/3820/3820
f 4083/3822/3822 4145/3884/3884 4082/3821/3821
f 4084/3823/3823 4146/3885/3885 4083/3822/3822
f 4085/3824/3824 4147/3886/3886 4084/3823/3823
f 4086/3825/3825 4148/3887/3887 4085/3824/3824
f 4087/3826/3826 4149/3888/3888 4086/3825/3825
f 4088/3827/3827 4150/3889/3889 4087/3826/3826
f 4089/3828/3828 4151/3890/3890 4088/3827/3827
f 4090/3829/3829 4152/3891/3891 4089/3828/3828
f 4091/3830/3830 4153/3892/3892 4090/3829/3829
f 4092/3831/3831 4154/3893/3893 4091/3830/3830
f 4093/3832/3832 4155/3894/3894 4092/3831/3831
f 4094/3833/3833 4156/3895/3895 4093/3832/3832
f 4095/3834/3834 4157/3896/3896 4094/3833/3833
f 4096/3835/3835 4158/3897/3897 4095/3834/3834
f 4097/3836/3836 4159/3898/3898 4096/3835/3835
f 4098/3838/3838 4160/3899/3899 4097/3836/3836
f 4099/3900/3900 4161/3901/3901 4098/3838/3838
f 4100/3840/3840 4164/3902/3902 4163/3903/3903
f 4101/3839/3839 4165/3904/3904 4164/3902/3902
f 4102/3841/3841 4166/3905/3905 4165/3904/3904
f 4103/3842/3842 4167/3906/3906 4166/3905/3905
f 4104/3843/3843 4168/3907/3907 4167/3906/3906
f 4105/3844/3844 4169/3908/3908 4168/3907/3907
f 4106/3845/3845 4170/3909/3909 4169/3908/3908
f 4107/3846/3846 4171/3910/3910 4170/3909/3909
f 4108/3847/3847 4172/3911/3911 4171/3910/3910
f 4109/3848/3848 4173/3912/3912 4172/3911/3911
f 4110/3849/3849 4174/3913/3913 4173/3912/3912
f 4111/3850/3850 4175/3914/3914 4174/3913/3913
f 4112/3851/3851 4176/3915/3915 4175/3914/3914
f 4113/3852/3852 4177/3916/3916 4176/3915/3915
f 4114/3853/3853 4178/3917/3917 4177/3916/3916
f 4115/3854/3854 4179/3918/3918 4178/3917/3917
f 4116/3855/3855 4180/3919/3919 4179/3918/3918
f 4117/3856/3856 4181/3920/3920 4180/3919/3919
f 4118/3857/3857 4182/3921/3921 4181/3920/3920
f 4119/3858/3858 4183/3922/3922 4182/3921/3921
f 4120/3859/3859 4184/3923/3923 4183/3922/3922
f 4121/3860/3860 4185/3924/3924 4184/3923/3923
f 4122/3861/3861 4186/3925/3925 4185/3924/3924
f 4123/3862/3862 4187/3926/3926 4186/3925/3925
f 4124/3863/3863 4188/3927/3927 4187/3926/3926
f 4125/3864/3864 4189/3928/3928 4188/3927/3927
f 4127/3866/3866 4189/3928/3928 4126/3865/3865
f 4128/3867/3867 4190/3929/3929 4127/3866/3866
f 4128/3867/3867 4192/3930/3930 4191/3931/3931
f 4129/3868/3868 4193/3932/3932 4192/3930/3930
f 4131/3870/3870 4193/3932/3932 4130/3869/3869
f 4132/3871/3871 4194/3933/3933 4131/3870/3870
f 4133/3872/3872 4195/3934/3934 4132/3871/3871
f 4134/3873/3873 4196/3935/3935 4133/3872/3872
f 4135/3875/3875 4197/3936/3936 4134/3873/3873
f 4135/3875/3875 4199/3937/3937 4198/3938/3938
f 4136/3874/3874 4200/3939/3939 4199/3937/3937
f 4138/3877/3877 4200/3939/3939 4137/3876/3876
f 4139/3878/3878 4201/3940/3940 4138/3877/3877
f 4140/3879/3879 4202/3941/3941 4139/3878/3878
f 4141/3880/3880 4203/3942/3942 4140/3879/3879
f 4142/3882/3882 4204/3943/3943 4141/3880/3880
f 4142/3882/3882 4206/3944/3944 4205/3945/3945
f 4144/3883/3883 4206/3944/3944 4143/3881/3881
f 4145/3884/3884 4207/3946/3946 4144/3883/3883
f 4146/3885/3885 4208/3947/3947 4145/3884/3884
f 4147/3886/3886 4209/3948/3948 4146/3885/3885
f 4148/3887/3887 4210/3949/3949 4147/3886/3886
f 4149/3888/3888 4211/3950/3950 4148/3887/3887
f 4150/3889/3889 4212/3951/3951 4149/3888/3888
f 4151/3890/3890 4213/3952/3952 4150/3889/3889
f 4152/3891/3891 4214/3953/3953 4151/3890/3890
f 4153/3892/3892 4215/3954/3954 4152/3891/3891
f 4154/3893/3893 4216/3955/3955 4153/3892/3892
f 4155/3894/3894 4217/3956/3956 4154/3893/3893
f 4156/3895/3895 4218/3957/3957 4155/3894/3894
f 4157/3896/3896 4219/3958/3958 4156/3895/3895
f 4158/3897/3897 4220/3959/3959 4157/3896/3896
f 4159/3898/3898 4221/3960/3960 4158/3897/3897
f 4160/3899/3899 4222/3961/3961 4159/3898/3898
f 4161/3901/3901 4223/3962/3962 4160/3899/3899
f 4162/3963/3963 4224/3964/3964 4161/3901/3901
f 68/3965/3965 67/3966/3966 1/3967/3967
f 69/3968/3968 257/3/3 68/3965/3965
f 70/3969/3969 258/1/1 69/3968/3968
f 71/3970/3970 259/4/4 70/3969/3969
f 72/3971/3971 260/6/6 71/3970/3970
f 73/3972/3972 261/8/8 72/3971/3971
f 74/3973/3973 262/10/10 73/3972/3972
f 75/3974/3974 263/12/12 74/3973/3973
f 76/3975/3975 264/14/14 75/3974/3974
f 77/3976/3976 265/16/16 76/3975/3975
f 78/3977/3977 266/18/18 77/3976/3976
f 79/3978/3978 267/20/20 78/3977/3977
f 80/3979/3979 268/22/22 79/3978/3978
f 81/3980/3980 269/24/24 80/3979/3979
f 82/3981/3981 270/26/26 81/3980/3980
f 83/3982/3982 271/28/28 82/3981/3981
f 84/3983/3983 272/30/30 83/3982/3982
f 84/3983/3983 274/34/34 273/32/32
f 85/3984/3984 275/36/36 274/34/34
f 87/3985/3985 275/36/36 86/3986/3986
f 88/3987/3987 276/41/41 87/3985/3985
f 89/3988/3988 277/40/40 88/3987/3987
f 90/3989/3989 278/42/42 89/3988/3988
f 91/3990/3990 279/44/44 90/3989/3989
f 92/3991/3991 280/46/46 91/3990/3990
f 93/3992/3992 281/48/48 92/3991/3991
f 93/3992/3992 283/52/52 282/50/50
f 94/3993/3993 284/56/56 283/52/52
f 96/3994/3994 284/56/56 95/3995/3995
f 97/3996/3996 285/59/59 96/3994/3994
f 97/3996/3996 287/60/60 286/58/58
f 98/3997/3997 288/64/64 287/60/60
f 100/3998/3998 288/64/64 99/3999/3999
f 100/3998/3998 290/68/68 289/66/66
f 101/4000/4000 291/71/71 290/68/68
f 102/4001/4001 292/70/70 291/71/71
f 104/4002/4002 292/70/70 103/4003/4003
f 105/4004/4004 293/72/72 104/4002/4002
f 105/4004/4004 295/78/78 294/74/74
f 106/4005/4005 296/80/80 295/78/78
f 107/4006/4006 297/82/82 296/80/80
f 108/4007/4007 298/84/84 297/82/82
f 109/4008/4008 299/86/86 298/84/84
f 110/4009/4009 300/88/88 299/86/86
f 111/4010/4010 301/90/90 300/88/88
f 112/4011/4011 302/92/92 301/90/90
f 113/4012/4012 303/94/94 302/92/92
f 114/4013/4013 304/96/96 303/94/94
f 115/4014/4014 305/98/98 304/96/96
f 116/4015/4015 306/100/100 305/98/98
f 117/4016/4016 307/102/102 306/100/100
f 118/4017/4017 308/104/104 307/102/102
f 119/4018/4018 309/106/106 308/104/104
f 120/4019/4019 310/108/108 309/106/106
f 121/4020/4020 311/110/110 310/108/108
f 122/4021/4021 312/112/112 311/110/110
f 123/4022/4022 313/114/114 312/112/112
f 124/4023/4023 314/116/116 313/114/114
f 125/4024/4024 315/118/118 314/116/116
f 126/4025/4025 316/120/120 315/118/118
f 127/4026/4026 317/122/122 316/120/120
f 128/4027/4027 318/124/124 317/122/122
f 129/4028/4028 319/4029/4029 318/124/124
f 130/4030/4030 131/4031/4031 319/4029/4029
f 319/4029/4029 132/4032/4032 382/125/125
f 382/125/125 133/4033/4033 445/188/188
f 445/188/188 134/4034/4034 508/251/251
f 508/251/251 135/4035/4035 571/314/314
f 571/314/314 136/4036/4036 634/377/377
f 634/377/377 137/4037/4037 697/440/440
f 697/440/440 138/4038/4038 760/503/503
f 760/503/503 139/4039/4039 823/566/566
f 823/566/566 140/4040/4040 886/629/629
f 886/629/629 141/4041/4041 949/692/692
f 949/692/692 142/4042/4042 1012/755/755
f 1012/755/755 143/4043/4043 1075/818/818
f 1075/818/818 144/4044/4044 1138/881/881
f 1138/881/881 145/4045/4045 1201/944/944
f 1201/944/944 146/4046/4046 1264/1007/1007
f 1264/1007/1007 147/4047/4047 1327/1070/1070
f 147/4047/4047 1390/1133/1133 1327/1070/1070
f 148/4048/4048 1453/4049/4049 1390/1133/1133
f 1453/4049/4049 150/4050/4050 1516/1258/1258
f 1516/1258/1258 151/4051/4051 1579/1321/1321
f 1579/1321/1321 152/4052/4052 1642/1384/1384
f 1642/1384/1384 153/4053/4053 1705/1447/1447
f 1705/1447/1447 154/4054/4054 1768/1510/1510
f 1768/1510/1510 155/4055/4055 1831/1573/1573
f 1831/1573/1573 156/4056/4056 1894/1636/1636
f 1894/1636/1636 157/4057/4057 1957/1699/1699
f 157/4057/4057 2020/1823/1823 1957/1699/1699
f 158/4058/4058 2083/1886/1886 2020/1823/1823
f 159/4059/4059 2146/4060/4060 2083/1886/1886
f 2146/4060/4060 161/4061/4061 2209/1950/1950
f 2209/1950/1950 162/4062/4062 2272/2013/2013
f 162/4062/4062 2335/2075/2075 2272/2013/2013
f 163/4063/4063 2398/2200/2200 2335/2075/2075
f 164/4064/4064 2461/2263/2263 2398/2200/2200
f 165/4065/4065 2524/4066/4066 2461/2263/2263
f 166/4067/4067 2587/2327/2327 2524/4066/4066
f 2587/2327/2327 168/4068/4068 2650/2390/2390
f 168/4068/4068 2713/2514/2514 2650/2390/2390
f 169/4069/4069 2776/2577/2577 2713/2514/2514
f 170/4070/4070 2839/2640/2640 2776/2577/2577
f 171/4071/4071 2902/2703/2703 2839/2640/2640
f 172/4072/4072 2965/2766/2766 2902/2703/2703
f 173/4073/4073 3028/2829/2829 2965/2766/2766
f 3028/2829/2829 175/4074/4074 3091/2892/2892
f 175/4074/4074 3154/2955/2955 3091/2892/2892
f 176/4075/4075 3217/3018/3018 3154/2955/2955
f 177/4076/4076 3280/3081/3081 3217/3018/3018
f 178/4077/4077 3343/3144/3144 3280/3081/3081
f 179/4078/4078 3406/3207/3207 3343/3144/3144
f 180/4079/4079 3469/3270/3270 3406/3207/3207
f 181/4080/4080 3532/3333/3333 3469/3270/3270
f 182/4081/4081 3595/3396/3396 3532/3333/3333
f 183/4082/4082 3658/3459/3459 3595/3396/3396
f 184/4083/4083 3721/3522/3522 3658/3459/3459
f 185/4084/4084 3784/3585/3585 3721/3522/3522
f 186/4085/4085 3847/3648/3648 3784/3585/3585
f 187/4086/4086 3910/3711/3711 3847/3648/3648
f 188/4087/4087 3973/3774/3774 3910/3711/3711
f 189/4088/4088 4036/3837/3837 3973/3774/3774
f 190/4089/4089 4099/3900/3900 4036/3837/3837
f 191/4090/4090 4162/3963/3963 4099/3900/3900
f 192/4091/4091 4225/4092/4092 4162/3963/3963
f 193/4093/4093 194/4094/4094 4225/4092/4092
f 4225/4092/4092 195/4095/4095 4224/3964/3964
f 4224/3964/3964 196/4096/4096 4223/3962/3962
f 4223/3962/3962 197/4097/4097 4222/3961/3961
f 4222/3961/3961 198/4098/4098 4221/3960/3960
f 4221/3960/3960 199/4099/4099 4220/3959/3959
f 4220/3959/3959 200/4100/4100 4219/3958/3958
f 4219/3958/3958 201/4101/4101 4218/3957/3957
f 4218/3957/3957 202/4102/4102 4217/3956/3956
f 4217/3956/3956 203/4103/4103 4216/3955/3955
f 4216/3955/3955 204/4104/4104 4215/3954/3954
f 4215/3954/3954 205/4105/4105 4214/3953/3953
f 4214/3953/3953 206/4106/4106 4213/3952/3952
f 4213/3952/3952 207/4107/4107 4212/3951/3951
f 4212/3951/3951 208/4108/4108 4211/3950/3950
f 4211/3950/3950 209/4109/4109 4210/3949/3949
f 4210/3949/3949 210/4110/4110 4209/3948/3948
f 4209/3948/3948 211/4111/4111 4208/3947/3947
f 4208/3947/3947 212/4112/4112 4207/3946/3946
f 4206/3944/3944 212/4112/4112 213/4113/4113
f 4206/3944/3944 214/4114/4114 4205/3945/3945
f 4205/3945/3945 215/4115/4115 4204/3943/3943
f 4204/3943/3943 216/4116/4116 4203/3942/3942
f 4203/3942/3942 217/4117/4117 4202/3941/3941
f 4202/3941/3941 218/4118/4118 4201/3940/3940
f 4201/3940/3940 219/4119/4119 4200/3939/3939
f 4199/3937/3937 219/4119/4119 220/4120/4120
f 4198/3938/3938 220/4120/4120 221/4121/4121
f 4198/3938/3938 222/4122/4122 4197/3936/3936
f 4197/3936/3936 223/4123/4123 4196/3935/3935
f 4196/3935/3935 224/4124/4124 4195/3934/3934
f 4195/3934/3934 225/4125/4125 4194/3933/3933
f 4194/3933/3933 226/4126/4126 4193/3932/3932
f 4192/3930/3930 226/4126/4126 227/4127/4127
f 4191/3931/3931 227/4127/4127 228/4128/4128
f 4191/3931/3931 229/4129/4129 4190/3929/3929
f 4190/3929/3929 230/4130/4130 4189/3928/3928
f 4188/3927/3927 230/4130/4130 231/4131/4131
f 4187/3926/3926 231/4131/4131 232/4132/4132
f 4186/3925/3925 232/4132/4132 233/4133/4133
f 4185/3924/3924 233/4133/4133 234/4134/4134
f 4184/3923/3923 234/4134/4134 235/4135/4135
f 4183/3922/3922 235/4135/4135 236/4136/4136
f 4182/3921/3921 236/4136/4136 237/4137/4137
f 4181/3920/3920 237/4137/4137 238/4138/4138
f 4180/3919/3919 238/4138/4138 239/4139/4139
f 4179/3918/3918 239/4139/4139 240/4140/4140
f 4178/3917/3917 240/4140/4140 241/4141/4141
f 4177/3916/3916 241/4141/4141 242/4142/4142
f 4176/3915/3915 242/4142/4142 243/4143/4143
f 4175/3914/3914 243/4143/4143 244/4144/4144
f 4174/3913/3913 244/4144/4144 245/4145/4145
f 4173/3912/3912 245/4145/4145 246/4146/4146
f 4172/3911/3911 246/4146/4146 247/4147/4147
f 4171/3910/3910 247/4147/4147 248/4148/4148
f 4170/3909/3909 248/4148/4148 249/4149/4149
f 4169/3908/3908 249/4149/4149 250/4150/4150
f 4168/3907/3907 250/4150/4150 251/4151/4151
f 4167/3906/3906 251/4151/4151 252/4152/4152
f 4166/3905/3905 252/4152/4152 253/4153/4153
f 4165/3904/3904 253/4153/4153 254/4154/4154
f 4164/3902/3902 254/4154/4154 255/4155/4155
f 4163/3903/3903 255/4155/4155 256/4156/4156
f 5/4157/4157 256/4156/4156 3/4158/4158
f 6/4159/4159 4163/3903/3903 5/4157/4157
f 7/4160/4160 4100/3840/3840 6/4159/4159
f 8/4161/4161 4037/3777/3777 7/4160/4160
f 9/4162/4162 3974/3714/3714 8/4161/4161
f 10/4163/4163 3911/3651/3651 9/4162/4162
f 11/4164/4164 3848/3588/3588 10/4163/4163
f 12/4165/4165 3785/3525/3525 11/4164/4164
f 13/4166/4166 3722/3462/3462 12/4165/4165
f 14/4167/4167 3659/3399/3399 13/4166/4166
f 15/4168/4168 3596/3336/3336 14/4167/4167
f 16/4169/4169 3533/3273/3273 15/4168/4168
f 17/4170/4170 3470/3210/3210 16/4169/4169
f 18/4171/4171 3407/3147/3147 17/4170/4170
f 19/4172/4172 3344/3084/3084 18/4171/4171
f 20/4173/4173 3281/3021/3021 19/4172/4172
f 21/4174/4174 3218/2958/2958 20/4173/4173
f 22/4175/4175 3155/2895/2895 21/4174/4174
f 23/4176/4176 3092/2832/2832 22/4175/4175
f 24/4177/4177 3029/2769/2769 23/4176/4176
f 25/4178/4178 2966/2706/2706 24/4177/4177
f 26/4179/4179 2903/2643/2643 25/4178/4178
f 27/4180/4180 2840/2580/2580 26/4179/4179
f 28/4181/4181 2777/2517/2517 27/4180/4180
f 29/4182/4182 2714/2454/2454 28/4181/4181
f 30/4183/4183 2651/2392/2392 29/4182/4182
f 31/4184/4184 2588/2329/2329 30/4183/4183
f 2462/2202/2202 31/4184/4184 32/4185/4185
f 2399/2140/2140 32/4185/4185 33/4186/4186
f 34/4187/4187 2399/2140/2140 33/4186/4186
f 35/4188/4188 2336/2078/2078 34/4187/4187
f 2210/1951/1951 35/4188/4188 36/4189/4189
f 2147/1888/1888 36/4189/4189 37/4190/4190
f 2084/1825/1825 37/4190/4190 38/4191/4191
f 2021/1763/1763 38/4191/4191 39/4192/4192
f 40/4193/4193 2021/1763/1763 39/4192/4192
f 41/4194/4194 1958/1701/1701 40/4193/4193
f 1832/1574/1574 41/4194/4194 42/4195/4195
f 1769/1511/1511 42/4195/4195 43/4196/4196
f 1706/1448/1448 43/4196/4196 44/4197/4197
f 1643/1385/1385 44/4197/4197 45/4198/4198
f 1580/1323/1323 45/4198/4198 46/4199/4199
f 1517/1260/1260 46/4199/4199 47/4200/4200
f 48/4201/4201 1517/1260/1260 47/4200/4200
f 49/4202/4202 1454/1197/1197 48/4201/4201
f 1328/1071/1071 49/4202/4202 50/4203/4203
f 1265/1008/1008 50/4203/4203 51/4204/4204
f 1202/945/945 51/4204/4204 52/4205/4205
f 1139/882/882 52/4205/4205 53/4206/4206
f 1076/819/819 53/4206/4206 54/4207/4207
f 1013/756/756 54/4207/4207 55/4208/4208
f 950/693/693 55/4208/4208 56/4209/4209
f 887/630/630 56/4209/4209 57/4210/4210
f 824/567/567 57/4210/4210 58/4211/4211
f 761/504/504 58/4211/4211 59/4212/4212
f 698/441/441 59/4212/4212 60/4213/4213
f 635/378/378 60/4213/4213 61/4214/4214
f 572/315/315 61/4214/4214 62/4215/4215
f 509/252/252 62/4215/4215 63/4216/4216
f 446/189/189 63/4216/4216 64/4217/4217
f 383/126/126 64/4217/4217 65/4218/4218
f 320/2/2 65/4218/4218 66/4219/4219
f 257/3/3 66/4219/4219 67/3966/3966
f 258/1/1 321/5/5 320/2/2
f 259/4/4 322/7/7 321/5/5
f 260/6/6 323/9/9 322/7/7
f 261/8/8 324/11/11 323/9/9
f 262/10/10 325/13/13 324/11/11
f 263/12/12 326/15/15 325/13/13
f 264/14/14 327/17/17 326/15/15
f 265/16/16 328/19/19 327/17/17
f 266/18/18 329/21/21 328/19/19
f 267/20/20 330/23/23 329/21/21
f 268/22/22 331/25/25 330/23/23
f 269/24/24 332/27/27 331/25/25
f 270/26/26 333/29/29 332/27/27
f 271/28/28 334/31/31 333/29/29
f 272/30/30 335/33/33 334/31/31
f 273/32/32 336/35/35 335/33/33
f 274/34/34 337/37/37 336/35/35
f 275/36/36 338/39/39 337/37/37
f 275/36/36 276/41/41 339/38/38
f 277/40/40 340/43/43 339/38/38
f 278/42/42 341/45/45 340/43/43
f 279/44/44 342/47/47 341/45/45
f 280/46/46 343/49/49 342/47/47
f 281/48/48 344/51/51 343/49/49
f 282/50/50 345/53/53 344/51/51
f 283/52/52 346/55/55 345/53/53
f 283/52/52 284/56/56 347/54/54
f 284/56/56 285/59/59 348/57/57
f 286/58/58 349/61/61 348/57/57
f 287/60/60 350/63/63 349/61/61
f 287/60/60 288/64/64 351/62/62
f 288/64/64 289/66/66 352/65/65
f 289/66/66 290/68/68 353/67/67
f 290/68/68 291/71/71 354/69/69
f 292/70/70 355/73/73 354/69/69
f 293/72/72 356/75/75 355/73/73
f 294/74/74 357/77/77 356/75/75
f 294/74/74 295/78/78 358/76/76
f 295/78/78 296/80/80 359/79/79
f 296/80/80 297/82/82 360/81/81
f 297/82/82 298/84/84 361/83/83
f 298/84/84 299/86/86 362/85/85
f 299/86/86 300/88/88 363/87/87
f 300/88/88 301/90/90 364/89/89
f 301/90/90 302/92/92 365/91/91
f 302/92/92 303/94/94 366/93/93
f 303/94/94 304/96/96 367/95/95
f 304/96/96 305/98/98 368/97/97
f 305/98/98 306/100/100 369/99/99
f 306/100/100 307/102/102 370/101/101
f 307/102/102 308/104/104 371/103/103
f 308/104/104 309/106/106 372/105/105
f 309/106/106 310/108/108 373/107/107
f 310/108/108 311/110/110 374/109/109
f 311/110/110 312/112/112 375/111/111
f 312/112/112 313/114/114 376/113/113
f 313/114/114 314/116/116 377/115/115
f 314/116/116 315/118/118 378/117/117
f 315/118/118 316/120/120 379/119/119
f 316/120/120 317/122/122 380/121/121
f 317/122/122 318/124/124 381/123/123
f 318/124/124 319/4029/4029 382/125/125
f 321/5/5 384/127/127 383/126/126
f 322/7/7 385/128/128 384/127/127
f 323/9/9 386/129/129 385/128/128
f 324/11/11 387/130/130 386/129/129
f 325/13/13 388/131/131 387/130/130
f 326/15/15 389/132/132 388/131/131
f 327/17/17 390/133/133 389/132/132
f 328/19/19 391/134/134 390/133/133
f 329/21/21 392/135/135 391/134/134
f 330/23/23 393/136/136 392/135/135
f 331/25/25 394/137/137 393/136/136
f 332/27/27 395/138/138 394/137/137
f 333/29/29 396/139/139 395/138/138
f 334/31/31 397/140/140 396/139/139
f 335/33/33 398/141/141 397/140/140
f 336/35/35 399/142/142 398/141/141
f 337/37/37 400/143/143 399/142/142
f 338/39/39 401/144/144 400/143/143
f 339/38/38 402/145/145 401/144/144
f 340/43/43 403/146/146 402/145/145
f 341/45/45 404/147/147 403/146/146
f 342/47/47 405/148/148 404/147/147
f 343/49/49 406/149/149 405/148/148
f 344/51/51 407/150/150 406/149/149
f 345/53/53 408/151/151 407/150/150
f 346/55/55 409/153/153 408/151/151
f 346/55/55 347/54/54 410/152/152
f 347/54/54 348/57/57 411/154/154
f 349/61/61 412/155/155 411/154/154
f 350/63/63 413/157/157 412/155/155
f 350/63/63 351/62/62 414/156/156
f 351/62/62 352/65/65 415/158/158
f 352/65/65 353/67/67 416/159/159
f 353/67/67 354/69/69 417/160/160
f 355/73/73 418/161/161 417/160/160
f 356/75/75 419/163/163 418/161/161
f 356/75/75 357/77/77 420/162/162
f 357/77/77 358/76/76 421/164/164
f 358/76/76 359/79/79 422/165/165
f 359/79/79 360/81/81 423/166/166
f 360/81/81 361/83/83 424/167/167
f 361/83/83 362/85/85 425/168/168
f 362/85/85 363/87/87 426/169/169
f 363/87/87 364/89/89 427/170/170
f 364/89/89 365/91/91 428/171/171
f 365/91/91 366/93/93 429/172/172
f 366/93/93 367/95/95 430/173/173
f 367/95/95 368/97/97 431/174/174
f 368/97/97 369/99/99 432/175/175
f 369/99/99 370/101/101 433/176/176
f 370/101/101 371/103/103 434/177/177
f 371/103/103 372/105/105 435/178/178
f 372/105/105 373/107/107 436/179/179
f 373/107/107 374/109/109 437/180/180
f 374/109/109 375/111/111 438/181/181
f 375/111/111 376/113/113 439/182/182
f 376/113/113 377/115/115 440/183/183
f 377/115/115 378/117/117 441/184/184
f 378/117/117 379/119/119 442/185/185
f 379/119/119 380/121/121 443/186/186
f 380/121/121 381/123/123 444/187/187
f 381/123/123 382/125/125 445/188/188
f 384/127/127 447/190/190 446/189/189
f 385/128/128 448/191/191 447/190/190
f 386/129/129 449/192/192 448/191/191
f 387/130/130 450/193/193 449/192/192
f 388/131/131 451/194/194 450/193/193
f 389/132/132 452/195/195 451/194/194
f 390/133/133 453/196/196 452/195/195
f 391/134/134 454/197/197 453/196/196
f 392/135/135 455/198/198 454/197/197
f 393/136/136 456/199/199 455/198/198
f 394/137/137 457/200/200 456/199/199
f 395/138/138 458/201/201 457/200/200
f 396/139/139 459/202/202 458/201/201
f 397/140/140 460/203/203 459/202/202
f 398/141/141 461/204/204 460/203/203
f 399/142/142 462/205/205 461/204/204
f 400/143/143 463/206/206 462/205/205
f 401/144/144 464/207/207 463/206/206
f 402/145/145 465/208/208 464/207/207
f 403/146/146 466/209/209 465/208/208
f 404/147/147 467/210/210 466/209/209
f 405/148/148 468/211/211 467/210/210
f 406/149/149 469/212/212 468/211/211
f 407/150/150 470/213/213 469/212/212
f 408/151/151 471/214/214 470/213/213
f 409/153/153 472/216/216 471/214/214
f 409/153/153 410/152/152 473/215/215
f 410/152/152 411/154/154 474/217/217
f 411/154/154 412/155/155 475/218/218
f 412/155/155 413/157/157 476/219/219
f 413/157/157 414/156/156 477/220/220
f 414/156/156 415/158/158 478/221/221
f 415/158/158 416/159/159 479/222/222
f 417/160/160 480/223/223 479/222/222
f 418/161/161 481/224/224 480/223/223
f 419/163/163 482/226/226 481/224/224
f 419/163/163 420/162/162 483/225/225
f 420/162/162 421/164/164 484/227/227
f 421/164/164 422/165/165 485/228/228
f 422/165/165 423/166/166 486/229/229
f 423/166/166 424/167/167 487/230/230
f 424/167/167 425/168/168 488/231/231
f 425/168/168 426/169/169 489/232/232
f 426/169/169 427/170/170 490/233/233
f 427/170/170 428/171/171 491/234/234
f 428/171/171 429/172/172 492/235/235
f 429/172/172 430/173/173 493/236/236
f 430/173/173 431/174/174 494/237/237
f 431/174/174 432/175/175 495/238/238
f 432/175/175 433/176/176 496/239/239
f 433/176/176 434/177/177 497/240/240
f 434/177/177 435/178/178 498/241/241
f 435/178/178 436/179/179 499/242/242
f 436/179/179 437/180/180 500/243/243
f 437/180/180 438/181/181 501/244/244
f 438/181/181 439/182/182 502/245/245
f 439/182/182 440/183/183 503/246/246
f 440/183/183 441/184/184 504/247/247
f 441/184/184 442/185/185 505/248/248
f 442/185/185 443/186/186 506/249/249
f 443/186/186 444/187/187 507/250/250
f 444/187/187 445/188/188 508/251/251
f 447/190/190 510/253/253 509/252/252
f 448/191/191 511/254/254 510/253/253
f 449/192/192 512/255/255 511/254/254
f 450/193/193 513/256/256 512/255/255
f 451/194/194 514/257/257 513/256/256
f 452/195/195 515/258/258 514/257/257
f 453/196/196 516/259/259 515/258/258
f 454/197/197 517/260/260 516/259/259
f 455/198/198 518/261/261 517/260/260
f 456/199/199 519/262/262 518/261/261
f 457/200/200 520/263/263 519/262/262
f 458/201/201 521/264/264 520/263/263
f 459/202/202 522/265/265 521/264/264
f 460/203/203 523/266/266 522/265/265
f 461/204/204 524/267/267 523/266/266
f 462/205/205 525/268/268 524/267/267
f 463/206/206 526/269/269 525/268/268
f 464/207/207 527/270/270 526/269/269
f 465/208/208 528/271/271 527/270/270
f 466/209/209 529/272/272 528/271/271
f 467/210/210 530/273/273 529/272/272
f 468/211/211 531/274/274 530/273/273
f 469/212/212 532/275/275 531/274/274
f 470/213/213 533/276/276 532/275/275
f 471/214/214 534/277/277 533/276/276
f 472/216/216 535/279/279 534/277/277
f 472/216/216 473/215/215 536/278/278
f 473/215/215 474/217/217 537/280/280
f 474/217/217 475/218/218 538/281/281
f 475/218/218 476/219/219 539/282/282
f 476/219/219 477/220/220 540/283/283
f 477/220/220 478/221/221 541/284/284
f 478/221/221 479/222/222 542/285/285
f 480/223/223 543/286/286 542/285/285
f 481/224/224 544/287/287 543/286/286
f 482/226/226 545/289/289 544/287/287
f 482/226/226 483/225/225 546/288/288
f 483/225/225 484/227/227 547/290/290
f 484/227/227 485/228/228 548/291/291
f 485/228/228 486/229/229 549/292/292
f 486/229/229 487/230/230 550/293/293
f 487/230/230 488/231/231 551/294/294
f 488/231/231 489/232/232 552/295/295
f 489/232/232 490/233/233 553/296/296
f 490/233/233 491/234/234 554/297/297
f 491/234/234 492/235/235 555/298/298
f 492/235/235 493/236/236 556/299/299
f 493/236/236 494/237/237 557/300/300
f 494/237/237 495/238/238 558/301/301
f 495/238/238 496/239/239 559/302/302
f 496/239/239 497/240/240 560/303/303
f 497/240/240 498/241/241 561/304/304
f 498/241/241 499/242/242 562/305/305
f 499/242/242 500/243/243 563/306/306
f 500/243/243 501/244/244 564/307/307
f 501/244/244 502/245/245 565/308/308
f 502/245/245 503/246/246 566/309/309
f 503/246/246 504/247/247 567/310/310
f 504/247/247 505/248/248 568/311/311
f 505/248/248 506/249/249 569/312/312
f 506/249/249 507/250/250 570/313/313
f 507/250/250 508/251/251 571/314/314
f 510/253/253 573/316/316 572/315/315
f 511/254/254 574/317/317 573/316/316
f 512/255/255 575/318/318 574/317/317
f 513/256/256 576/319/319 575/318/318
f 514/257/257 577/320/320 576/319/319
f 515/258/258 578/321/321 577/320/320
f 516/259/259 579/322/322 578/321/321
f 517/260/260 580/323/323 579/322/322
f 518/261/261 581/324/324 580/323/323
f 519/262/262 582/325/325 581/324/324
f 520/263/263 583/326/326 582/325/325
f 521/264/264 584/327/327 583/326/326
f 522/265/265 585/328/328 584/327/327
f 523/266/266 586/329/329 585/328/328
f 524/267/267 587/330/330 586/329/329
f 525/268/268 588/331/331 587/330/330
f 526/269/269 589/332/332 588/331/331
f 527/270/270 590/333/333 589/332/332
f 528/271/271 591/334/334 590/333/333
f 529/272/272 592/335/335 591/334/334
f 530/273/273 593/336/336 592/335/335
f 531/274/274 594/337/337 593/336/336
f 532/275/275 595/338/338 594/337/337
f 533/276/276 596/339/339 595/338/338
f 534/277/277 597/340/340 596/339/339
f 535/279/279 598/342/342 597/340/340
f 535/279/279 536/278/278 599/341/341
f 536/278/278 537/280/280 600/343/343
f 537/280/280 538/281/281 601/344/344
f 538/281/281 539/282/282 602/345/345
f 539/282/282 540/283/283 603/346/346
f 540/283/283 541/284/284 604/347/347
f 541/284/284 542/285/285 605/348/348
f 543/286/286 606/349/349 605/348/348
f 544/287/287 607/350/350 606/349/349
f 545/289/289 608/352/352 607/350/350
f 545/289/289 546/288/288 609/351/351
f 546/288/288 547/290/290 610/353/353
f 547/290/290 548/291/291 611/354/354
f 548/291/291 549/292/292 612/355/355
f 549/292/292 550/293/293 613/356/356
f 550/293/293 551/294/294 614/357/357
f 551/294/294 552/295/295 615/358/358
f 552/295/295 553/296/296 616/359/359
f 553/296/296 554/297/297 617/360/360
f 554/297/297 555/298/298 618/361/361
f 555/298/298 556/299/299 619/362/362
f 556/299/299 557/300/300 620/363/363
f 557/300/300 558/301/301 621/364/364
f 558/301/301 559/302/302 622/365/365
f 559/302/302 560/303/303 623/366/366
f 560/303/303 561/304/304 624/367/367
f 561/304/304 562/305/305 625/368/368
f 562/305/305 563/306/306 626/369/369
f 563/306/306 564/307/307 627/370/370
f 564/307/307 565/308/308 628/371/371
f 565/308/308 566/309/309 629/372/372
f 566/309/309 567/310/310 630/373/373
f 567/310/310 568/311/311 631/374/374
f 568/311/311 569/312/312 632/375/375
f 569/312/312 570/313/313 633/376/376
f 570/313/313 571/314/314 634/377/377
f 573/316/316 636/379/379 635/378/378
f 574/317/317 637/380/380 636/379/379
f 575/318/318 638/381/381 637/380/380
f 576/319/319 639/382/382 638/381/381
f 577/320/320 640/383/383 639/382/382
f 578/321/321 641/384/384 640/383/383
f 579/322/322 642/385/385 641/384/384
f 580/323/323 643/386/386 642/385/385
f 581/324/324 644/387/387 643/386/386
f 582/325/325 645/388/388 644/387/387
f 583/326/326 646/389/389 645/388/388
f 584/327/327 647/390/390 646/389/389
f 585/328/328 648/391/391 647/390/390
f 586/329/329 649/392/392 648/391/391
f 587/330/330 650/393/393 649/392/392
f 588/331/331 651/394/394 650/393/393
f 589/332/332 652/395/395 651/394/394
f 590/333/333 653/396/396 652/395/395
f 591/334/334 654/397/397 653/396/396
f 592/335/335 655/398/398 654/397/397
f 593/336/336 656/399/399 655/398/398
f 594/337/337 657/400/400 656/399/399
f 595/338/338 658/401/401 657/400/400
f 596/339/339 659/402/402 658/401/401
f 597/340/340 660/403/403 659/402/402
f 598/342/342 661/404/404 660/403/403
f 599/341/341 662/406/406 661/404/404
f 599/341/341 600/343/343 663/405/405
f 600/343/343 601/344/344 664/407/407
f 601/344/344 602/345/345 665/408/408
f 602/345/345 603/346/346 666/409/409
f 603/346/346 604/347/347 667/410/410
f 605/348/348 668/411/411 667/410/410
f 606/349/349 669/412/412 668/411/411
f 607/350/350 670/414/414 669/412/412
f 607/350/350 608/352/352 671/413/413
f 608/352/352 609/351/351 672/415/415
f 609/351/351 610/353/353 673/416/416
f 610/353/353 611/354/354 674/417/417
f 611/354/354 612/355/355 675/418/418
f 612/355/355 613/356/356 676/419/419
f 613/356/356 614/357/357 677/420/420
f 614/357/357 615/358/358 678/421/421
f 615/358/358 616/359/359 679/422/422
f 616/359/359 617/360/360 680/423/423
f 617/360/360 618/361/361 681/424/424
f 618/361/361 619/362/362 682/425/425
f 619/362/362 620/363/363 683/426/426
f 620/363/363 621/364/364 684/427/427
f 621/364/364 622/365/365 685/428/428
f 622/365/365 623/366/366 686/429/429
f 623/366/366 624/367/367 687/430/430
f 624/367/367 625/368/368 688/431/431
f 625/368/368 626/369/369 689/432/432
f 626/369/369 627/370/370 690/433/433
f 627/370/370 628/371/371 691/434/434
f 628/371/371 629/372/372 692/435/435
f 629/372/372 630/373/373 693/436/436
f 630/373/373 631/374/374 694/437/437
f 631/374/374 632/375/375 695/438/438
f 632/375/375 633/376/376 696/439/439
f 633/376/376 634/377/377 697/440/440
f 636/379/379 699/442/442 698/441/441
f 637/380/380 700/443/443 699/442/442
f 638/381/381 701/444/444 700/443/443
f 639/382/382 702/445/445 701/444/444
f 640/383/383 703/446/446 702/445/445
f 641/384/384 704/447/447 703/446/446
f 642/385/385 705/448/448 704/447/447
f 643/386/386 706/449/449 705/448/448
f 644/387/387 707/450/450 706/449/449
f 645/388/388 708/451/451 707/450/450
f 646/389/389 709/452/452 708/451/451
f 647/390/390 710/453/453 709/452/452
f 648/391/391 711/454/454 710/453/453
f 649/392/392 712/455/455 711/454/454
f 650/393/393 713/456/456 712/455/455
f 651/394/394 714/457/457 713/456/456
f 652/395/395 715/458/458 714/457/457
f 653/396/396 716/459/459 715/458/458
f 654/397/397 717/460/460 716/459/459
f 655/398/398 718/461/461 717/460/460
f 656/399/399 719/462/462 718/461/461
f 657/400/400 720/463/463 719/462/462
f 658/401/401 721/464/464 720/463/463
f 659/402/402 722/465/465 721/464/464
f 660/403/403 723/466/466 722/465/465
f 661/404/404 724/467/467 723/466/466
f 662/406/406 725/469/469 724/467/467
f 662/406/406 663/405/405 726/468/468
f 663/405/405 664/407/407 727/470/470
f 664/407/407 665/408/408 728/471/471
f 665/408/408 666/409/409 729/472/472
f 666/409/409 667/410/410 730/473/473
f 668/411/411 731/474/474 730/473/473
f 669/412/412 732/475/475 731/474/474
f 670/414/414 733/477/477 732/475/475
f 670/414/414 671/413/413 734/476/476
f 671/413/413 672/415/415 735/478/478
f 672/415/415 673/416/416 736/479/479
f 673/416/416 674/417/417 737/480/480
f 674/417/417 675/418/418 738/481/481
f 675/418/418 676/419/419 739/482/482
f 676/419/419 677/420/420 740/483/483
f 677/420/420 678/421/421 741/484/484
f 678/421/421 679/422/422 742/485/485
f 679/422/422 680/423/423 743/486/486
f 680/423/423 681/424/424 744/487/487
f 681/424/424 682/425/425 745/488/488
f 682/425/425 683/426/426 746/489/489
f 683/426/426 684/427/427 747/490/490
f 684/427/427 685/428/428 748/491/491
f 685/428/428 686/429/429 749/492/492
f 686/429/429 687/430/430 750/493/493
f 687/430/430 688/431/431 751/494/494
f 688/431/431 689/432/432 752/495/495
f 689/432/432 690/433/433 753/496/496
f 690/433/433 691/434/434 754/497/497
f 691/434/434 692/435/435 755/498/498
f 692/435/435 693/436/436 756/499/499
f 693/436/436 694/437/437 757/500/500
f 694/437/437 695/438/438 758/501/501
f 695/438/438 696/439/439 759/502/502
f 696/439/439 697/440/440 760/503/503
f 699/442/442 762/505/505 761/504/504
f 700/443/443 763/506/506 762/505/505
f 701/444/444 764/507/507 763/506/506
f 702/445/445 765/508/508 764/507/507
f 703/446/446 766/509/509 765/508/508
f 704/447/447 767/510/510 766/509/509
f 705/448/448 768/511/511 767/510/510
f 706/449/449 769/512/512 768/511/511
f 707/450/450 770/513/513 769/512/512
f 708/451/451 771/514/514 770/513/513
f 709/452/452 772/515/515 771/514/514
f 710/453/453 773/516/516 772/515/515
f 711/454/454 774/517/517 773/516/516
f 712/455/455 775/518/518 774/517/517
f 713/456/456 776/519/519 775/518/518
f 714/457/457 777/520/520 776/519/519
f 715/458/458 778/521/521 777/520/520
f 716/459/459 779/522/522 778/521/521
f 717/460/460 780/523/523 779/522/522
f 718/461/461 781/524/524 780/523/523
f 719/462/462 782/525/525 781/524/524
f 720/463/463 783/526/526 782/525/525
f 721/464/464 784/527/527 783/526/526
f 722/465/465 785/528/528 784/527/527
f 723/466/466 786/529/529 785/528/528
f 724/467/467 787/530/530 786/529/529
f 725/469/469 788/532/532 787/530/530
f 725/469/469 726/468/468 789/531/531
f 726/468/468 727/470/470 790/533/533
f 727/470/470 728/471/471 791/534/534
f 728/471/471 729/472/472 792/535/535
f 729/472/472 730/473/473 793/536/536
f 731/474/474 794/537/537 793/536/536
f 732/475/475 795/538/538 794/537/537
f 733/477/477 796/540/540 795/538/538
f 733/477/477 734/476/476 797/539/539
f 734/476/476 735/478/478 798/541/541
f 735/478/478 736/479/479 799/542/542
f 736/479/479 737/480/480 800/543/543
f 737/480/480 738/481/481 801/544/544
f 738/481/481 739/482/482 802/545/545
f 739/482/482 740/483/483 803/546/546
f 740/483/483 741/484/484 804/547/547
f 741/484/484 742/485/485 805/548/548
f 742/485/485 743/486/486 806/549/549
f 743/486/486 744/487/487 807/550/550
f 744/487/487 745/488/488 808/551/551
f 745/488/488 746/489/489 809/552/552
f 746/489/489 747/490/490 810/553/553
f 747/490/490 748/491/491 811/554/554
f 748/491/491 749/492/492 812/555/555
f 749/492/492 750/493/493 813/556/556
f 750/493/493 751/494/494 814/557/557
f 751/494/494 752/495/495 815/558/558
f 752/495/495 753/496/496 816/559/559
f 753/496/496 754/497/497 817/560/560
f 754/497/497 755/498/498 818/561/561
f 755/498/498 756/499/499 819/562/562
f 756/499/499 757/500/500 820/563/563
f 757/500/500 758/501/501 821/564/564
f 758/501/501 759/502/502 822/565/565
f 759/502/502 760/503/503 823/566/566
f 762/505/505 825/568/568 824/567/567
f 763/506/506 826/569/569 825/568/568
f 764/507/507 827/570/570 826/569/569
f 765/508/508 828/571/571 827/570/570
f 766/509/509 829/572/572 828/571/571
f 767/510/510 830/573/573 829/572/572
f 768/511/511 831/574/574 830/573/573
f 769/512/512 832/575/575 831/574/574
f 770/513/513 833/576/576 832/575/575
f 771/514/514 834/577/577 833/576/576
f 772/515/515 835/578/578 834/577/577
f 773/516/516 836/579/579 835/578/578
f 774/517/517 837/580/580 836/579/579
f 775/518/518 838/581/581 837/580/580
f 776/519/519 839/582/582 838/581/581
f 777/520/520 840/583/583 839/582/582
f 778/521/521 841/584/584 840/583/583
f 779/522/522 842/585/585 841/584/584
f 780/523/523 843/586/586 842/585/585
f 781/524/524 844/587/587 843/586/586
f 782/525/525 845/588/588 844/587/587
f 783/526/526 846/589/589 845/588/588
f 784/527/527 847/590/590 846/589/589
f 785/528/528 848/591/591 847/590/590
f 786/529/529 849/592/592 848/591/591
f 787/530/530 850/593/593 849/592/592
f 788/532/532 851/595/595 850/593/593
f 788/532/532 789/531/531 852/594/594
f 789/531/531 790/533/533 853/596/596
f 790/533/533 791/534/534 854/597/597
f 791/534/534 792/535/535 855/598/598
f 792/535/535 793/536/536 856/599/599
f 794/537/537 857/600/600 856/599/599
f 795/538/538 858/601/601 857/600/600
f 796/540/540 859/603/603 858/601/601
f 796/540/540 797/539/539 860/602/602
f 797/539/539 798/541/541 861/604/604
f 798/541/541 799/542/542 862/605/605
f 799/542/542 800/543/543 863/606/606
f 800/543/543 801/544/544 864/607/607
f 801/544/544 802/545/545 865/608/608
f 802/545/545 803/546/546 866/609/609
f 803/546/546 804/547/547 867/610/610
f 804/547/547 805/548/548 868/611/611
f 805/548/548 806/549/549 869/612/612
f 806/549/549 807/550/550 870/613/613
f 807/550/550 808/551/551 871/614/614
f 808/551/551 809/552/552 872/615/615
f 809/552/552 810/553/553 873/616/616
f 810/553/553 811/554/554 874/617/617
f 811/554/554 812/555/555 875/618/618
f 812/555/555 813/556/556 876/619/619
f 813/556/556 814/557/557 877/620/620
f 814/557/557 815/558/558 878/621/621
f 815/558/558 816/559/559 879/622/622
f 816/559/559 817/560/560 880/623/623
f 817/560/560 818/561/561 881/624/624
f 818/561/561 819/562/562 882/625/625
f 819/562/562 820/563/563 883/626/626
f 820/563/563 821/564/564 884/627/627
f 821/564/564 822/565/565 885/628/628
f 822/565/565 823/566/566 886/629/629
f 825/568/568 888/631/631 887/630/630
f 826/569/569 889/632/632 888/631/631
f 827/570/570 890/633/633 889/632/632
f 828/571/571 891/634/634 890/633/633
f 829/572/572 892/635/635 891/634/634
f 830/573/573 893/636/636 892/635/635
f 831/574/574 894/637/637 893/636/636
f 832/575/575 895/638/638 894/637/637
f 833/576/576 896/639/639 895/638/638
f 834/577/577 897/640/640 896/639/639
f 835/578/578 898/641/641 897/640/640
f 836/579/579 899/642/642 898/641/641
f 837/580/580 900/643/643 899/642/642
f 838/581/581 901/644/644 900/643/643
f 839/582/582 902/645/645 901/644/644
f 840/583/583 903/646/646 902/645/645
f 841/584/584 904/647/647 903/646/646
f 842/585/585 905/648/648 904/647/647
f 843/586/586 906/649/649 905/648/648
f 844/587/587 907/650/650 906/649/649
f 845/588/588 908/651/651 907/650/650
f 846/589/589 909/652/652 908/651/651
f 847/590/590 910/653/653 909/652/652
f 848/591/591 911/654/654 910/653/653
f 849/592/592 912/655/655 911/654/654
f 850/593/593 913/656/656 912/655/655
f 851/595/595 914/657/657 913/656/656
f 852/594/594 915/659/659 914/657/657
f 852/594/594 853/596/596 916/658/658
f 853/596/596 854/597/597 917/660/660
f 854/597/597 855/598/598 918/661/661
f 855/598/598 856/599/599 919/662/662
f 857/600/600 920/663/663 919/662/662
f 858/601/601 921/665/665 920/663/663
f 858/601/601 859/603/603 922/664/664
f 859/603/603 860/602/602 923/666/666
f 860/602/602 861/604/604 924/667/667
f 861/604/604 862/605/605 925/668/668
f 862/605/605 863/606/606 926/669/669
f 863/606/606 864/607/607 927/670/670
f 864/607/607 865/608/608 928/671/671
f 865/608/608 866/609/609 929/672/672
f 866/609/609 867/610/610 930/673/673
f 867/610/610 868/611/611 931/674/674
f 868/611/611 869/612/612 932/675/675
f 869/612/612 870/613/613 933/676/676
f 870/613/613 871/614/614 934/677/677
f 871/614/614 872/615/615 935/678/678
f 872/615/615 873/616/616 936/679/679
f 873/616/616 874/617/617 937/680/680
f 874/617/617 875/618/618 938/681/681
f 875/618/618 876/619/619 939/682/682
f 876/619/619 877/620/620 940/683/683
f 877/620/620 878/621/621 941/684/684
f 878/621/621 879/622/622 942/685/685
f 879/622/622 880/623/623 943/686/686
f 880/623/623 881/624/624 944/687/687
f 881/624/624 882/625/625 945/688/688
f 882/625/625 883/626/626 946/689/689
f 883/626/626 884/627/627 947/690/690
f 884/627/627 885/628/628 948/691/691
f 885/628/628 886/629/629 949/692/692
f 888/631/631 951/694/694 950/693/693
f 889/632/632 952/695/695 951/694/694
f 890/633/633 953/696/696 952/695/695
f 891/634/634 954/697/697 953/696/696
f 892/635/635 955/698/698 954/697/697
f 893/636/636 956/699/699 955/698/698
f 894/637/637 957/700/700 956/699/699
f 895/638/638 958/701/701 957/700/700
f 896/639/639 959/702/702 958/701/701
f 897/640/640 960/703/703 959/702/702
f 898/641/641 961/704/704 960/703/703
f 899/642/642 962/705/705 961/704/704
f 900/643/643 963/706/706 962/705/705
f 901/644/644 964/707/707 963/706/706
f 902/645/645 965/708/708 964/707/707
f 903/646/646 966/709/709 965/708/708
f 904/647/647 967/710/710 966/709/709
f 905/648/648 968/711/711 967/710/710
f 906/649/649 969/712/712 968/711/711
f 907/650/650 970/713/713 969/712/712
f 908/651/651 971/714/714 970/713/713
f 909/652/652 972/715/715 971/714/714
f 910/653/653 973/716/716 972/715/715
f 911/654/654 974/717/717 973/716/716
f 912/655/655 975/718/718 974/717/717
f 913/656/656 976/719/719 975/718/718
f 914/657/657 977/720/720 976/719/719
f 915/659/659 978/722/722 977/720/720
f 915/659/659 916/658/658 979/721/721
f 916/658/658 917/660/660 980/723/723
f 917/660/660 918/661/661 981/724/724
f 918/661/661 919/662/662 982/725/725
f 920/663/663 983/726/726 982/725/725
f 921/665/665 984/728/728 983/726/726
f 921/665/665 922/664/664 985/727/727
f 922/664/664 923/666/666 986/729/729
f 923/666/666 924/667/667 987/730/730
f 924/667/667 925/668/668 988/731/731
f 925/668/668 926/669/669 989/732/732
f 926/669/669 927/670/670 990/733/733
f 927/670/670 928/671/671 991/734/734
f 928/671/671 929/672/672 992/735/735
f 929/672/672 930/673/673 993/736/736
f 930/673/673 931/674/674 994/737/737
f 931/674/674 932/675/675 995/738/738
f 932/675/675 933/676/676 996/739/739
f 933/676/676 934/677/677 997/740/740
f 934/677/677 935/678/678 998/741/741
f 935/678/678 936/679/679 999/742/742
f 936/679/679 937/680/680 1000/743/743
f 937/680/680 938/681/681 1001/744/744
f 938/681/681 939/682/682 1002/745/745
f 939/682/682 940/683/683 1003/746/746
f 940/683/683 941/684/684 1004/747/747
f 941/684/684 942/685/685 1005/748/748
f 942/685/685 943/686/686 1006/749/749
f 943/686/686 944/687/687 1007/750/750
f 944/687/687 945/688/688 1008/751/751
f 945/688/688 946/689/689 1009/752/752
f 946/689/689 947/690/690 1010/753/753
f 947/690/690 948/691/691 1011/754/754
f 948/691/691 949/692/692 1012/755/755
f 951/694/694 1014/757/757 1013/756/756
f 952/695/695 1015/758/758 1014/757/757
f 953/696/696 1016/759/759 1015/758/758
f 954/697/697 1017/760/760 1016/759/759
f 955/698/698 1018/761/761 1017/760/760
f 956/699/699 1019/762/762 1018/761/761
f 957/700/700 1020/763/763 1019/762/762
f 958/701/701 1021/764/764 1020/763/763
f 959/702/702 1022/765/765 1021/764/764
f 960/703/703 1023/766/766 1022/765/765
f 961/704/704 1024/767/767 1023/766/766
f 962/705/705 1025/768/768 1024/767/767
f 963/706/706 1026/769/769 1025/768/768
f 964/707/707 1027/770/770 1026/769/769
f 965/708/708 1028/771/771 1027/770/770
f 966/709/709 1029/772/772 1028/771/771
f 967/710/710 1030/773/773 1029/772/772
f 968/711/711 1031/774/774 1030/773/773
f 969/712/712 1032/775/775 1031/774/774
f 970/713/713 1033/776/776 1032/775/775
f 971/714/714 1034/777/777 1033/776/776
f 972/715/715 1035/778/778 1034/777/777
f 973/716/716 1036/779/779 1035/778/778
f 974/717/717 1037/780/780 1036/779/779
f 975/718/718 1038/781/781 1037/780/780
f 976/719/719 1039/782/782 1038/781/781
f 977/720/720 1040/783/783 1039/782/782
f 978/722/722 1041/785/785 1040/783/783
f 978/722/722 979/721/721 1042/784/784
f 979/721/721 980/723/723 1043/786/786
f 980/723/723 981/724/724 1044/787/787
f 981/724/724 982/725/725 1045/788/788
f 983/726/726 1046/789/789 1045/788/788
f 984/728/728 1047/791/791 1046/789/789
f 984/728/728 985/727/727 1048/790/790
f 985/727/727 986/729/729 1049/792/792
f 986/729/729 987/730/730 1050/793/793
f 987/730/730 988/731/731 1051/794/794
f 988/731/731 989/732/732 1052/795/795
f 989/732/732 990/733/733 1053/796/796
f 990/733/733 991/734/734 1054/797/797
f 991/734/734 992/735/735 1055/798/798
f 992/735/735 993/736/736 1056/799/799
f 993/736/736 994/737/737 1057/800/800
f 994/737/737 995/738/738 1058/801/801
f 995/738/738 996/739/739 1059/802/802
f 996/739/739 997/740/740 1060/803/803
f 997/740/740 998/741/741 1061/804/804
f 998/741/741 999/742/742 1062/805/805
f 999/742/742 1000/743/743 1063/806/806
f 1000/743/743 1001/744/744 1064/807/807
f 1001/744/744 1002/745/745 1065/808/808
f 1002/745/745 1003/746/746 1066/809/809
f 1003/746/746 1004/747/747 1067/810/810
f 1004/747/747 1005/748/748 1068/811/811
f 1005/748/748 1006/749/749 1069/812/812
f 1006/749/749 1007/750/750 1070/813/813
f 1007/750/750 1008/751/751 1071/814/814
f 1008/751/751 1009/752/752 1072/815/815
f 1009/752/752 1010/753/753 1073/816/816
f 1010/753/753 1011/754/754 1074/817/817
f 1011/754/754 1012/755/755 1075/818/818
f 1014/757/757 1077/820/820 1076/819/819
f 1015/758/758 1078/821/821 1077/820/820
f 1016/759/759 1079/822/822 1078/821/821
f 1017/760/760 1080/823/823 1079/822/822
f 1018/761/761 1081/824/824 1080/823/823
f 1019/762/762 1082/825/825 1081/824/824
f 1020/763/763 1083/826/826 1082/825/825
f 1021/764/764 1084/827/827 1083/826/826
f 1022/765/765 1085/828/828 1084/827/827
f 1023/766/766 1086/829/829 1085/828/828
f 1024/767/767 1087/830/830 1086/829/829
f 1025/768/768 1088/831/831 1087/830/830
f 1026/769/769 1089/832/832 1088/831/831
f 1027/770/770 1090/833/833 1089/832/832
f 1028/771/771 1091/834/834 1090/833/833
f 1029/772/772 1092/835/835 1091/834/834
f 1030/773/773 1093/836/836 1092/835/835
f 1031/774/774 1094/837/837 1093/836/836
f 1032/775/775 1095/838/838 1094/837/837
f 1033/776/776 1096/839/839 1095/838/838
f 1034/777/777 1097/840/840 1096/839/839
f 1035/778/778 1098/841/841 1097/840/840
f 1036/779/779 1099/842/842 1098/841/841
f 1037/780/780 1100/843/843 1099/842/842
f 1038/781/781 1101/844/844 1100/843/843
f 1039/782/782 1102/845/845 1101/844/844
f 1040/783/783 1103/846/846 1102/845/845
f 1041/785/785 1104/848/848 1103/846/846
f 1041/785/785 1042/784/784 1105/847/847
f 1042/784/784 1043/786/786 1106/849/849
f 1043/786/786 1044/787/787 1107/850/850
f 1044/787/787 1045/788/788 1108/851/851
f 1046/789/789 1109/852/852 1108/851/851
f 1047/791/791 1110/854/854 1109/852/852
f 1047/791/791 1048/790/790 1111/853/853
f 1048/790/790 1049/792/792 1112/855/855
f 1049/792/792 1050/793/793 1113/856/856
f 1050/793/793 1051/794/794 1114/857/857
f 1051/794/794 1052/795/795 1115/858/858
f 1052/795/795 1053/796/796 1116/859/859
f 1053/796/796 1054/797/797 1117/860/860
f 1054/797/797 1055/798/798 1118/861/861
f 1055/798/798 1056/799/799 1119/862/862
f 1056/799/799 1057/800/800 1120/863/863
f 1057/800/800 1058/801/801 1121/864/864
f 1058/801/801 1059/802/802 1122/865/865
f 1059/802/802 1060/803/803 1123/866/866
f 1060/803/803 1061/804/804 1124/867/867
f 1061/804/804 1062/805/805 1125/868/868
f 1062/805/805 1063/806/806 1126/869/869
f 1063/806/806 1064/807/807 1127/870/870
f 1064/807/807 1065/808/808 1128/871/871
f 1065/808/808 1066/809/809 1129/872/872
f 1066/809/809 1067/810/810 1130/873/873
f 1067/810/810 1068/811/811 1131/874/874
f 1068/811/811 1069/812/812 1132/875/875
f 1069/812/812 1070/813/813 1133/876/876
f 1070/813/813 1071/814/814 1134/877/877
f 1071/814/814 1072/815/815 1135/878/878
f 1072/815/815 1073/816/816 1136/879/879
f 1073/816/816 1074/817/817 1137/880/880
f 1074/817/817 1075/818/818 1138/881/881
f 1077/820/820 1140/883/883 1139/882/882
f 1078/821/821 1141/884/884 1140/883/883
f 1079/822/822 1142/885/885 1141/884/884
f 1080/823/823 1143/886/886 1142/885/885
f 1081/824/824 1144/887/887 1143/886/886
f 1082/825/825 1145/888/888 1144/887/887
f 1083/826/826 1146/889/889 1145/888/888
f 1084/827/827 1147/890/890 1146/889/889
f 1085/828/828 1148/891/891 1147/890/890
f 1086/829/829 1149/892/892 1148/891/891
f 1087/830/830 1150/893/893 1149/892/892
f 1088/831/831 1151/894/894 1150/893/893
f 1089/832/832 1152/895/895 1151/894/894
f 1090/833/833 1153/896/896 1152/895/895
f 1091/834/834 1154/897/897 1153/896/896
f 1092/835/835 1155/898/898 1154/897/897
f 1093/836/836 1156/899/899 1155/898/898
f 1094/837/837 1157/900/900 1156/899/899
f 1095/838/838 1158/901/901 1157/900/900
f 1096/839/839 1159/902/902 1158/901/901
f 1097/840/840 1160/903/903 1159/902/902
f 1098/841/841 1161/904/904 1160/903/903
f 1099/842/842 1162/905/905 1161/904/904
f 1100/843/843 1163/906/906 1162/905/905
f 1101/844/844 1164/907/907 1163/906/906
f 1102/845/845 1165/908/908 1164/907/907
f 1103/846/846 1166/909/909 1165/908/908
f 1104/848/848 1167/910/910 1166/909/909
f 1105/847/847 1168/912/912 1167/910/910
f 1105/847/847 1106/849/849 1169/911/911
f 1106/849/849 1107/850/850 1170/913/913
f 1108/851/851 1171/914/914 1170/913/913
f 1109/852/852 1172/916/916 1171/914/914
f 1109/852/852 1110/854/854 1173/915/915
f 1110/854/854 1111/853/853 1174/917/917
f 1111/853/853 1112/855/855 1175/918/918
f 1112/855/855 1113/856/856 1176/919/919
f 1113/856/856 1114/857/857 1177/920/920
f 1114/857/857 1115/858/858 1178/921/921
f 1115/858/858 1116/859/859 1179/922/922
f 1116/859/859 1117/860/860 1180/923/923
f 1117/860/860 1118/861/861 1181/924/924
f 1118/861/861 1119/862/862 1182/925/925
f 1119/862/862 1120/863/863 1183/926/926
f 1120/863/863 1121/864/864 1184/927/927
f 1121/864/864 1122/865/865 1185/928/928
f 1122/865/865 1123/866/866 1186/929/929
f 1123/866/866 1124/867/867 1187/930/930
f 1124/867/867 1125/868/868 1188/931/931
f 1125/868/868 1126/869/869 1189/932/932
f 1126/869/869 1127/870/870 1190/933/933
f 1127/870/870 1128/871/871 1191/934/934
f 1128/871/871 1129/872/872 1192/935/935
f 1129/872/872 1130/873/873 1193/936/936
f 1130/873/873 1131/874/874 1194/937/937
f 1131/874/874 1132/875/875 1195/938/938
f 1132/875/875 1133/876/876 1196/939/939
f 1133/876/876 1134/877/877 1197/940/940
f 1134/877/877 1135/878/878 1198/941/941
f 1135/878/878 1136/879/879 1199/942/942
f 1136/879/879 1137/880/880 1200/943/943
f 1137/880/880 1138/881/881 1201/944/944
f 1140/883/883 1203/946/946 1202/945/945
f 1141/884/884 1204/947/947 1203/946/946
f 1142/885/885 1205/948/948 1204/947/947
f 1143/886/886 1206/949/949 1205/948/948
f 1144/887/887 1207/950/950 1206/949/949
f 1145/888/888 1208/951/951 1207/950/950
f 1146/889/889 1209/952/952 1208/951/951
f 1147/890/890 1210/953/953 1209/952/952
f 1148/891/891 1211/954/954 1210/953/953
f 1149/892/892 1212/955/955 1211/954/954
f 1150/893/893 1213/956/956 1212/955/955
f 1151/894/894 1214/957/957 1213/956/956
f 1152/895/895 1215/958/958 1214/957/957
f 1153/896/896 1216/959/959 1215/958/958
f 1154/897/897 1217/960/960 1216/959/959
f 1155/898/898 1218/961/961 1217/960/960
f 1156/899/899 1219/962/962 1218/961/961
f 1157/900/900 1220/963/963 1219/962/962
f 1158/901/901 1221/964/964 1220/963/963
f 1159/902/902 1222/965/965 1221/964/964
f 1160/903/903 1223/966/966 1222/965/965
f 1161/904/904 1224/967/967 1223/966/966
f 1162/905/905 1225/968/968 1224/967/967
f 1163/906/906 1226/969/969 1225/968/968
f 1164/907/907 1227/970/970 1226/969/969
f 1165/908/908 1228/971/971 1227/970/970
f 1166/909/909 1229/972/972 1228/971/971
f 1167/910/910 1230/973/973 1229/972/972
f 1168/912/912 1231/975/975 1230/973/973
f 1168/912/912 1169/911/911 1232/974/974
f 1169/911/911 1170/913/913 1233/976/976
f 1171/914/914 1234/977/977 1233/976/976
f 1172/916/916 1235/979/979 1234/977/977
f 1172/916/916 1173/915/915 1236/978/978
f 1173/915/915 1174/917/917 1237/980/980
f 1174/917/917 1175/918/918 1238/981/981
f 1175/918/918 1176/919/919 1239/982/982
f 1176/919/919 1177/920/920 1240/983/983
f 1177/920/920 1178/921/921 1241/984/984
f 1178/921/921 1179/922/922 1242/985/985
f 1179/922/922 1180/923/923 1243/986/986
f 1180/923/923 1181/924/924 1244/987/987
f 1181/924/924 1182/925/925 1245/988/988
f 1182/925/925 1183/926/926 1246/989/989
f 1183/926/926 1184/927/927 1247/990/990
f 1184/927/927 1185/928/928 1248/991/991
f 1185/928/928 1186/929/929 1249/992/992
f 1186/929/929 1187/930/930 1250/993/993
f 1187/930/930 1188/931/931 1251/994/994
f 1188/931/931 1189/932/932 1252/995/995
f 1189/932/932 1190/933/933 1253/996/996
f 1190/933/933 1191/934/934 1254/997/997
f 1191/934/934 1192/935/935 1255/998/998
f 1192/935/935 1193/936/936 1256/999/999
f 1193/936/936 1194/937/937 1257/1000/1000
f 1194/937/937 1195/938/938 1258/1001/1001
f 1195/938/938 1196/939/939 1259/1002/1002
f 1196/939/939 1197/940/940 1260/1003/1003
f 1197/940/940 1198/941/941 1261/1004/1004
f 1198/941/941 1199/942/942 1262/1005/1005
f 1199/942/942 1200/943/943 1263/1006/1006
f 1200/943/943 1201/944/944 1264/1007/1007
f 1203/946/946 1266/1009/1009 1265/1008/1008
f 1204/947/947 1267/1010/1010 1266/1009/1009
f 1205/948/948 1268/1011/1011 1267/1010/1010
f 1206/949/949 1269/1012/1012 1268/1011/1011
f 1207/950/950 1270/1013/1013 1269/1012/1012
f 1208/951/951 1271/1014/1014 1270/1013/1013
f 1209/952/952 1272/1015/1015 1271/1014/1014
f 1210/953/953 1273/1016/1016 1272/1015/1015
f 1211/954/954 1274/1017/1017 1273/1016/1016
f 1212/955/955 1275/1018/1018 1274/1017/1017
f 1213/956/956 1276/1019/1019 1275/1018/1018
f 1214/957/957 1277/1020/1020 1276/1019/1019
f 1215/958/958 1278/1021/1021 1277/1020/1020
f 1216/959/959 1279/1022/1022 1278/1021/1021
f 1217/960/960 1280/1023/1023 1279/1022/1022
f 1218/961/961 1281/1024/1024 1280/1023/1023
f 1219/962/962 1282/1025/1025 1281/1024/1024
f 1220/963/963 1283/1026/1026 1282/1025/1025
f 1221/964/964 1284/1027/1027 1283/1026/1026
f 1222/965/965 1285/1028/1028 1284/1027/1027
f 1223/966/966 1286/1029/1029 1285/1028/1028
f 1224/967/967 1287/1030/1030 1286/1029/1029
f 1225/968/968 1288/1031/1031 1287/1030/1030
f 1226/969/969 1289/1032/1032 1288/1031/1031
f 1227/970/970 1290/1033/1033 1289/1032/1032
f 1228/971/971 1291/1034/1034 1290/1033/1033
f 1229/972/972 1292/1035/1035 1291/1034/1034
f 1230/973/973 1293/1036/1036 1292/1035/1035
f 1231/975/975 1294/1038/1038 1293/1036/1036
f 1231/975/975 1232/974/974 1295/1037/1037
f 1232/974/974 1233/976/976 1296/1039/1039
f 1233/976/976 1234/977/977 1297/1040/1040
f 1235/979/979 1298/1042/1042 1297/1040/1040
f 1235/979/979 1236/978/978 1299/1041/1041
f 1236/978/978 1237/980/980 1300/1043/1043
f 1237/980/980 1238/981/981 1301/1044/1044
f 1238/981/981 1239/982/982 1302/1045/1045
f 1239/982/982 1240/983/983 1303/1046/1046
f 1240/983/983 1241/984/984 1304/1047/1047
f 1241/984/984 1242/985/985 1305/1048/1048
f 1242/985/985 1243/986/986 1306/1049/1049
f 1243/986/986 1244/987/987 1307/1050/1050
f 1244/987/987 1245/988/988 1308/1051/1051
f 1245/988/988 1246/989/989 1309/1052/1052
f 1246/989/989 1247/990/990 1310/1053/1053
f 1247/990/990 1248/991/991 1311/1054/1054
f 1248/991/991 1249/992/992 1312/1055/1055
f 1249/992/992 1250/993/993 1313/1056/1056
f 1250/993/993 1251/994/994 1314/1057/1057
f 1251/994/994 1252/995/995 1315/1058/1058
f 1252/995/995 1253/996/996 1316/1059/1059
f 1253/996/996 1254/997/997 1317/1060/1060
f 1254/997/997 1255/998/998 1318/1061/1061
f 1255/998/998 1256/999/999 1319/1062/1062
f 1256/999/999 1257/1000/1000 1320/1063/1063
f 1257/1000/1000 1258/1001/1001 1321/1064/1064
f 1258/1001/1001 1259/1002/1002 1322/1065/1065
f 1259/1002/1002 1260/1003/1003 1323/1066/1066
f 1260/1003/1003 1261/1004/1004 1324/1067/1067
f 1261/1004/1004 1262/1005/1005 1325/1068/1068
f 1262/1005/1005 1263/1006/1006 1326/1069/1069
f 1263/1006/1006 1264/1007/1007 1327/1070/1070
f 1266/1009/1009 1329/1072/1072 1328/1071/1071
f 1267/1010/1010 1330/1073/1073 1329/1072/1072
f 1268/1011/1011 1331/1074/1074 1330/1073/1073
f 1269/1012/1012 1332/1075/1075 1331/1074/1074
f 1270/1013/1013 1333/1076/1076 1332/1075/1075
f 1271/1014/1014 1334/1077/1077 1333/1076/1076
f 1272/1015/1015 1335/1078/1078 1334/1077/1077
f 1273/1016/1016 1336/1079/1079 1335/1078/1078
f 1274/1017/1017 1337/1080/1080 1336/1079/1079
f 1275/1018/1018 1338/1081/1081 1337/1080/1080
f 1276/1019/1019 1339/1082/1082 1338/1081/1081
f 1277/1020/1020 1340/1083/1083 1339/1082/1082
f 1278/1021/1021 1341/1084/1084 1340/1083/1083
f 1279/1022/1022 1342/1085/1085 1341/1084/1084
f 1280/1023/1023 1343/1086/1086 1342/1085/1085
f 1281/1024/1024 1344/1087/1087 1343/1086/1086
f 1282/1025/1025 1345/1088/1088 1344/1087/1087
f 1283/1026/1026 1346/1089/1089 1345/1088/1088
f 1284/1027/1027 1347/1090/1090 1346/1089/1089
f 1285/1028/1028 1348/1091/1091 1347/1090/1090
f 1286/1029/1029 1349/1092/1092 1348/1091/1091
f 1287/1030/1030 1350/1093/1093 1349/1092/1092
f 1288/1031/1031 1351/1094/1094 1350/1093/1093
f 1289/1032/1032 1352/1095/1095 1351/1094/1094
f 1290/1033/1033 1353/1096/1096 1352/1095/1095
f 1291/1034/1034 1354/1097/1097 1353/1096/1096
f 1292/1035/1035 1355/1098/1098 1354/1097/1097
f 1293/1036/1036 1356/1099/1099 1355/1098/1098
f 1294/1038/1038 1357/1101/1101 1356/1099/1099
f 1294/1038/1038 1295/1037/1037 1358/1100/1100
f 1296/1039/1039 1359/1103/1103 1358/1100/1100
f 1296/1039/1039 1297/1040/1040 1360/1102/1102
f 1298/1042/1042 1361/1105/1105 1360/1102/1102
f 1298/1042/1042 1299/1041/1041 1362/1104/1104
f 1299/1041/1041 1300/1043/1043 1363/1106/1106
f 1300/1043/1043 1301/1044/1044 1364/1107/1107
f 1301/1044/1044 1302/1045/1045 1365/1108/1108
f 1303/1046/1046 1366/1110/1110 1365/1108/1108
f 1303/1046/1046 1304/1047/1047 1367/1109/1109
f 1304/1047/1047 1305/1048/1048 1368/1111/1111
f 1305/1048/1048 1306/1049/1049 1369/1112/1112
f 1306/1049/1049 1307/1050/1050 1370/1113/1113
f 1307/1050/1050 1308/1051/1051 1371/1114/1114
f 1308/1051/1051 1309/1052/1052 1372/1115/1115
f 1309/1052/1052 1310/1053/1053 1373/1116/1116
f 1310/1053/1053 1311/1054/1054 1374/1117/1117
f 1311/1054/1054 1312/1055/1055 1375/1118/1118
f 1312/1055/1055 1313/1056/1056 1376/1119/1119
f 1313/1056/1056 1314/1057/1057 1377/1120/1120
f 1314/1057/1057 1315/1058/1058 1378/1121/1121
f 1315/1058/1058 1316/1059/1059 1379/1122/1122
f 1316/1059/1059 1317/1060/1060 1380/1123/1123
f 1317/1060/1060 1318/1061/1061 1381/1124/1124
f 1318/1061/1061 1319/1062/1062 1382/1125/1125
f 1319/1062/1062 1320/1063/1063 1383/1126/1126
f 1320/1063/1063 1321/1064/1064 1384/1127/1127
f 1321/1064/1064 1322/1065/1065 1385/1128/1128
f 1322/1065/1065 1323/1066/1066 1386/1129/1129
f 1323/1066/1066 1324/1067/1067 1387/1130/1130
f 1324/1067/1067 1325/1068/1068 1388/1131/1131
f 1325/1068/1068 1326/1069/1069 1389/1132/1132
f 1326/1069/1069 1327/1070/1070 1390/1133/1133
f 1329/1072/1072 1392/1135/1135 1391/1134/1134
f 1330/1073/1073 1393/1136/1136 1392/1135/1135
f 1331/1074/1074 1394/1137/1137 1393/1136/1136
f 1332/1075/1075 1395/1138/1138 1394/1137/1137
f 1333/1076/1076 1396/1139/1139 1395/1138/1138
f 1334/1077/1077 1397/1140/1140 1396/1139/1139
f 1335/1078/1078 1398/1141/1141 1397/1140/1140
f 1336/1079/1079 1399/1142/1142 1398/1141/1141
f 1337/1080/1080 1400/1143/1143 1399/1142/1142
f 1338/1081/1081 1401/1144/1144 1400/1143/1143
f 1339/1082/1082 1402/1145/1145 1401/1144/1144
f 1340/1083/1083 1403/1146/1146 1402/1145/1145
f 1341/1084/1084 1404/1147/1147 1403/1146/1146
f 1342/1085/1085 1405/1148/1148 1404/1147/1147
f 1343/1086/1086 1406/1149/1149 1405/1148/1148
f 1344/1087/1087 1407/1150/1150 1406/1149/1149
f 1345/1088/1088 1408/1151/1151 1407/1150/1150
f 1346/1089/1089 1409/1152/1152 1408/1151/1151
f 1347/1090/1090 1410/1153/1153 1409/1152/1152
f 1348/1091/1091 1411/1154/1154 1410/1153/1153
f 1349/1092/1092 1412/1155/1155 1411/1154/1154
f 1350/1093/1093 1413/1156/1156 1412/1155/1155
f 1351/1094/1094 1414/1157/1157 1413/1156/1156
f 1352/1095/1095 1415/1158/1158 1414/1157/1157
f 1353/1096/1096 1416/1160/1160 1415/1158/1158
f 1353/1096/1096 1354/1097/1097 1417/1159/1159
f 1355/1098/1098 1418/1161/1161 1417/1159/1159
f 1356/1099/1099 1419/1162/1162 1418/1161/1161
f 1357/1101/1101 1420/1163/1163 1419/1162/1162
f 1358/1100/1100 1421/1164/1164 1420/1163/1163
f 1359/1103/1103 1422/1166/1166 1421/1164/1164
f 1359/1103/1103 1360/1102/1102 1423/1165/1165
f 1361/1105/1105 1424/1168/1168 1423/1165/1165
f 1361/1105/1105 1362/1104/1104 1425/1167/1167
f 1362/1104/1104 1363/1106/1106 1426/1169/1169
f 1363/1106/1106 1364/1107/1107 1427/1170/1170
f 1364/1107/1107 1365/1108/1108 1428/1171/1171
f 1365/1108/1108 1366/1110/1110 1429/1172/1172
f 1366/1110/1110 1367/1109/1109 1430/1173/1173
f 1367/1109/1109 1368/1111/1111 1431/1174/1174
f 1368/1111/1111 1369/1112/1112 1432/1175/1175
f 1369/1112/1112 1370/1113/1113 1433/1176/1176
f 1370/1113/1113 1371/1114/1114 1434/1177/1177
f 1371/1114/1114 1372/1115/1115 1435/1178/1178
f 1372/1115/1115 1373/1116/1116 1436/1179/1179
f 1373/1116/1116 1374/1117/1117 1437/1180/1180
f 1374/1117/1117 1375/1118/1118 1438/1181/1181
f 1375/1118/1118 1376/1119/1119 1439/1182/1182
f 1376/1119/1119 1377/1120/1120 1440/1183/1183
f 1377/1120/1120 1378/1121/1121 1441/1184/1184
f 1378/1121/1121 1379/1122/1122 1442/1185/1185
f 1379/1122/1122 1380/1123/1123 1443/1186/1186
f 1380/1123/1123 1381/1124/1124 1444/1187/1187
f 1381/1124/1124 1382/1125/1125 1445/1188/1188
f 1382/1125/1125 1383/1126/1126 1446/1189/1189
f 1383/1126/1126 1384/1127/1127 1447/1190/1190
f 1384/1127/1127 1385/1128/1128 1448/1191/1191
f 1385/1128/1128 1386/1129/1129 1449/1192/1192
f 1386/1129/1129 1387/1130/1130 1450/1193/1193
f 1387/1130/1130 1388/1131/1131 1451/1194/1194
f 1389/1132/1132 1452/1195/1195 1451/1194/1194
f 1390/1133/1133 1453/4049/4049 1452/1195/1195
f 1391/1134/1134 1392/1135/1135 1455/1196/1196
f 1393/1136/1136 1456/1198/1198 1455/1196/1196
f 1394/1137/1137 1457/1199/1199 1456/1198/1198
f 1395/1138/1138 1458/1200/1200 1457/1199/1199
f 1396/1139/1139 1459/1201/1201 1458/1200/1200
f 1397/1140/1140 1460/1202/1202 1459/1201/1201
f 1398/1141/1141 1461/1203/1203 1460/1202/1202
f 1399/1142/1142 1462/1204/1204 1461/1203/1203
f 1400/1143/1143 1463/1205/1205 1462/1204/1204
f 1401/1144/1144 1464/1206/1206 1463/1205/1205
f 1402/1145/1145 1465/1207/1207 1464/1206/1206
f 1403/1146/1146 1466/1208/1208 1465/1207/1207
f 1404/1147/1147 1467/1209/1209 1466/1208/1208
f 1405/1148/1148 1468/1210/1210 1467/1209/1209
f 1406/1149/1149 1469/1211/1211 1468/1210/1210
f 1407/1150/1150 1470/1212/1212 1469/1211/1211
f 1408/1151/1151 1471/1213/1213 1470/1212/1212
f 1409/1152/1152 1472/1214/1214 1471/1213/1213
f 1410/1153/1153 1473/1215/1215 1472/1214/1214
f 1411/1154/1154 1474/1216/1216 1473/1215/1215
f 1412/1155/1155 1475/1217/1217 1474/1216/1216
f 1413/1156/1156 1476/1218/1218 1475/1217/1217
f 1414/1157/1157 1477/1219/1219 1476/1218/1218
f 1415/1158/1158 1478/1220/1220 1477/1219/1219
f 1416/1160/1160 1479/1221/1221 1478/1220/1220
f 1417/1159/1159 1480/1222/1222 1479/1221/1221
f 1418/1161/1161 1481/1223/1223 1480/1222/1222
f 1419/1162/1162 1482/1224/1224 1481/1223/1223
f 1420/1163/1163 1483/1225/1225 1482/1224/1224
f 1421/1164/1164 1484/1227/1227 1483/1225/1225
f 1421/1164/1164 1422/1166/1166 1485/1226/1226
f 1422/1166/1166 1423/1165/1165 1486/1228/1228
f 1423/1165/1165 1424/1168/1168 1487/1229/1229
f 1424/1168/1168 1425/1167/1167 1488/1230/1230
f 1425/1167/1167 1426/1169/1169 1489/1231/1231
f 1426/1169/1169 1427/1170/1170 1490/1232/1232
f 1428/1171/1171 1491/1234/1234 1490/1232/1232
f 1428/1171/1171 1429/1172/1172 1492/1233/1233
f 1429/1172/1172 1430/1173/1173 1493/1235/1235
f 1430/1173/1173 1431/1174/1174 1494/1236/1236
f 1431/1174/1174 1432/1175/1175 1495/1237/1237
f 1432/1175/1175 1433/1176/1176 1496/1238/1238
f 1433/1176/1176 1434/1177/1177 1497/1239/1239
f 1434/1177/1177 1435/1178/1178 1498/1240/1240
f 1435/1178/1178 1436/1179/1179 1499/1241/1241
f 1436/1179/1179 1437/1180/1180 1500/1242/1242
f 1437/1180/1180 1438/1181/1181 1501/1243/1243
f 1438/1181/1181 1439/1182/1182 1502/1244/1244
f 1439/1182/1182 1440/1183/1183 1503/1245/1245
f 1440/1183/1183 1441/1184/1184 1504/1246/1246
f 1441/1184/1184 1442/1185/1185 1505/1247/1247
f 1442/1185/1185 1443/1186/1186 1506/1248/1248
f 1443/1186/1186 1444/1187/1187 1507/1249/1249
f 1444/1187/1187 1445/1188/1188 1508/1250/1250
f 1445/1188/1188 1446/1189/1189 1509/1251/1251
f 1446/1189/1189 1447/1190/1190 1510/1252/1252
f 1447/1190/1190 1448/1191/1191 1511/1253/1253
f 1448/1191/1191 1449/1192/1192 1512/1254/1254
f 1450/1193/1193 1513/1256/1256 1512/1254/1254
f 1450/1193/1193 1451/1194/1194 1514/1255/1255
f 1451/1194/1194 1452/1195/1195 1515/1257/1257
f 1452/1195/1195 1453/4049/4049 1516/1258/1258
f 1454/1197/1197 1455/1196/1196 1518/1259/1259
f 1455/1196/1196 1456/1198/1198 1519/1261/1261
f 1457/1199/1199 1520/1262/1262 1519/1261/1261
f 1458/1200/1200 1521/1263/1263 1520/1262/1262
f 1459/1201/1201 1522/1264/1264 1521/1263/1263
f 1460/1202/1202 1523/1265/1265 1522/1264/1264
f 1461/1203/1203 1524/1266/1266 1523/1265/1265
f 1462/1204/1204 1525/1267/1267 1524/1266/1266
f 1463/1205/1205 1526/1268/1268 1525/1267/1267
f 1464/1206/1206 1527/1269/1269 1526/1268/1268
f 1465/1207/1207 1528/1270/1270 1527/1269/1269
f 1466/1208/1208 1529/1271/1271 1528/1270/1270
f 1467/1209/1209 1530/1272/1272 1529/1271/1271
f 1468/1210/1210 1531/1273/1273 1530/1272/1272
f 1469/1211/1211 1532/1274/1274 1531/1273/1273
f 1470/1212/1212 1533/1275/1275 1532/1274/1274
f 1471/1213/1213 1534/1276/1276 1533/1275/1275
f 1472/1214/1214 1535/1277/1277 1534/1276/1276
f 1473/1215/1215 1536/1278/1278 1535/1277/1277
f 1474/1216/1216 1537/1279/1279 1536/1278/1278
f 1475/1217/1217 1538/1280/1280 1537/1279/1279
f 1476/1218/1218 1539/1281/1281 1538/1280/1280
f 1477/1219/1219 1540/1282/1282 1539/1281/1281
f 1478/1220/1220 1541/1283/1283 1540/1282/1282
f 1479/1221/1221 1542/1284/1284 1541/1283/1283
f 1480/1222/1222 1543/1286/1286 1542/1284/1284
f 1480/1222/1222 1481/1223/1223 1544/1285/1285
f 1482/1224/1224 1545/1287/1287 1544/1285/1285
f 1483/1225/1225 1546/1288/1288 1545/1287/1287
f 1484/1227/1227 1547/1290/1290 1546/1288/1288
f 1484/1227/1227 1485/1226/1226 1548/1289/1289
f 1486/1228/1228 1549/1292/1292 1548/1289/1289
f 1486/1228/1228 1487/1229/1229 1550/1291/1291
f 1487/1229/1229 1488/1230/1230 1551/1293/1293
f 1488/1230/1230 1489/1231/1231 1552/1294/1294
f 1489/1231/1231 1490/1232/1232 1553/1295/1295
f 1490/1232/1232 1491/1234/1234 1554/1296/1296
f 1491/1234/1234 1492/1233/1233 1555/1297/1297
f 1492/1233/1233 1493/1235/1235 1556/1298/1298
f 1493/1235/1235 1494/1236/1236 1557/1299/1299
f 1494/1236/1236 1495/1237/1237 1558/1300/1300
f 1495/1237/1237 1496/1238/1238 1559/1301/1301
f 1496/1238/1238 1497/1239/1239 1560/1302/1302
f 1497/1239/1239 1498/1240/1240 1561/1303/1303
f 1498/1240/1240 1499/1241/1241 1562/1304/1304
f 1499/1241/1241 1500/1242/1242 1563/1305/1305
f 1500/1242/1242 1501/1243/1243 1564/1306/1306
f 1501/1243/1243 1502/1244/1244 1565/1307/1307
f 1502/1244/1244 1503/1245/1245 1566/1308/1308
f 1503/1245/1245 1504/1246/1246 1567/1309/1309
f 1504/1246/1246 1505/1247/1247 1568/1310/1310
f 1505/1247/1247 1506/1248/1248 1569/1311/1311
f 1506/1248/1248 1507/1249/1249 1570/1312/1312
f 1507/1249/1249 1508/1250/1250 1571/1313/1313
f 1508/1250/1250 1509/1251/1251 1572/1314/1314
f 1509/1251/1251 1510/1252/1252 1573/1315/1315
f 1510/1252/1252 1511/1253/1253 1574/1316/1316
f 1511/1253/1253 1512/1254/1254 1575/1317/1317
f 1512/1254/1254 1513/1256/1256 1576/1318/1318
f 1513/1256/1256 1514/1255/1255 1577/1319/1319
f 1514/1255/1255 1515/1257/1257 1578/1320/1320
f 1515/1257/1257 1516/1258/1258 1579/1321/1321
f 1517/1260/1260 1518/1259/1259 1581/1322/1322
f 1518/1259/1259 1519/1261/1261 1582/1324/1324
f 1520/1262/1262 1583/1325/1325 1582/1324/1324
f 1521/1263/1263 1584/1326/1326 1583/1325/1325
f 1522/1264/1264 1585/1327/1327 1584/1326/1326
f 1523/1265/1265 1586/1328/1328 1585/1327/1327
f 1524/1266/1266 1587/1329/1329 1586/1328/1328
f 1525/1267/1267 1588/1330/1330 1587/1329/1329
f 1526/1268/1268 1589/1331/1331 1588/1330/1330
f 1527/1269/1269 1590/1332/1332 1589/1331/1331
f 1528/1270/1270 1591/1333/1333 1590/1332/1332
f 1529/1271/1271 1592/1334/1334 1591/1333/1333
f 1530/1272/1272 1593/1335/1335 1592/1334/1334
f 1531/1273/1273 1594/1336/1336 1593/1335/1335
f 1532/1274/1274 1595/1337/1337 1594/1336/1336
f 1533/1275/1275 1596/1338/1338 1595/1337/1337
f 1534/1276/1276 1597/1339/1339 1596/1338/1338
f 1535/1277/1277 1598/1340/1340 1597/1339/1339
f 1536/1278/1278 1599/1341/1341 1598/1340/1340
f 1537/1279/1279 1600/1342/1342 1599/1341/1341
f 1538/1280/1280 1601/1343/1343 1600/1342/1342
f 1539/1281/1281 1602/1344/1344 1601/1343/1343
f 1540/1282/1282 1603/1345/1345 1602/1344/1344
f 1541/1283/1283 1604/1346/1346 1603/1345/1345
f 1542/1284/1284 1605/1347/1347 1604/1346/1346
f 1543/1286/1286 1606/1348/1348 1605/1347/1347
f 1544/1285/1285 1607/1349/1349 1606/1348/1348
f 1545/1287/1287 1608/1350/1350 1607/1349/1349
f 1546/1288/1288 1609/1351/1351 1608/1350/1350
f 1547/1290/1290 1610/1353/1353 1609/1351/1351
f 1547/1290/1290 1548/1289/1289 1611/1352/1352
f 1549/1292/1292 1612/1355/1355 1611/1352/1352
f 1549/1292/1292 1550/1291/1291 1613/1354/1354
f 1550/1291/1291 1551/1293/1293 1614/1356/1356
f 1551/1293/1293 1552/1294/1294 1615/1357/1357
f 1552/1294/1294 1553/1295/1295 1616/1358/1358
f 1553/1295/1295 1554/1296/1296 1617/1359/1359
f 1555/1297/1297 1618/1361/1361 1617/1359/1359
f 1555/1297/1297 1556/1298/1298 1619/1360/1360
f 1556/1298/1298 1557/1299/1299 1620/1362/1362
f 1557/1299/1299 1558/1300/1300 1621/1363/1363
f 1558/1300/1300 1559/1301/1301 1622/1364/1364
f 1559/1301/1301 1560/1302/1302 1623/1365/1365
f 1560/1302/1302 1561/1303/1303 1624/1366/1366
f 1561/1303/1303 1562/1304/1304 1625/1367/1367
f 1562/1304/1304 1563/1305/1305 1626/1368/1368
f 1563/1305/1305 1564/1306/1306 1627/1369/1369
f 1564/1306/1306 1565/1307/1307 1628/1370/1370
f 1565/1307/1307 1566/1308/1308 1629/1371/1371
f 1566/1308/1308 1567/1309/1309 1630/1372/1372
f 1567/1309/1309 1568/1310/1310 1631/1373/1373
f 1568/1310/1310 1569/1311/1311 1632/1374/1374
f 1569/1311/1311 1570/1312/1312 1633/1375/1375
f 1570/1312/1312 1571/1313/1313 1634/1376/1376
f 1571/1313/1313 1572/1314/1314 1635/1377/1377
f 1572/1314/1314 1573/1315/1315 1636/1378/1378
f 1573/1315/1315 1574/1316/1316 1637/1379/1379
f 1574/1316/1316 1575/1317/1317 1638/1380/1380
f 1575/1317/1317 1576/1318/1318 1639/1381/1381
f 1576/1318/1318 1577/1319/1319 1640/1382/1382
f 1577/1319/1319 1578/1320/1320 1641/1383/1383
f 1578/1320/1320 1579/1321/1321 1642/1384/1384
f 1581/1322/1322 1644/1386/1386 1643/1385/1385
f 1582/1324/1324 1645/1388/1388 1644/1386/1386
f 1582/1324/1324 1583/1325/1325 1646/1387/1387
f 1583/1325/1325 1584/1326/1326 1647/1389/1389
f 1584/1326/1326 1585/1327/1327 1648/1390/1390
f 1586/1328/1328 1649/1391/1391 1648/1390/1390
f 1587/1329/1329 1650/1392/1392 1649/1391/1391
f 1588/1330/1330 1651/1393/1393 1650/1392/1392
f 1589/1331/1331 1652/1394/1394 1651/1393/1393
f 1590/1332/1332 1653/1395/1395 1652/1394/1394
f 1591/1333/1333 1654/1396/1396 1653/1395/1395
f 1592/1334/1334 1655/1397/1397 1654/1396/1396
f 1593/1335/1335 1656/1398/1398 1655/1397/1397
f 1594/1336/1336 1657/1399/1399 1656/1398/1398
f 1595/1337/1337 1658/1400/1400 1657/1399/1399
f 1596/1338/1338 1659/1401/1401 1658/1400/1400
f 1597/1339/1339 1660/1402/1402 1659/1401/1401
f 1598/1340/1340 1661/1403/1403 1660/1402/1402
f 1599/1341/1341 1662/1404/1404 1661/1403/1403
f 1600/1342/1342 1663/1405/1405 1662/1404/1404
f 1601/1343/1343 1664/1406/1406 1663/1405/1405
f 1602/1344/1344 1665/1407/1407 1664/1406/1406
f 1603/1345/1345 1666/1408/1408 1665/1407/1407
f 1604/1346/1346 1667/1409/1409 1666/1408/1408
f 1605/1347/1347 1668/1410/1410 1667/1409/1409
f 1606/1348/1348 1669/1411/1411 1668/1410/1410
f 1607/1349/1349 1670/1412/1412 1669/1411/1411
f 1608/1350/1350 1671/1413/1413 1670/1412/1412
f 1609/1351/1351 1672/1414/1414 1671/1413/1413
f 1610/1353/1353 1673/1415/1415 1672/1414/1414
f 1611/1352/1352 1674/1416/1416 1673/1415/1415
f 1612/1355/1355 1675/1418/1418 1674/1416/1416
f 1612/1355/1355 1613/1354/1354 1676/1417/1417
f 1613/1354/1354 1614/1356/1356 1677/1419/1419
f 1614/1356/1356 1615/1357/1357 1678/1420/1420
f 1615/1357/1357 1616/1358/1358 1679/1421/1421
f 1616/1358/1358 1617/1359/1359 1680/1422/1422
f 1617/1359/1359 1618/1361/1361 1681/1423/1423
f 1618/1361/1361 1619/1360/1360 1682/1424/1424
f 1619/1360/1360 1620/1362/1362 1683/1425/1425
f 1620/1362/1362 1621/1363/1363 1684/1426/1426
f 1621/1363/1363 1622/1364/1364 1685/1427/1427
f 1622/1364/1364 1623/1365/1365 1686/1428/1428
f 1623/1365/1365 1624/1366/1366 1687/1429/1429
f 1624/1366/1366 1625/1367/1367 1688/1430/1430
f 1625/1367/1367 1626/1368/1368 1689/1431/1431
f 1626/1368/1368 1627/1369/1369 1690/1432/1432
f 1627/1369/1369 1628/1370/1370 1691/1433/1433
f 1628/1370/1370 1629/1371/1371 1692/1434/1434
f 1629/1371/1371 1630/1372/1372 1693/1435/1435
f 1630/1372/1372 1631/1373/1373 1694/1436/1436
f 1631/1373/1373 1632/1374/1374 1695/1437/1437
f 1632/1374/1374 1633/1375/1375 1696/1438/1438
f 1633/1375/1375 1634/1376/1376 1697/1439/1439
f 1634/1376/1376 1635/1377/1377 1698/1440/1440
f 1635/1377/1377 1636/1378/1378 1699/1441/1441
f 1636/1378/1378 1637/1379/1379 1700/1442/1442
f 1637/1379/1379 1638/1380/1380 1701/1443/1443
f 1638/1380/1380 1639/1381/1381 1702/1444/1444
f 1639/1381/1381 1640/1382/1382 1703/1445/1445
f 1640/1382/1382 1641/1383/1383 1704/1446/1446
f 1641/1383/1383 1642/1384/1384 1705/1447/1447
f 1644/1386/1386 1707/1449/1449 1706/1448/1448
f 1645/1388/1388 1708/1450/1450 1707/1449/1449
f 1646/1387/1387 1709/1451/1451 1708/1450/1450
f 1647/1389/1389 1710/1453/1453 1709/1451/1451
f 1647/1389/1389 1648/1390/1390 1711/1452/1452
f 1648/1390/1390 1649/1391/1391 1712/1454/1454
f 1649/1391/1391 1650/1392/1392 1713/1455/1455
f 1650/1392/1392 1651/1393/1393 1714/1456/1456
f 1651/1393/1393 1652/1394/1394 1715/1457/1457
f 1653/1395/1395 1716/1458/1458 1715/1457/1457
f 1654/1396/1396 1717/1459/1459 1716/1458/1458
f 1655/1397/1397 1718/1460/1460 1717/1459/1459
f 1656/1398/1398 1719/1461/1461 1718/1460/1460
f 1657/1399/1399 1720/1462/1462 1719/1461/1461
f 1658/1400/1400 1721/1463/1463 1720/1462/1462
f 1659/1401/1401 1722/1464/1464 1721/1463/1463
f 1660/1402/1402 1723/1465/1465 1722/1464/1464
f 1661/1403/1403 1724/1466/1466 1723/1465/1465
f 1662/1404/1404 1725/1467/1467 1724/1466/1466
f 1663/1405/1405 1726/1468/1468 1725/1467/1467
f 1664/1406/1406 1727/1469/1469 1726/1468/1468
f 1665/1407/1407 1728/1470/1470 1727/1469/1469
f 1666/1408/1408 1729/1471/1471 1728/1470/1470
f 1667/1409/1409 1730/1472/1472 1729/1471/1471
f 1668/1410/1410 1731/1473/1473 1730/1472/1472
f 1669/1411/1411 1732/1474/1474 1731/1473/1473
f 1670/1412/1412 1733/1475/1475 1732/1474/1474
f 1671/1413/1413 1734/1476/1476 1733/1475/1475
f 1672/1414/1414 1735/1477/1477 1734/1476/1476
f 1673/1415/1415 1736/1478/1478 1735/1477/1477
f 1674/1416/1416 1737/1479/1479 1736/1478/1478
f 1675/1418/1418 1738/1481/1481 1737/1479/1479
f 1675/1418/1418 1676/1417/1417 1739/1480/1480
f 1676/1417/1417 1677/1419/1419 1740/1482/1482
f 1677/1419/1419 1678/1420/1420 1741/1483/1483
f 1678/1420/1420 1679/1421/1421 1742/1484/1484
f 1679/1421/1421 1680/1422/1422 1743/1485/1485
f 1680/1422/1422 1681/1423/1423 1744/1486/1486
f 1681/1423/1423 1682/1424/1424 1745/1487/1487
f 1682/1424/1424 1683/1425/1425 1746/1488/1488
f 1683/1425/1425 1684/1426/1426 1747/1489/1489
f 1684/1426/1426 1685/1427/1427 1748/1490/1490
f 1685/1427/1427 1686/1428/1428 1749/1491/1491
f 1686/1428/1428 1687/1429/1429 1750/1492/1492
f 1687/1429/1429 1688/1430/1430 1751/1493/1493
f 1688/1430/1430 1689/1431/1431 1752/1494/1494
f 1689/1431/1431 1690/1432/1432 1753/1495/1495
f 1690/1432/1432 1691/1433/1433 1754/1496/1496
f 1691/1433/1433 1692/1434/1434 1755/1497/1497
f 1692/1434/1434 1693/1435/1435 1756/1498/1498
f 1693/1435/1435 1694/1436/1436 1757/1499/1499
f 1694/1436/1436 1695/1437/1437 1758/1500/1500
f 1695/1437/1437 1696/1438/1438 1759/1501/1501
f 1696/1438/1438 1697/1439/1439 1760/1502/1502
f 1697/1439/1439 1698/1440/1440 1761/1503/1503
f 1698/1440/1440 1699/1441/1441 1762/1504/1504
f 1699/1441/1441 1700/1442/1442 1763/1505/1505
f 1700/1442/1442 1701/1443/1443 1764/1506/1506
f 1701/1443/1443 1702/1444/1444 1765/1507/1507
f 1702/1444/1444 1703/1445/1445 1766/1508/1508
f 1703/1445/1445 1704/1446/1446 1767/1509/1509
f 1704/1446/1446 1705/1447/1447 1768/1510/1510
f 1707/1449/1449 1770/1512/1512 1769/1511/1511
f 1708/1450/1450 1771/1513/1513 1770/1512/1512
f 1709/1451/1451 1772/1514/1514 1771/1513/1513
f 1710/1453/1453 1773/1515/1515 1772/1514/1514
f 1711/1452/1452 1774/1516/1516 1773/1515/1515
f 1712/1454/1454 1775/1517/1517 1774/1516/1516
f 1713/1455/1455 1776/1519/1519 1775/1517/1517
f 1713/1455/1455 1714/1456/1456 1777/1518/1518
f 1714/1456/1456 1715/1457/1457 1778/1520/1520
f 1715/1457/1457 1716/1458/1458 1779/1521/1521
f 1716/1458/1458 1717/1459/1459 1780/1522/1522
f 1717/1459/1459 1718/1460/1460 1781/1523/1523
f 1718/1460/1460 1719/1461/1461 1782/1524/1524
f 1720/1462/1462 1783/1525/1525 1782/1524/1524
f 1721/1463/1463 1784/1527/1527 1783/1525/1525
f 1721/1463/1463 1722/1464/1464 1785/1526/1526
f 1723/1465/1465 1786/1528/1528 1785/1526/1526
f 1724/1466/1466 1787/1529/1529 1786/1528/1528
f 1725/1467/1467 1788/1530/1530 1787/1529/1529
f 1726/1468/1468 1789/1531/1531 1788/1530/1530
f 1727/1469/1469 1790/1532/1532 1789/1531/1531
f 1728/1470/1470 1791/1533/1533 1790/1532/1532
f 1729/1471/1471 1792/1534/1534 1791/1533/1533
f 1730/1472/1472 1793/1535/1535 1792/1534/1534
f 1731/1473/1473 1794/1536/1536 1793/1535/1535
f 1732/1474/1474 1795/1537/1537 1794/1536/1536
f 1733/1475/1475 1796/1538/1538 1795/1537/1537
f 1734/1476/1476 1797/1539/1539 1796/1538/1538
f 1735/1477/1477 1798/1540/1540 1797/1539/1539
f 1736/1478/1478 1799/1541/1541 1798/1540/1540
f 1737/1479/1479 1800/1542/1542 1799/1541/1541
f 1738/1481/1481 1801/1544/1544 1800/1542/1542
f 1738/1481/1481 1739/1480/1480 1802/1543/1543
f 1739/1480/1480 1740/1482/1482 1803/1545/1545
f 1740/1482/1482 1741/1483/1483 1804/1546/1546
f 1741/1483/1483 1742/1484/1484 1805/1547/1547
f 1742/1484/1484 1743/1485/1485 1806/1548/1548
f 1743/1485/1485 1744/1486/1486 1807/1549/1549
f 1744/1486/1486 1745/1487/1487 1808/1550/1550
f 1745/1487/1487 1746/1488/1488 1809/1551/1551
f 1746/1488/1488 1747/1489/1489 1810/1552/1552
f 1747/1489/1489 1748/1490/1490 1811/1553/1553
f 1748/1490/1490 1749/1491/1491 1812/1554/1554
f 1749/1491/1491 1750/1492/1492 1813/1555/1555
f 1750/1492/1492 1751/1493/1493 1814/1556/1556
f 1751/1493/1493 1752/1494/1494 1815/1557/1557
f 1752/1494/1494 1753/1495/1495 1816/1558/1558
f 1753/1495/1495 1754/1496/1496 1817/1559/1559
f 1754/1496/1496 1755/1497/1497 1818/1560/1560
f 1755/1497/1497 1756/1498/1498 1819/1561/1561
f 1756/1498/1498 1757/1499/1499 1820/1562/1562
f 1757/1499/1499 1758/1500/1500 1821/1563/1563
f 1758/1500/1500 1759/1501/1501 1822/1564/1564
f 1759/1501/1501 1760/1502/1502 1823/1565/1565
f 1760/1502/1502 1761/1503/1503 1824/1566/1566
f 1761/1503/1503 1762/1504/1504 1825/1567/1567
f 1762/1504/1504 1763/1505/1505 1826/1568/1568
f 1763/1505/1505 1764/1506/1506 1827/1569/1569
f 1764/1506/1506 1765/1507/1507 1828/1570/1570
f 1765/1507/1507 1766/1508/1508 1829/1571/1571
f 1766/1508/1508 1767/1509/1509 1830/1572/1572
f 1767/1509/1509 1768/1510/1510 1831/1573/1573
f 1770/1512/1512 1833/1575/1575 1832/1574/1574
f 1771/1513/1513 1834/1576/1576 1833/1575/1575
f 1772/1514/1514 1835/1577/1577 1834/1576/1576
f 1773/1515/1515 1836/1578/1578 1835/1577/1577
f 1774/1516/1516 1837/1579/1579 1836/1578/1578
f 1775/1517/1517 1838/1580/1580 1837/1579/1579
f 1776/1519/1519 1839/1581/1581 1838/1580/1580
f 1777/1518/1518 1840/1582/1582 1839/1581/1581
f 1778/1520/1520 1841/1583/1583 1840/1582/1582
f 1779/1521/1521 1842/1585/1585 1841/1583/1583
f 1779/1521/1521 1780/1522/1522 1843/1584/1584
f 1780/1522/1522 1781/1523/1523 1844/1586/1586
f 1781/1523/1523 1782/1524/1524 1845/1587/1587
f 1783/1525/1525 1846/1588/1588 1845/1587/1587
f 1784/1527/1527 1847/1589/1589 1846/1588/1588
f 1785/1526/1526 1848/1590/1590 1847/1589/1589
f 1786/1528/1528 1849/1592/1592 1848/1590/1590
f 1786/1528/1528 1787/1529/1529 1850/1591/1591
f 1787/1529/1529 1788/1530/1530 1851/1593/1593
f 1789/1531/1531 1852/1594/1594 1851/1593/1593
f 1790/1532/1532 1853/1595/1595 1852/1594/1594
f 1791/1533/1533 1854/1596/1596 1853/1595/1595
f 1792/1534/1534 1855/1597/1597 1854/1596/1596
f 1793/1535/1535 1856/1598/1598 1855/1597/1597
f 1794/1536/1536 1857/1599/1599 1856/1598/1598
f 1795/1537/1537 1858/1600/1600 1857/1599/1599
f 1796/1538/1538 1859/1601/1601 1858/1600/1600
f 1797/1539/1539 1860/1602/1602 1859/1601/1601
f 1798/1540/1540 1861/1603/1603 1860/1602/1602
f 1799/1541/1541 1862/1604/1604 1861/1603/1603
f 1800/1542/1542 1863/1606/1606 1862/1604/1604
f 1800/1542/1542 1801/1544/1544 1864/1605/1605
f 1801/1544/1544 1802/1543/1543 1865/1607/1607
f 1802/1543/1543 1803/1545/1545 1866/1608/1608
f 1803/1545/1545 1804/1546/1546 1867/1609/1609
f 1804/1546/1546 1805/1547/1547 1868/1610/1610
f 1805/1547/1547 1806/1548/1548 1869/1611/1611
f 1806/1548/1548 1807/1549/1549 1870/1612/1612
f 1807/1549/1549 1808/1550/1550 1871/1613/1613
f 1808/1550/1550 1809/1551/1551 1872/1614/1614
f 1809/1551/1551 1810/1552/1552 1873/1615/1615
f 1810/1552/1552 1811/1553/1553 1874/1616/1616
f 1811/1553/1553 1812/1554/1554 1875/1617/1617
f 1812/1554/1554 1813/1555/1555 1876/1618/1618
f 1813/1555/1555 1814/1556/1556 1877/1619/1619
f 1814/1556/1556 1815/1557/1557 1878/1620/1620
f 1815/1557/1557 1816/1558/1558 1879/1621/1621
f 1816/1558/1558 1817/1559/1559 1880/1622/1622
f 1817/1559/1559 1818/1560/1560 1881/1623/1623
f 1818/1560/1560 1819/1561/1561 1882/1624/1624
f 1819/1561/1561 1820/1562/1562 1883/1625/1625
f 1820/1562/1562 1821/1563/1563 1884/1626/1626
f 1821/1563/1563 1822/1564/1564 1885/1627/1627
f 1822/1564/1564 1823/1565/1565 1886/1628/1628
f 1823/1565/1565 1824/1566/1566 1887/1629/1629
f 1824/1566/1566 1825/1567/1567 1888/1630/1630
f 1825/1567/1567 1826/1568/1568 1889/1631/1631
f 1826/1568/1568 1827/1569/1569 1890/1632/1632
f 1827/1569/1569 1828/1570/1570 1891/1633/1633
f 1828/1570/1570 1829/1571/1571 1892/1634/1634
f 1829/1571/1571 1830/1572/1572 1893/1635/1635
f 1830/1572/1572 1831/1573/1573 1894/1636/1636
f 1833/1575/1575 1896/1638/1638 1895/1637/1637
f 1834/1576/1576 1897/1639/1639 1896/1638/1638
f 1835/1577/1577 1898/1640/1640 1897/1639/1639
f 1836/1578/1578 1899/1641/1641 1898/1640/1640
f 1837/1579/1579 1900/1642/1642 1899/1641/1641
f 1838/1580/1580 1901/1643/1643 1900/1642/1642
f 1839/1581/1581 1902/1644/1644 1901/1643/1643
f 1840/1582/1582 1903/1645/1645 1902/1644/1644
f 1841/1583/1583 1904/1646/1646 1903/1645/1645
f 1842/1585/1585 1905/1647/1647 1904/1646/1646
f 1843/1584/1584 1906/1648/1648 1905/1647/1647
f 1844/1586/1586 1907/1649/1649 1906/1648/1648
f 1845/1587/1587 1908/1650/1650 1907/1649/1649
f 1846/1588/1588 1909/1651/1651 1908/1650/1650
f 1847/1589/1589 1910/1652/1652 1909/1651/1651
f 1848/1590/1590 1911/1653/1653 1910/1652/1652
f 1849/1592/1592 1912/1655/1655 1911/1653/1653
f 1849/1592/1592 1850/1591/1591 1913/1654/1654
f 1851/1593/1593 1914/1656/1656 1913/1654/1654
f 1852/1594/1594 1915/1657/1657 1914/1656/1656
f 1853/1595/1595 1916/1658/1658 1915/1657/1657
f 1854/1596/1596 1917/1659/1659 1916/1658/1658
f 1855/1597/1597 1918/1660/1660 1917/1659/1659
f 1856/1598/1598 1919/1661/1661 1918/1660/1660
f 1857/1599/1599 1920/1662/1662 1919/1661/1661
f 1858/1600/1600 1921/1663/1663 1920/1662/1662
f 1859/1601/1601 1922/1664/1664 1921/1663/1663
f 1860/1602/1602 1923/1665/1665 1922/1664/1664
f 1861/1603/1603 1924/1666/1666 1923/1665/1665
f 1862/1604/1604 1925/1667/1667 1924/1666/1666
f 1863/1606/1606 1926/1669/1669 1925/1667/1667
f 1863/1606/1606 1864/1605/1605 1927/1668/1668
f 1864/1605/1605 1865/1607/1607 1928/1670/1670
f 1865/1607/1607 1866/1608/1608 1929/1671/1671
f 1866/1608/1608 1867/1609/1609 1930/1672/1672
f 1867/1609/1609 1868/1610/1610 1931/1673/1673
f 1868/1610/1610 1869/1611/1611 1932/1674/1674
f 1869/1611/1611 1870/1612/1612 1933/1675/1675
f 1870/1612/1612 1871/1613/1613 1934/1676/1676
f 1871/1613/1613 1872/1614/1614 1935/1677/1677
f 1872/1614/1614 1873/1615/1615 1936/1678/1678
f 1873/1615/1615 1874/1616/1616 1937/1679/1679
f 1874/1616/1616 1875/1617/1617 1938/1680/1680
f 1875/1617/1617 1876/1618/1618 1939/1681/1681
f 1876/1618/1618 1877/1619/1619 1940/1682/1682
f 1877/1619/1619 1878/1620/1620 1941/1683/1683
f 1878/1620/1620 1879/1621/1621 1942/1684/1684
f 1879/1621/1621 1880/1622/1622 1943/1685/1685
f 1880/1622/1622 1881/1623/1623 1944/1686/1686
f 1881/1623/1623 1882/1624/1624 1945/1687/1687
f 1882/1624/1624 1883/1625/1625 1946/1688/1688
f 1883/1625/1625 1884/1626/1626 1947/1689/1689
f 1884/1626/1626 1885/1627/1627 1948/1690/1690
f 1885/1627/1627 1886/1628/1628 1949/1691/1691
f 1886/1628/1628 1887/1629/1629 1950/1692/1692
f 1887/1629/1629 1888/1630/1630 1951/1693/1693
f 1888/1630/1630 1889/1631/1631 1952/1694/1694
f 1889/1631/1631 1890/1632/1632 1953/1695/1695
f 1890/1632/1632 1891/1633/1633 1954/1696/1696
f 1891/1633/1633 1892/1634/1634 1955/1697/1697
f 1892/1634/1634 1893/1635/1635 1956/1698/1698
f 1893/1635/1635 1894/1636/1636 1957/1699/1699
f 1895/1637/1637 1896/1638/1638 1959/1700/1700
f 1896/1638/1638 1897/1639/1639 1960/1702/1702
f 1898/1640/1640 1961/1703/1703 1960/1702/1702
f 1899/1641/1641 1962/1704/1704 1961/1703/1703
f 1900/1642/1642 1963/1705/1705 1962/1704/1704
f 1901/1643/1643 1964/1706/1706 1963/1705/1705
f 1902/1644/1644 1965/1707/1707 1964/1706/1706
f 1903/1645/1645 1966/1708/1708 1965/1707/1707
f 1904/1646/1646 1967/1709/1709 1966/1708/1708
f 1905/1647/1647 1968/1710/1710 1967/1709/1709
f 1906/1648/1648 1969/1711/1711 1968/1710/1710
f 1907/1649/1649 1970/1712/1712 1969/1711/1711
f 1908/1650/1650 1971/1713/1713 1970/1712/1712
f 1909/1651/1651 1972/1714/1714 1971/1713/1713
f 1910/1652/1652 1973/1715/1715 1972/1714/1714
f 1911/1653/1653 1974/1716/1716 1973/1715/1715
f 1912/1655/1655 1975/1718/1718 1974/1716/1716
f 1912/1655/1655 1913/1654/1654 1976/1717/1717
f 1913/1654/1654 1914/1656/1656 1977/1719/1719
f 1915/1657/1657 1978/1720/1720 1977/1719/1719
f 1916/1658/1658 1979/1721/1721 1978/1720/1720
f 1917/1659/1659 1980/1723/1723 1979/1721/1721
f 1917/1659/1659 1918/1660/1660 1981/1722/1722
f 1919/1661/1661 1982/1724/1724 1981/1722/1722
f 1920/1662/1662 1983/1725/1725 1982/1724/1724
f 1921/1663/1663 1984/1726/1726 1983/1725/1725
f 1922/1664/1664 1985/1727/1727 1984/1726/1726
f 1923/1665/1665 1986/1728/1728 1985/1727/1727
f 1924/1666/1666 1987/1730/1730 1986/1728/1728
f 1924/1666/1666 1925/1667/1667 1988/1729/1729
f 1926/1669/1669 1989/1731/1731 1988/1729/1729
f 1927/1668/1668 1990/1732/1732 1989/1731/1731
f 1928/1670/1670 1991/1734/1734 1990/1732/1732
f 1928/1670/1670 1929/1671/1671 1992/1733/1733
f 1929/1671/1671 1930/1672/1672 1993/1735/1735
f 1930/1672/1672 1931/1673/1673 1994/1736/1736
f 1931/1673/1673 1932/1674/1674 1995/1737/1737
f 1932/1674/1674 1933/1675/1675 1996/1738/1738
f 1933/1675/1675 1934/1676/1676 1997/1739/1739
f 1934/1676/1676 1935/1677/1677 1998/1740/1740
f 1935/1677/1677 1936/1678/1678 1999/1741/1741
f 1936/1678/1678 1937/1679/1679 2000/1742/1742
f 1938/1680/1680 2001/1743/1743 2000/1742/1742
f 1939/1681/1681 2002/1745/1745 2001/1743/1743
f 1939/1681/1681 1940/1682/1682 2003/1744/1744
f 1940/1682/1682 1941/1683/1683 2004/1746/1746
f 1941/1683/1683 1942/1684/1684 2005/1747/1747
f 1942/1684/1684 1943/1685/1685 2006/1748/1748
f 1943/1685/1685 1944/1686/1686 2007/1749/1749
f 1944/1686/1686 1945/1687/1687 2008/1750/1750
f 1945/1687/1687 1946/1688/1688 2009/1751/1751
f 1946/1688/1688 1947/1689/1689 2010/1752/1752
f 1947/1689/1689 1948/1690/1690 2011/1753/1753
f 1948/1690/1690 1949/1691/1691 2012/1754/1754
f 1949/1691/1691 1950/1692/1692 2013/1755/1755
f 1950/1692/1692 1951/1693/1693 2014/1756/1756
f 1951/1693/1693 1952/1694/1694 2015/1757/1757
f 1952/1694/1694 1953/1695/1695 2016/1758/1758
f 1953/1695/1695 1954/1696/1696 2017/1759/1759
f 1954/1696/1696 1955/1697/1697 2018/1760/1760
f 1956/1698/1698 2019/1761/1761 2018/1760/1760
f 1957/1699/1699 2020/1823/1823 2019/1761/1761
f 1958/1701/1701 1959/1700/1700 2022/1762/1762
f 1959/1700/1700 1960/1702/1702 2023/1764/1764
f 1960/1702/1702 1961/1703/1703 2024/1765/1765
f 1961/1703/1703 1962/1704/1704 2025/1766/1766
f 1962/1704/1704 1963/1705/1705 2026/1767/1767
f 1964/1706/1706 2027/1768/1768 2026/1767/1767
f 1965/1707/1707 2028/1769/1769 2027/1768/1768
f 1966/1708/1708 2029/1770/1770 2028/1769/1769
f 1967/1709/1709 2030/1771/1771 2029/1770/1770
f 1968/1710/1710 2031/1772/1772 2030/1771/1771
f 1969/1711/1711 2032/1773/1773 2031/1772/1772
f 1970/1712/1712 2033/1774/1774 2032/1773/1773
f 1971/1713/1713 2034/1775/1775 2033/1774/1774
f 1972/1714/1714 2035/1776/1776 2034/1775/1775
f 1973/1715/1715 2036/1777/1777 2035/1776/1776
f 1974/1716/1716 2037/1778/1778 2036/1777/1777
f 1975/1718/1718 2038/1779/1779 2037/1778/1778
f 1976/1717/1717 2039/1780/1780 2038/1779/1779
f 1977/1719/1719 2040/1781/1781 2039/1780/1780
f 1978/1720/1720 2041/1782/1782 2040/1781/1781
f 1979/1721/1721 2042/1783/1783 2041/1782/1782
f 1980/1723/1723 2043/1784/1784 2042/1783/1783
f 1981/1722/1722 2044/1785/1785 2043/1784/1784
f 1982/1724/1724 2045/1786/1786 2044/1785/1785
f 1983/1725/1725 2046/1787/1787 2045/1786/1786
f 1984/1726/1726 2047/1788/1788 2046/1787/1787
f 1985/1727/1727 2048/1789/1789 2047/1788/1788
f 1986/1728/1728 2049/1790/1790 2048/1789/1789
f 1987/1730/1730 2050/1791/1791 2049/1790/1790
f 1988/1729/1729 2051/1793/1793 2050/1791/1791
f 1988/1729/1729 1989/1731/1731 2052/1792/1792
f 1989/1731/1731 1990/1732/1732 2053/1794/1794
f 1990/1732/1732 1991/1734/1734 2054/1795/1795
f 1991/1734/1734 1992/1733/1733 2055/1796/1796
f 1992/1733/1733 1993/1735/1735 2056/1797/1797
f 1993/1735/1735 1994/1736/1736 2057/1798/1798
f 1994/1736/1736 1995/1737/1737 2058/1799/1799
f 1995/1737/1737 1996/1738/1738 2059/1800/1800
f 1996/1738/1738 1997/1739/1739 2060/1801/1801
f 1997/1739/1739 1998/1740/1740 2061/1802/1802
f 1998/1740/1740 1999/1741/1741 2062/1803/1803
f 2000/1742/1742 2063/1805/1805 2062/1803/1803
f 2000/1742/1742 2001/1743/1743 2064/1804/1804
f 2001/1743/1743 2002/1745/1745 2065/1806/1806
f 2002/1745/1745 2003/1744/1744 2066/1807/1807
f 2003/1744/1744 2004/1746/1746 2067/1808/1808
f 2004/1746/1746 2005/1747/1747 2068/1809/1809
f 2005/1747/1747 2006/1748/1748 2069/1810/1810
f 2006/1748/1748 2007/1749/1749 2070/1811/1811
f 2007/1749/1749 2008/1750/1750 2071/1812/1812
f 2008/1750/1750 2009/1751/1751 2072/1813/1813
f 2009/1751/1751 2010/1752/1752 2073/1814/1814
f 2010/1752/1752 2011/1753/1753 2074/1815/1815
f 2011/1753/1753 2012/1754/1754 2075/1816/1816
f 2012/1754/1754 2013/1755/1755 2076/1817/1817
f 2014/1756/1756 2077/1818/1818 2076/1817/1817
f 2015/1757/1757 2078/1819/1819 2077/1818/1818
f 2016/1758/1758 2079/1820/1820 2078/1819/1819
f 2017/1759/1759 2080/1821/1821 2079/1820/1820
f 2018/1760/1760 2081/1822/1822 2080/1821/1821
f 2019/1761/1761 2082/1824/1824 2081/1822/1822
f 2020/1823/1823 2083/1886/1886 2082/1824/1824
f 2022/1762/1762 2085/1826/1826 2084/1825/1825
f 2023/1764/1764 2086/1828/1828 2085/1826/1826
f 2023/1764/1764 2024/1765/1765 2087/1827/1827
f 2024/1765/1765 2025/1766/1766 2088/1829/1829
f 2025/1766/1766 2026/1767/1767 2089/1830/1830
f 2026/1767/1767 2027/1768/1768 2090/1831/1831
f 2027/1768/1768 2028/1769/1769 2091/1832/1832
f 2028/1769/1769 2029/1770/1770 2092/1833/1833
f 2029/1770/1770 2030/1771/1771 2093/1834/1834
f 2030/1771/1771 2031/1772/1772 2094/1835/1835
f 2031/1772/1772 2032/1773/1773 2095/1836/1836
f 2032/1773/1773 2033/1774/1774 2096/1837/1837
f 2033/1774/1774 2034/1775/1775 2097/1838/1838
f 2034/1775/1775 2035/1776/1776 2098/1839/1839
f 2036/1777/1777 2099/1840/1840 2098/1839/1839
f 2037/1778/1778 2100/1841/1841 2099/1840/1840
f 2038/1779/1779 2101/1842/1842 2100/1841/1841
f 2039/1780/1780 2102/1843/1843 2101/1842/1842
f 2040/1781/1781 2103/1844/1844 2102/1843/1843
f 2041/1782/1782 2104/1845/1845 2103/1844/1844
f 2042/1783/1783 2105/1846/1846 2104/1845/1845
f 2043/1784/1784 2106/1847/1847 2105/1846/1846
f 2044/1785/1785 2107/1848/1848 2106/1847/1847
f 2045/1786/1786 2108/1849/1849 2107/1848/1848
f 2046/1787/1787 2109/1850/1850 2108/1849/1849
f 2047/1788/1788 2110/1851/1851 2109/1850/1850
f 2048/1789/1789 2111/1852/1852 2110/1851/1851
f 2049/1790/1790 2112/1853/1853 2111/1852/1852
f 2050/1791/1791 2113/1854/1854 2112/1853/1853
f 2051/1793/1793 2114/1855/1855 2113/1854/1854
f 2052/1792/1792 2115/1856/1856 2114/1855/1855
f 2053/1794/1794 2116/1858/1858 2115/1856/1856
f 2053/1794/1794 2054/1795/1795 2117/1857/1857
f 2055/1796/1796 2118/1859/1859 2117/1857/1857
f 2056/1797/1797 2119/1861/1861 2118/1859/1859
f 2056/1797/1797 2057/1798/1798 2120/1860/1860
f 2057/1798/1798 2058/1799/1799 2121/1862/1862
f 2058/1799/1799 2059/1800/1800 2122/1863/1863
f 2059/1800/1800 2060/1801/1801 2123/1864/1864
f 2060/1801/1801 2061/1802/1802 2124/1865/1865
f 2061/1802/1802 2062/1803/1803 2125/1866/1866
f 2062/1803/1803 2063/1805/1805 2126/1867/1867
f 2063/1805/1805 2064/1804/1804 2127/1868/1868
f 2064/1804/1804 2065/1806/1806 2128/1869/1869
f 2065/1806/1806 2066/1807/1807 2129/1870/1870
f 2066/1807/1807 2067/1808/1808 2130/1871/1871
f 2067/1808/1808 2068/1809/1809 2131/1872/1872
f 2068/1809/1809 2069/1810/1810 2132/1873/1873
f 2069/1810/1810 2070/1811/1811 2133/1874/1874
f 2070/1811/1811 2071/1812/1812 2134/1875/1875
f 2072/1813/1813 2135/1876/1876 2134/1875/1875
f 2073/1814/1814 2136/1877/1877 2135/1876/1876
f 2074/1815/1815 2137/1878/1878 2136/1877/1877
f 2075/1816/1816 2138/1879/1879 2137/1878/1878
f 2076/1817/1817 2139/1880/1880 2138/1879/1879
f 2077/1818/1818 2140/1881/1881 2139/1880/1880
f 2078/1819/1819 2141/1882/1882 2140/1881/1881
f 2079/1820/1820 2142/1883/1883 2141/1882/1882
f 2080/1821/1821 2143/1884/1884 2142/1883/1883
f 2081/1822/1822 2144/1885/1885 2143/1884/1884
f 2082/1824/1824 2145/1887/1887 2144/1885/1885
f 2083/1886/1886 2146/4060/4060 2145/1887/1887
f 2085/1826/1826 2148/1889/1889 2147/1888/1888
f 2086/1828/1828 2149/1890/1890 2148/1889/1889
f 2087/1827/1827 2150/1891/1891 2149/1890/1890
f 2088/1829/1829 2151/1892/1892 2150/1891/1891
f 2089/1830/1830 2152/1893/1893 2151/1892/1892
f 2090/1831/1831 2153/1895/1895 2152/1893/1893
f 2090/1831/1831 2091/1832/1832 2154/1894/1894
f 2091/1832/1832 2092/1833/1833 2155/1896/1896
f 2092/1833/1833 2093/1834/1834 2156/1897/1897
f 2093/1834/1834 2094/1835/1835 2157/1898/1898
f 2094/1835/1835 2095/1836/1836 2158/1899/1899
f 2095/1836/1836 2096/1837/1837 2159/1900/1900
f 2096/1837/1837 2097/1838/1838 2160/1901/1901
f 2097/1838/1838 2098/1839/1839 2161/1902/1902
f 2098/1839/1839 2099/1840/1840 2162/1903/1903
f 2099/1840/1840 2100/1841/1841 2163/1904/1904
f 2100/1841/1841 2101/1842/1842 2164/1905/1905
f 2101/1842/1842 2102/1843/1843 2165/1906/1906
f 2103/1844/1844 2166/1907/1907 2165/1906/1906
f 2104/1845/1845 2167/1908/1908 2166/1907/1907
f 2105/1846/1846 2168/1909/1909 2167/1908/1908
f 2106/1847/1847 2169/1910/1910 2168/1909/1909
f 2107/1848/1848 2170/1911/1911 2169/1910/1910
f 2108/1849/1849 2171/1912/1912 2170/1911/1911
f 2109/1850/1850 2172/1913/1913 2171/1912/1912
f 2110/1851/1851 2173/1914/1914 2172/1913/1913
f 2111/1852/1852 2174/1916/1916 2173/1914/1914
f 2111/1852/1852 2112/1853/1853 2175/1915/1915
f 2112/1853/1853 2113/1854/1854 2176/1917/1917
f 2113/1854/1854 2114/1855/1855 2177/1918/1918
f 2114/1855/1855 2115/1856/1856 2178/1919/1919
f 2115/1856/1856 2116/1858/1858 2179/1920/1920
f 2116/1858/1858 2117/1857/1857 2180/1921/1921
f 2117/1857/1857 2118/1859/1859 2181/1922/1922
f 2118/1859/1859 2119/1861/1861 2182/1923/1923
f 2120/1860/1860 2183/1925/1925 2182/1923/1923
f 2120/1860/1860 2121/1862/1862 2184/1924/1924
f 2121/1862/1862 2122/1863/1863 2185/1926/1926
f 2122/1863/1863 2123/1864/1864 2186/1927/1927
f 2123/1864/1864 2124/1865/1865 2187/1928/1928
f 2124/1865/1865 2125/1866/1866 2188/1929/1929
f 2125/1866/1866 2126/1867/1867 2189/1930/1930
f 2126/1867/1867 2127/1868/1868 2190/1931/1931
f 2127/1868/1868 2128/1869/1869 2191/1932/1932
f 2129/1870/1870 2192/1933/1933 2191/1932/1932
f 2130/1871/1871 2193/1934/1934 2192/1933/1933
f 2131/1872/1872 2194/1935/1935 2193/1934/1934
f 2132/1873/1873 2195/1936/1936 2194/1935/1935
f 2133/1874/1874 2196/1937/1937 2195/1936/1936
f 2134/1875/1875 2197/1938/1938 2196/1937/1937
f 2135/1876/1876 2198/1939/1939 2197/1938/1938
f 2136/1877/1877 2199/1940/1940 2198/1939/1939
f 2137/1878/1878 2200/1941/1941 2199/1940/1940
f 2138/1879/1879 2201/1942/1942 2200/1941/1941
f 2139/1880/1880 2202/1943/1943 2201/1942/1942
f 2140/1881/1881 2203/1944/1944 2202/1943/1943
f 2141/1882/1882 2204/1945/1945 2203/1944/1944
f 2142/1883/1883 2205/1947/1947 2204/1945/1945
f 2142/1883/1883 2143/1884/1884 2206/1946/1946
f 2143/1884/1884 2144/1885/1885 2207/1948/1948
f 2144/1885/1885 2145/1887/1887 2208/1949/1949
f 2145/1887/1887 2146/4060/4060 2209/1950/1950
f 2148/1889/1889 2211/1952/1952 2210/1951/1951
f 2149/1890/1890 2212/1953/1953 2211/1952/1952
f 2150/1891/1891 2213/1954/1954 2212/1953/1953
f 2151/1892/1892 2214/1955/1955 2213/1954/1954
f 2152/1893/1893 2215/1956/1956 2214/1955/1955
f 2153/1895/1895 2216/1957/1957 2215/1956/1956
f 2154/1894/1894 2217/1958/1958 2216/1957/1957
f 2155/1896/1896 2218/1959/1959 2217/1958/1958
f 2156/1897/1897 2219/1960/1960 2218/1959/1959
f 2157/1898/1898 2220/1961/1961 2219/1960/1960
f 2158/1899/1899 2221/1962/1962 2220/1961/1961
f 2159/1900/1900 2222/1963/1963 2221/1962/1962
f 2160/1901/1901 2223/1964/1964 2222/1963/1963
f 2161/1902/1902 2224/1965/1965 2223/1964/1964
f 2162/1903/1903 2225/1967/1967 2224/1965/1965
f 2162/1903/1903 2163/1904/1904 2226/1966/1966
f 2164/1905/1905 2227/1968/1968 2226/1966/1966
f 2165/1906/1906 2228/1970/1970 2227/1968/1968
f 2165/1906/1906 2166/1907/1907 2229/1969/1969
f 2166/1907/1907 2167/1908/1908 2230/1971/1971
f 2167/1908/1908 2168/1909/1909 2231/1972/1972
f 2168/1909/1909 2169/1910/1910 2232/1973/1973
f 2170/1911/1911 2233/1974/1974 2232/1973/1973
f 2171/1912/1912 2234/1975/1975 2233/1974/1974
f 2172/1913/1913 2235/1976/1976 2234/1975/1975
f 2173/1914/1914 2236/1978/1978 2235/1976/1976
f 2173/1914/1914 2174/1916/1916 2237/1977/1977
f 2174/1916/1916 2175/1915/1915 2238/1979/1979
f 2175/1915/1915 2176/1917/1917 2239/1980/1980
f 2176/1917/1917 2177/1918/1918 2240/1981/1981
f 2178/1919/1919 2241/1983/1983 2240/1981/1981
f 2178/1919/1919 2179/1920/1920 2242/1982/1982
f 2180/1921/1921 2243/1985/1985 2242/1982/1982
f 2180/1921/1921 2181/1922/1922 2244/1984/1984
f 2182/1923/1923 2245/1986/1986 2244/1984/1984
f 2183/1925/1925 2246/1988/1988 2245/1986/1986
f 2183/1925/1925 2184/1924/1924 2247/1987/1987
f 2185/1926/1926 2248/1990/1990 2247/1987/1987
f 2185/1926/1926 2186/1927/1927 2249/1989/1989
f 2186/1927/1927 2187/1928/1928 2250/1991/1991
f 2187/1928/1928 2188/1929/1929 2251/1992/1992
f 2188/1929/1929 2189/1930/1930 2252/1993/1993
f 2190/1931/1931 2253/1995/1995 2252/1993/1993
f 2190/1931/1931 2191/1932/1932 2254/1994/1994
f 2191/1932/1932 2192/1933/1933 2255/1996/1996
f 2192/1933/1933 2193/1934/1934 2256/1997/1997
f 2194/1935/1935 2257/1998/1998 2256/1997/1997
f 2195/1936/1936 2258/1999/1999 2257/1998/1998
f 2196/1937/1937 2259/2000/2000 2258/1999/1999
f 2197/1938/1938 2260/2001/2001 2259/2000/2000
f 2198/1939/1939 2261/2002/2002 2260/2001/2001
f 2199/1940/1940 2262/2003/2003 2261/2002/2002
f 2200/1941/1941 2263/2004/2004 2262/2003/2003
f 2201/1942/1942 2264/2005/2005 2263/2004/2004
f 2202/1943/1943 2265/2006/2006 2264/2005/2005
f 2203/1944/1944 2266/2007/2007 2265/2006/2006
f 2204/1945/1945 2267/2008/2008 2266/2007/2007
f 2205/1947/1947 2268/2009/2009 2267/2008/2008
f 2206/1946/1946 2269/2011/2011 2268/2009/2009
f 2206/1946/1946 2207/1948/1948 2270/2010/2010
f 2207/1948/1948 2208/1949/1949 2271/2012/2012
f 2208/1949/1949 2209/1950/1950 2272/2013/2013
f 2211/1952/1952 2274/2015/2015 2273/2014/2014
f 2212/1953/1953 2275/2016/2016 2274/2015/2015
f 2213/1954/1954 2276/2017/2017 2275/2016/2016
f 2214/1955/1955 2277/2018/2018 2276/2017/2017
f 2215/1956/1956 2278/2019/2019 2277/2018/2018
f 2216/1957/1957 2279/2020/2020 2278/2019/2019
f 2217/1958/1958 2280/2021/2021 2279/2020/2020
f 2218/1959/1959 2281/2022/2022 2280/2021/2021
f 2219/1960/1960 2282/2023/2023 2281/2022/2022
f 2220/1961/1961 2283/2024/2024 2282/2023/2023
f 2221/1962/1962 2284/2025/2025 2283/2024/2024
f 2222/1963/1963 2285/2026/2026 2284/2025/2025
f 2223/1964/1964 2286/2027/2027 2285/2026/2026
f 2224/1965/1965 2287/2028/2028 2286/2027/2027
f 2225/1967/1967 2288/2029/2029 2287/2028/2028
f 2226/1966/1966 2289/2030/2030 2288/2029/2029
f 2227/1968/1968 2290/2032/2032 2289/2030/2030
f 2227/1968/1968 2228/1970/1970 2291/2031/2031
f 2228/1970/1970 2229/1969/1969 2292/2033/2033
f 2229/1969/1969 2230/1971/1971 2293/2034/2034
f 2231/1972/1972 2294/2036/2036 2293/2034/2034
f 2231/1972/1972 2232/1973/1973 2295/2035/2035
f 2232/1973/1973 2233/1974/1974 2296/2037/2037
f 2233/1974/1974 2234/1975/1975 2297/2038/2038
f 2235/1976/1976 2298/2040/2040 2297/2038/2038
f 2235/1976/1976 2236/1978/1978 2299/2039/2039
f 2236/1978/1978 2237/1977/1977 2300/2041/2041
f 2238/1979/1979 2301/2043/2043 2300/2041/2041
f 2238/1979/1979 2239/1980/1980 2302/2042/2042
f 2240/1981/1981 2303/2044/2044 2302/2042/2042
f 2241/1983/1983 2304/2045/2045 2303/2044/2044
f 2242/1982/1982 2305/2046/2046 2304/2045/2045
f 2243/1985/1985 2306/2048/2048 2305/2046/2046
f 2243/1985/1985 2244/1984/1984 2307/2047/2047
f 2244/1984/1984 2245/1986/1986 2308/2049/2049
f 2246/1988/1988 2309/2050/2050 2308/2049/2049
f 2247/1987/1987 2310/2051/2051 2309/2050/2050
f 2248/1990/1990 2311/2052/2052 2310/2051/2051
f 2249/1989/1989 2312/2053/2053 2311/2052/2052
f 2250/1991/1991 2313/2054/2054 2312/2053/2053
f 2251/1992/1992 2314/2056/2056 2313/2054/2054
f 2251/1992/1992 2252/1993/1993 2315/2055/2055
f 2252/1993/1993 2253/1995/1995 2316/2057/2057
f 2253/1995/1995 2254/1994/1994 2317/2058/2058
f 2255/1996/1996 2318/2059/2059 2317/2058/2058
f 2256/1997/1997 2319/2061/2061 2318/2059/2059
f 2256/1997/1997 2257/1998/1998 2320/2060/2060
f 2257/1998/1998 2258/1999/1999 2321/2062/2062
f 2259/2000/2000 2322/2063/2063 2321/2062/2062
f 2260/2001/2001 2323/2064/2064 2322/2063/2063
f 2261/2002/2002 2324/2065/2065 2323/2064/2064
f 2262/2003/2003 2325/2066/2066 2324/2065/2065
f 2263/2004/2004 2326/2067/2067 2325/2066/2066
f 2264/2005/2005 2327/2068/2068 2326/2067/2067
f 2265/2006/2006 2328/2069/2069 2327/2068/2068
f 2266/2007/2007 2329/2070/2070 2328/2069/2069
f 2267/2008/2008 2330/2071/2071 2329/2070/2070
f 2268/2009/2009 2331/2072/2072 2330/2071/2071
f 2269/2011/2011 2332/2073/2073 2331/2072/2072
f 2270/2010/2010 2333/2074/2074 2332/2073/2073
f 2271/2012/2012 2334/2076/2076 2333/2074/2074
f 2271/2012/2012 2272/2013/2013 2335/2075/2075
f 2273/2014/2014 2274/2015/2015 2337/2077/2077
f 2274/2015/2015 2275/2016/2016 2338/2079/2079
f 2276/2017/2017 2339/2080/2080 2338/2079/2079
f 2277/2018/2018 2340/2081/2081 2339/2080/2080
f 2278/2019/2019 2341/2082/2082 2340/2081/2081
f 2279/2020/2020 2342/2083/2083 2341/2082/2082
f 2280/2021/2021 2343/2084/2084 2342/2083/2083
f 2281/2022/2022 2344/2085/2085 2343/2084/2084
f 2282/2023/2023 2345/2086/2086 2344/2085/2085
f 2283/2024/2024 2346/2087/2087 2345/2086/2086
f 2284/2025/2025 2347/2088/2088 2346/2087/2087
f 2285/2026/2026 2348/2089/2089 2347/2088/2088
f 2286/2027/2027 2349/2090/2090 2348/2089/2089
f 2287/2028/2028 2350/2091/2091 2349/2090/2090
f 2288/2029/2029 2351/2092/2092 2350/2091/2091
f 2289/2030/2030 2352/2093/2093 2351/2092/2092
f 2290/2032/2032 2353/2094/2094 2352/2093/2093
f 2291/2031/2031 2354/2096/2096 2353/2094/2094
f 2291/2031/2031 2292/2033/2033 2355/2095/2095
f 2292/2033/2033 2293/2034/2034 2356/2097/2097
f 2293/2034/2034 2294/2036/2036 2357/2098/2098
f 2294/2036/2036 2295/2035/2035 2358/2099/2099
f 2295/2035/2035 2296/2037/2037 2359/2100/2100
f 2296/2037/2037 2297/2038/2038 2360/2101/2101
f 2297/2038/2038 2298/2040/2040 2361/2102/2102
f 2298/2040/2040 2299/2039/2039 2362/2103/2103
f 2299/2039/2039 2300/2041/2041 2363/2104/2104
f 2301/2043/2043 2364/2106/2106 2363/2104/2104
f 2301/2043/2043 2302/2042/2042 2365/2105/2105
f 2303/2044/2044 2366/2108/2108 2365/2105/2105
f 2303/2044/2044 2304/2045/2045 2367/2107/2107
f 2304/2045/2045 2305/2046/2046 2368/2109/2109
f 2306/2048/2048 2369/2110/2110 2368/2109/2109
f 2307/2047/2047 2370/2112/2112 2369/2110/2110
f 2307/2047/2047 2308/2049/2049 2371/2111/2111
f 2309/2050/2050 2372/2113/2113 2371/2111/2111
f 2310/2051/2051 2373/2114/2114 2372/2113/2113
f 2311/2052/2052 2374/2115/2115 2373/2114/2114
f 2312/2053/2053 2375/2116/2116 2374/2115/2115
f 2313/2054/2054 2376/2117/2117 2375/2116/2116
f 2314/2056/2056 2377/2118/2118 2376/2117/2117
f 2315/2055/2055 2378/2120/2120 2377/2118/2118
f 2315/2055/2055 2316/2057/2057 2379/2119/2119
f 2316/2057/2057 2317/2058/2058 2380/2121/2121
f 2318/2059/2059 2381/2122/2122 2380/2121/2121
f 2319/2061/2061 2382/2123/2123 2381/2122/2122
f 2320/2060/2060 2383/2125/2125 2382/2123/2123
f 2320/2060/2060 2321/2062/2062 2384/2124/2124
f 2321/2062/2062 2322/2063/2063 2385/2126/2126
f 2323/2064/2064 2386/2127/2127 2385/2126/2126
f 2324/2065/2065 2387/2128/2128 2386/2127/2127
f 2325/2066/2066 2388/2129/2129 2387/2128/2128
f 2326/2067/2067 2389/2130/2130 2388/2129/2129
f 2327/2068/2068 2390/2131/2131 2389/2130/2130
f 2328/2069/2069 2391/2132/2132 2390/2131/2131
f 2329/2070/2070 2392/2133/2133 2391/2132/2132
f 2330/2071/2071 2393/2134/2134 2392/2133/2133
f 2331/2072/2072 2394/2135/2135 2393/2134/2134
f 2332/2073/2073 2395/2136/2136 2394/2135/2135
f 2333/2074/2074 2396/2137/2137 2395/2136/2136
f 2334/2076/2076 2397/2138/2138 2396/2137/2137
f 2335/2075/2075 2398/2200/2200 2397/2138/2138
f 2336/2078/2078 2337/2077/2077 2400/2139/2139
f 2338/2079/2079 2401/2141/2141 2400/2139/2139
f 2339/2080/2080 2402/2142/2142 2401/2141/2141
f 2340/2081/2081 2403/2143/2143 2402/2142/2142
f 2341/2082/2082 2404/2144/2144 2403/2143/2143
f 2342/2083/2083 2405/2145/2145 2404/2144/2144
f 2343/2084/2084 2406/2146/2146 2405/2145/2145
f 2344/2085/2085 2407/2147/2147 2406/2146/2146
f 2345/2086/2086 2408/2148/2148 2407/2147/2147
f 2346/2087/2087 2409/2149/2149 2408/2148/2148
f 2347/2088/2088 2410/2150/2150 2409/2149/2149
f 2348/2089/2089 2411/2151/2151 2410/2150/2150
f 2349/2090/2090 2412/2153/2153 2411/2151/2151
f 2349/2090/2090 2350/2091/2091 2413/2152/2152
f 2350/2091/2091 2351/2092/2092 2414/2154/2154
f 2351/2092/2092 2352/2093/2093 2415/2155/2155
f 2352/2093/2093 2353/2094/2094 2416/2156/2156
f 2353/2094/2094 2354/2096/2096 2417/2157/2157
f 2354/2096/2096 2355/2095/2095 2418/2158/2158
f 2355/2095/2095 2356/2097/2097 2419/2159/2159
f 2356/2097/2097 2357/2098/2098 2420/2160/2160
f 2357/2098/2098 2358/2099/2099 2421/2161/2161
f 2358/2099/2099 2359/2100/2100 2422/2162/2162
f 2359/2100/2100 2360/2101/2101 2423/2163/2163
f 2360/2101/2101 2361/2102/2102 2424/2164/2164
f 2361/2102/2102 2362/2103/2103 2425/2165/2165
f 2362/2103/2103 2363/2104/2104 2426/2166/2166
f 2363/2104/2104 2364/2106/2106 2427/2167/2167
f 2364/2106/2106 2365/2105/2105 2428/2168/2168
f 2365/2105/2105 2366/2108/2108 2429/2169/2169
f 2366/2108/2108 2367/2107/2107 2430/2170/2170
f 2367/2107/2107 2368/2109/2109 2431/2171/2171
f 2368/2109/2109 2369/2110/2110 2432/2172/2172
f 2369/2110/2110 2370/2112/2112 2433/2173/2173
f 2371/2111/2111 2434/2174/2174 2433/2173/2173
f 2372/2113/2113 2435/2175/2175 2434/2174/2174
f 2373/2114/2114 2436/2176/2176 2435/2175/2175
f 2374/2115/2115 2437/2177/2177 2436/2176/2176
f 2375/2116/2116 2438/2178/2178 2437/2177/2177
f 2376/2117/2117 2439/2179/2179 2438/2178/2178
f 2377/2118/2118 2440/2180/2180 2439/2179/2179
f 2378/2120/2120 2441/2181/2181 2440/2180/2180
f 2379/2119/2119 2442/2182/2182 2441/2181/2181
f 2380/2121/2121 2443/2183/2183 2442/2182/2182
f 2381/2122/2122 2444/2184/2184 2443/2183/2183
f 2382/2123/2123 2445/2185/2185 2444/2184/2184
f 2383/2125/2125 2446/2187/2187 2445/2185/2185
f 2383/2125/2125 2384/2124/2124 2447/2186/2186
f 2384/2124/2124 2385/2126/2126 2448/2188/2188
f 2385/2126/2126 2386/2127/2127 2449/2189/2189
f 2386/2127/2127 2387/2128/2128 2450/2190/2190
f 2387/2128/2128 2388/2129/2129 2451/2191/2191
f 2388/2129/2129 2389/2130/2130 2452/2192/2192
f 2389/2130/2130 2390/2131/2131 2453/2193/2193
f 2391/2132/2132 2454/2194/2194 2453/2193/2193
f 2392/2133/2133 2455/2195/2195 2454/2194/2194
f 2393/2134/2134 2456/2196/2196 2455/2195/2195
f 2394/2135/2135 2457/2197/2197 2456/2196/2196
f 2395/2136/2136 2458/2198/2198 2457/2197/2197
f 2396/2137/2137 2459/2199/2199 2458/2198/2198
f 2397/2138/2138 2460/2201/2201 2459/2199/2199
f 2398/2200/2200 2461/2263/2263 2460/2201/2201
f 2400/2139/2139 2463/2203/2203 2462/2202/2202
f 2401/2141/2141 2464/2204/2204 2463/2203/2203
f 2402/2142/2142 2465/2205/2205 2464/2204/2204
f 2403/2143/2143 2466/2206/2206 2465/2205/2205
f 2404/2144/2144 2467/2207/2207 2466/2206/2206
f 2405/2145/2145 2468/2208/2208 2467/2207/2207
f 2406/2146/2146 2469/2209/2209 2468/2208/2208
f 2407/2147/2147 2470/2211/2211 2469/2209/2209
f 2407/2147/2147 2408/2148/2148 2471/2210/2210
f 2408/2148/2148 2409/2149/2149 2472/2212/2212
f 2409/2149/2149 2410/2150/2150 2473/2213/2213
f 2410/2150/2150 2411/2151/2151 2474/2214/2214
f 2411/2151/2151 2412/2153/2153 2475/2215/2215
f 2412/2153/2153 2413/2152/2152 2476/2216/2216
f 2413/2152/2152 2414/2154/2154 2477/2217/2217
f 2414/2154/2154 2415/2155/2155 2478/2218/2218
f 2415/2155/2155 2416/2156/2156 2479/2219/2219
f 2416/2156/2156 2417/2157/2157 2480/2220/2220
f 2417/2157/2157 2418/2158/2158 2481/2221/2221
f 2418/2158/2158 2419/2159/2159 2482/2222/2222
f 2419/2159/2159 2420/2160/2160 2483/2223/2223
f 2420/2160/2160 2421/2161/2161 2484/2224/2224
f 2421/2161/2161 2422/2162/2162 2485/2225/2225
f 2422/2162/2162 2423/2163/2163 2486/2226/2226
f 2423/2163/2163 2424/2164/2164 2487/2227/2227
f 2424/2164/2164 2425/2165/2165 2488/2228/2228
f 2425/2165/2165 2426/2166/2166 2489/2229/2229
f 2426/2166/2166 2427/2167/2167 2490/2230/2230
f 2427/2167/2167 2428/2168/2168 2491/2231/2231
f 2429/2169/2169 2492/2232/2232 2491/2231/2231
f 2430/2170/2170 2493/2233/2233 2492/2232/2232
f 2431/2171/2171 2494/2235/2235 2493/2233/2233
f 2431/2171/2171 2432/2172/2172 2495/2234/2234
f 2433/2173/2173 2496/2236/2236 2495/2234/2234
f 2434/2174/2174 2497/2237/2237 2496/2236/2236
f 2435/2175/2175 2498/2238/2238 2497/2237/2237
f 2436/2176/2176 2499/2239/2239 2498/2238/2238
f 2437/2177/2177 2500/2240/2240 2499/2239/2239
f 2438/2178/2178 2501/2241/2241 2500/2240/2240
f 2439/2179/2179 2502/2242/2242 2501/2241/2241
f 2440/2180/2180 2503/2243/2243 2502/2242/2242
f 2441/2181/2181 2504/2244/2244 2503/2243/2243
f 2442/2182/2182 2505/2245/2245 2504/2244/2244
f 2443/2183/2183 2506/2246/2246 2505/2245/2245
f 2444/2184/2184 2507/2247/2247 2506/2246/2246
f 2445/2185/2185 2508/2248/2248 2507/2247/2247
f 2446/2187/2187 2509/2249/2249 2508/2248/2248
f 2447/2186/2186 2510/2250/2250 2509/2249/2249
f 2448/2188/2188 2511/2251/2251 2510/2250/2250
f 2449/2189/2189 2512/2252/2252 2511/2251/2251
f 2450/2190/2190 2513/2253/2253 2512/2252/2252
f 2451/2191/2191 2514/2255/2255 2513/2253/2253
f 2451/2191/2191 2452/2192/2192 2515/2254/2254
f 2452/2192/2192 2453/2193/2193 2516/2256/2256
f 2453/2193/2193 2454/2194/2194 2517/2257/2257
f 2454/2194/2194 2455/2195/2195 2518/2258/2258
f 2455/2195/2195 2456/2196/2196 2519/2259/2259
f 2456/2196/2196 2457/2197/2197 2520/2260/2260
f 2458/2198/2198 2521/2261/2261 2520/2260/2260
f 2459/2199/2199 2522/2262/2262 2521/2261/2261
f 2460/2201/2201 2523/2264/2264 2522/2262/2262
f 2461/2263/2263 2524/4066/4066 2523/2264/2264
f 2463/2203/2203 2526/2266/2266 2525/2265/2265
f 2464/2204/2204 2527/2267/2267 2526/2266/2266
f 2465/2205/2205 2528/2268/2268 2527/2267/2267
f 2466/2206/2206 2529/2270/2270 2528/2268/2268
f 2466/2206/2206 2467/2207/2207 2530/2269/2269
f 2467/2207/2207 2468/2208/2208 2531/2271/2271
f 2468/2208/2208 2469/2209/2209 2532/2272/2272
f 2469/2209/2209 2470/2211/2211 2533/2273/2273
f 2470/2211/2211 2471/2210/2210 2534/2274/2274
f 2471/2210/2210 2472/2212/2212 2535/2275/2275
f 2472/2212/2212 2473/2213/2213 2536/2276/2276
f 2473/2213/2213 2474/2214/2214 2537/2277/2277
f 2474/2214/2214 2475/2215/2215 2538/2278/2278
f 2475/2215/2215 2476/2216/2216 2539/2279/2279
f 2476/2216/2216 2477/2217/2217 2540/2280/2280
f 2477/2217/2217 2478/2218/2218 2541/2281/2281
f 2478/2218/2218 2479/2219/2219 2542/2282/2282
f 2479/2219/2219 2480/2220/2220 2543/2283/2283
f 2480/2220/2220 2481/2221/2221 2544/2284/2284
f 2482/2222/2222 2545/2286/2286 2544/2284/2284
f 2482/2222/2222 2483/2223/2223 2546/2285/2285
f 2483/2223/2223 2484/2224/2224 2547/2287/2287
f 2484/2224/2224 2485/2225/2225 2548/2288/2288
f 2485/2225/2225 2486/2226/2226 2549/2289/2289
f 2486/2226/2226 2487/2227/2227 2550/2290/2290
f 2487/2227/2227 2488/2228/2228 2551/2291/2291
f 2488/2228/2228 2489/2229/2229 2552/2292/2292
f 2489/2229/2229 2490/2230/2230 2553/2293/2293
f 2490/2230/2230 2491/2231/2231 2554/2294/2294
f 2491/2231/2231 2492/2232/2232 2555/2295/2295
f 2492/2232/2232 2493/2233/2233 2556/2296/2296
f 2494/2235/2235 2557/2297/2297 2556/2296/2296
f 2495/2234/2234 2558/2298/2298 2557/2297/2297
f 2496/2236/2236 2559/2299/2299 2558/2298/2298
f 2497/2237/2237 2560/2300/2300 2559/2299/2299
f 2498/2238/2238 2561/2301/2301 2560/2300/2300
f 2499/2239/2239 2562/2302/2302 2561/2301/2301
f 2500/2240/2240 2563/2303/2303 2562/2302/2302
f 2501/2241/2241 2564/2304/2304 2563/2303/2303
f 2502/2242/2242 2565/2305/2305 2564/2304/2304
f 2503/2243/2243 2566/2306/2306 2565/2305/2305
f 2504/2244/2244 2567/2308/2308 2566/2306/2306
f 2504/2244/2244 2505/2245/2245 2568/2307/2307
f 2506/2246/2246 2569/2309/2309 2568/2307/2307
f 2507/2247/2247 2570/2310/2310 2569/2309/2309
f 2508/2248/2248 2571/2311/2311 2570/2310/2310
f 2509/2249/2249 2572/2312/2312 2571/2311/2311
f 2510/2250/2250 2573/2313/2313 2572/2312/2312
f 2511/2251/2251 2574/2314/2314 2573/2313/2313
f 2512/2252/2252 2575/2315/2315 2574/2314/2314
f 2513/2253/2253 2576/2316/2316 2575/2315/2315
f 2514/2255/2255 2577/2317/2317 2576/2316/2316
f 2515/2254/2254 2578/2318/2318 2577/2317/2317
f 2516/2256/2256 2579/2319/2319 2578/2318/2318
f 2517/2257/2257 2580/2320/2320 2579/2319/2319
f 2518/2258/2258 2581/2322/2322 2580/2320/2320
f 2518/2258/2258 2519/2259/2259 2582/2321/2321
f 2519/2259/2259 2520/2260/2260 2583/2323/2323
f 2520/2260/2260 2521/2261/2261 2584/2324/2324
f 2521/2261/2261 2522/2262/2262 2585/2325/2325
f 2522/2262/2262 2523/2264/2264 2586/2326/2326
f 2523/2264/2264 2524/4066/4066 2587/2327/2327
f 2525/2265/2265 2526/2266/2266 2589/2328/2328
f 2526/2266/2266 2527/2267/2267 2590/2330/2330
f 2527/2267/2267 2528/2268/2268 2591/2331/2331
f 2528/2268/2268 2529/2270/2270 2592/2332/2332
f 2529/2270/2270 2530/2269/2269 2593/2333/2333
f 2530/2269/2269 2531/2271/2271 2594/2334/2334
f 2531/2271/2271 2532/2272/2272 2595/2335/2335
f 2532/2272/2272 2533/2273/2273 2596/2336/2336
f 2533/2273/2273 2534/2274/2274 2597/2337/2337
f 2534/2274/2274 2535/2275/2275 2598/2338/2338
f 2535/2275/2275 2536/2276/2276 2599/2339/2339
f 2536/2276/2276 2537/2277/2277 2600/2340/2340
f 2537/2277/2277 2538/2278/2278 2601/2341/2341
f 2538/2278/2278 2539/2279/2279 2602/2342/2342
f 2539/2279/2279 2540/2280/2280 2603/2343/2343
f 2540/2280/2280 2541/2281/2281 2604/2344/2344
f 2541/2281/2281 2542/2282/2282 2605/2345/2345
f 2542/2282/2282 2543/2283/2283 2606/2346/2346
f 2543/2283/2283 2544/2284/2284 2607/2347/2347
f 2544/2284/2284 2545/2286/2286 2608/2348/2348
f 2545/2286/2286 2546/2285/2285 2609/2349/2349
f 2546/2285/2285 2547/2287/2287 2610/2350/2350
f 2547/2287/2287 2548/2288/2288 2611/2351/2351
f 2548/2288/2288 2549/2289/2289 2612/2352/2352
f 2549/2289/2289 2550/2290/2290 2613/2353/2353
f 2550/2290/2290 2551/2291/2291 2614/2354/2354
f 2551/2291/2291 2552/2292/2292 2615/2355/2355
f 2552/2292/2292 2553/2293/2293 2616/2356/2356
f 2553/2293/2293 2554/2294/2294 2617/2357/2357
f 2554/2294/2294 2555/2295/2295 2618/2358/2358
f 2555/2295/2295 2556/2296/2296 2619/2359/2359
f 2557/2297/2297 2620/2360/2360 2619/2359/2359
f 2558/2298/2298 2621/2361/2361 2620/2360/2360
f 2559/2299/2299 2622/2362/2362 2621/2361/2361
f 2560/2300/2300 2623/2363/2363 2622/2362/2362
f 2561/2301/2301 2624/2364/2364 2623/2363/2363
f 2562/2302/2302 2625/2365/2365 2624/2364/2364
f 2563/2303/2303 2626/2366/2366 2625/2365/2365
f 2564/2304/2304 2627/2367/2367 2626/2366/2366
f 2565/2305/2305 2628/2368/2368 2627/2367/2367
f 2566/2306/2306 2629/2369/2369 2628/2368/2368
f 2567/2308/2308 2630/2371/2371 2629/2369/2369
f 2567/2308/2308 2568/2307/2307 2631/2370/2370
f 2569/2309/2309 2632/2373/2373 2631/2370/2370
f 2569/2309/2309 2570/2310/2310 2633/2372/2372
f 2571/2311/2311 2634/2374/2374 2633/2372/2372
f 2572/2312/2312 2635/2375/2375 2634/2374/2374
f 2573/2313/2313 2636/2376/2376 2635/2375/2375
f 2574/2314/2314 2637/2377/2377 2636/2376/2376
f 2575/2315/2315 2638/2378/2378 2637/2377/2377
f 2576/2316/2316 2639/2379/2379 2638/2378/2378
f 2577/2317/2317 2640/2380/2380 2639/2379/2379
f 2578/2318/2318 2641/2381/2381 2640/2380/2380
f 2579/2319/2319 2642/2382/2382 2641/2381/2381
f 2580/2320/2320 2643/2383/2383 2642/2382/2382
f 2581/2322/2322 2644/2384/2384 2643/2383/2383
f 2582/2321/2321 2645/2385/2385 2644/2384/2384
f 2583/2323/2323 2646/2386/2386 2645/2385/2385
f 2584/2324/2324 2647/2388/2388 2646/2386/2386
f 2584/2324/2324 2585/2325/2325 2648/2387/2387
f 2585/2325/2325 2586/2326/2326 2649/2389/2389
f 2586/2326/2326 2587/2327/2327 2650/2390/2390
f 2588/2329/2329 2589/2328/2328 2652/2391/2391
f 2589/2328/2328 2590/2330/2330 2653/2393/2393
f 2590/2330/2330 2591/2331/2331 2654/2394/2394
f 2591/2331/2331 2592/2332/2332 2655/2395/2395
f 2592/2332/2332 2593/2333/2333 2656/2396/2396
f 2593/2333/2333 2594/2334/2334 2657/2397/2397
f 2594/2334/2334 2595/2335/2335 2658/2398/2398
f 2595/2335/2335 2596/2336/2336 2659/2399/2399
f 2596/2336/2336 2597/2337/2337 2660/2400/2400
f 2597/2337/2337 2598/2338/2338 2661/2401/2401
f 2598/2338/2338 2599/2339/2339 2662/2402/2402
f 2599/2339/2339 2600/2340/2340 2663/2403/2403
f 2600/2340/2340 2601/2341/2341 2664/2404/2404
f 2601/2341/2341 2602/2342/2342 2665/2405/2405
f 2602/2342/2342 2603/2343/2343 2666/2406/2406
f 2603/2343/2343 2604/2344/2344 2667/2407/2407
f 2604/2344/2344 2605/2345/2345 2668/2408/2408
f 2605/2345/2345 2606/2346/2346 2669/2409/2409
f 2606/2346/2346 2607/2347/2347 2670/2410/2410
f 2607/2347/2347 2608/2348/2348 2671/2411/2411
f 2608/2348/2348 2609/2349/2349 2672/2412/2412
f 2609/2349/2349 2610/2350/2350 2673/2413/2413
f 2610/2350/2350 2611/2351/2351 2674/2414/2414
f 2611/2351/2351 2612/2352/2352 2675/2415/2415
f 2612/2352/2352 2613/2353/2353 2676/2416/2416
f 2613/2353/2353 2614/2354/2354 2677/2417/2417
f 2614/2354/2354 2615/2355/2355 2678/2418/2418
f 2615/2355/2355 2616/2356/2356 2679/2419/2419
f 2616/2356/2356 2617/2357/2357 2680/2420/2420
f 2617/2357/2357 2618/2358/2358 2681/2421/2421
f 2618/2358/2358 2619/2359/2359 2682/2422/2422
f 2620/2360/2360 2683/2423/2423 2682/2422/2422
f 2621/2361/2361 2684/2424/2424 2683/2423/2423
f 2622/2362/2362 2685/2425/2425 2684/2424/2424
f 2623/2363/2363 2686/2426/2426 2685/2425/2425
f 2624/2364/2364 2687/2427/2427 2686/2426/2426
f 2625/2365/2365 2688/2428/2428 2687/2427/2427
f 2626/2366/2366 2689/2429/2429 2688/2428/2428
f 2627/2367/2367 2690/2430/2430 2689/2429/2429
f 2628/2368/2368 2691/2431/2431 2690/2430/2430
f 2629/2369/2369 2692/2432/2432 2691/2431/2431
f 2630/2371/2371 2693/2433/2433 2692/2432/2432
f 2631/2370/2370 2694/2434/2434 2693/2433/2433
f 2632/2373/2373 2695/2436/2436 2694/2434/2434
f 2632/2373/2373 2633/2372/2372 2696/2435/2435
f 2634/2374/2374 2697/2437/2437 2696/2435/2435
f 2635/2375/2375 2698/2438/2438 2697/2437/2437
f 2636/2376/2376 2699/2440/2440 2698/2438/2438
f 2636/2376/2376 2637/2377/2377 2700/2439/2439
f 2638/2378/2378 2701/2441/2441 2700/2439/2439
f 2639/2379/2379 2702/2442/2442 2701/2441/2441
f 2640/2380/2380 2703/2443/2443 2702/2442/2442
f 2641/2381/2381 2704/2444/2444 2703/2443/2443
f 2642/2382/2382 2705/2445/2445 2704/2444/2444
f 2643/2383/2383 2706/2446/2446 2705/2445/2445
f 2644/2384/2384 2707/2447/2447 2706/2446/2446
f 2645/2385/2385 2708/2448/2448 2707/2447/2447
f 2646/2386/2386 2709/2449/2449 2708/2448/2448
f 2647/2388/2388 2710/2450/2450 2709/2449/2449
f 2648/2387/2387 2711/2451/2451 2710/2450/2450
f 2649/2389/2389 2712/2452/2452 2711/2451/2451
f 2650/2390/2390 2713/2514/2514 2712/2452/2452
f 2651/2392/2392 2652/2391/2391 2715/2453/2453
f 2652/2391/2391 2653/2393/2393 2716/2455/2455
f 2653/2393/2393 2654/2394/2394 2717/2456/2456
f 2654/2394/2394 2655/2395/2395 2718/2457/2457
f 2655/2395/2395 2656/2396/2396 2719/2458/2458
f 2656/2396/2396 2657/2397/2397 2720/2459/2459
f 2657/2397/2397 2658/2398/2398 2721/2460/2460
f 2658/2398/2398 2659/2399/2399 2722/2461/2461
f 2659/2399/2399 2660/2400/2400 2723/2462/2462
f 2660/2400/2400 2661/2401/2401 2724/2463/2463
f 2661/2401/2401 2662/2402/2402 2725/2464/2464
f 2662/2402/2402 2663/2403/2403 2726/2465/2465
f 2663/2403/2403 2664/2404/2404 2727/2466/2466
f 2664/2404/2404 2665/2405/2405 2728/2467/2467
f 2665/2405/2405 2666/2406/2406 2729/2468/2468
f 2666/2406/2406 2667/2407/2407 2730/2469/2469
f 2667/2407/2407 2668/2408/2408 2731/2470/2470
f 2668/2408/2408 2669/2409/2409 2732/2471/2471
f 2669/2409/2409 2670/2410/2410 2733/2472/2472
f 2670/2410/2410 2671/2411/2411 2734/2473/2473
f 2671/2411/2411 2672/2412/2412 2735/2474/2474
f 2672/2412/2412 2673/2413/2413 2736/2475/2475
f 2673/2413/2413 2674/2414/2414 2737/2476/2476
f 2674/2414/2414 2675/2415/2415 2738/2477/2477
f 2675/2415/2415 2676/2416/2416 2739/2478/2478
f 2676/2416/2416 2677/2417/2417 2740/2479/2479
f 2677/2417/2417 2678/2418/2418 2741/2480/2480
f 2678/2418/2418 2679/2419/2419 2742/2481/2481
f 2679/2419/2419 2680/2420/2420 2743/2482/2482
f 2680/2420/2420 2681/2421/2421 2744/2483/2483
f 2681/2421/2421 2682/2422/2422 2745/2484/2484
f 2682/2422/2422 2683/2423/2423 2746/2485/2485
f 2684/2424/2424 2747/2486/2486 2746/2485/2485
f 2685/2425/2425 2748/2487/2487 2747/2486/2486
f 2686/2426/2426 2749/2488/2488 2748/2487/2487
f 2687/2427/2427 2750/2489/2489 2749/2488/2488
f 2688/2428/2428 2751/2490/2490 2750/2489/2489
f 2689/2429/2429 2752/2491/2491 2751/2490/2490
f 2690/2430/2430 2753/2492/2492 2752/2491/2491
f 2691/2431/2431 2754/2493/2493 2753/2492/2492
f 2692/2432/2432 2755/2494/2494 2754/2493/2493
f 2693/2433/2433 2756/2495/2495 2755/2494/2494
f 2694/2434/2434 2757/2496/2496 2756/2495/2495
f 2695/2436/2436 2758/2497/2497 2757/2496/2496
f 2696/2435/2435 2759/2498/2498 2758/2497/2497
f 2697/2437/2437 2760/2500/2500 2759/2498/2498
f 2697/2437/2437 2698/2438/2438 2761/2499/2499
f 2698/2438/2438 2699/2440/2440 2762/2501/2501
f 2699/2440/2440 2700/2439/2439 2763/2502/2502
f 2700/2439/2439 2701/2441/2441 2764/2503/2503
f 2701/2441/2441 2702/2442/2442 2765/2504/2504
f 2702/2442/2442 2703/2443/2443 2766/2505/2505
f 2703/2443/2443 2704/2444/2444 2767/2506/2506
f 2705/2445/2445 2768/2507/2507 2767/2506/2506
f 2706/2446/2446 2769/2508/2508 2768/2507/2507
f 2707/2447/2447 2770/2509/2509 2769/2508/2508
f 2708/2448/2448 2771/2510/2510 2770/2509/2509
f 2709/2449/2449 2772/2511/2511 2771/2510/2510
f 2710/2450/2450 2773/2512/2512 2772/2511/2511
f 2711/2451/2451 2774/2513/2513 2773/2512/2512
f 2712/2452/2452 2775/2515/2515 2774/2513/2513
f 2713/2514/2514 2776/2577/2577 2775/2515/2515
f 2714/2454/2454 2715/2453/2453 2778/2516/2516
f 2715/2453/2453 2716/2455/2455 2779/2518/2518
f 2716/2455/2455 2717/2456/2456 2780/2519/2519
f 2717/2456/2456 2718/2457/2457 2781/2520/2520
f 2718/2457/2457 2719/2458/2458 2782/2521/2521
f 2719/2458/2458 2720/2459/2459 2783/2522/2522
f 2720/2459/2459 2721/2460/2460 2784/2523/2523
f 2721/2460/2460 2722/2461/2461 2785/2524/2524
f 2722/2461/2461 2723/2462/2462 2786/2525/2525
f 2723/2462/2462 2724/2463/2463 2787/2526/2526
f 2724/2463/2463 2725/2464/2464 2788/2527/2527
f 2725/2464/2464 2726/2465/2465 2789/2528/2528
f 2726/2465/2465 2727/2466/2466 2790/2529/2529
f 2727/2466/2466 2728/2467/2467 2791/2530/2530
f 2728/2467/2467 2729/2468/2468 2792/2531/2531
f 2729/2468/2468 2730/2469/2469 2793/2532/2532
f 2730/2469/2469 2731/2470/2470 2794/2533/2533
f 2731/2470/2470 2732/2471/2471 2795/2534/2534
f 2732/2471/2471 2733/2472/2472 2796/2535/2535
f 2733/2472/2472 2734/2473/2473 2797/2536/2536
f 2734/2473/2473 2735/2474/2474 2798/2537/2537
f 2735/2474/2474 2736/2475/2475 2799/2538/2538
f 2736/2475/2475 2737/2476/2476 2800/2539/2539
f 2737/2476/2476 2738/2477/2477 2801/2540/2540
f 2738/2477/2477 2739/2478/2478 2802/2541/2541
f 2739/2478/2478 2740/2479/2479 2803/2542/2542
f 2740/2479/2479 2741/2480/2480 2804/2543/2543
f 2742/2481/2481 2805/2545/2545 2804/2543/2543
f 2742/2481/2481 2743/2482/2482 2806/2544/2544
f 2743/2482/2482 2744/2483/2483 2807/2546/2546
f 2745/2484/2484 2808/2547/2547 2807/2546/2546
f 2746/2485/2485 2809/2548/2548 2808/2547/2547
f 2747/2486/2486 2810/2549/2549 2809/2548/2548
f 2748/2487/2487 2811/2550/2550 2810/2549/2549
f 2749/2488/2488 2812/2551/2551 2811/2550/2550
f 2750/2489/2489 2813/2552/2552 2812/2551/2551
f 2751/2490/2490 2814/2553/2553 2813/2552/2552
f 2752/2491/2491 2815/2554/2554 2814/2553/2553
f 2753/2492/2492 2816/2555/2555 2815/2554/2554
f 2754/2493/2493 2817/2556/2556 2816/2555/2555
f 2755/2494/2494 2818/2557/2557 2817/2556/2556
f 2756/2495/2495 2819/2558/2558 2818/2557/2557
f 2757/2496/2496 2820/2559/2559 2819/2558/2558
f 2758/2497/2497 2821/2560/2560 2820/2559/2559
f 2759/2498/2498 2822/2561/2561 2821/2560/2560
f 2760/2500/2500 2823/2562/2562 2822/2561/2561
f 2761/2499/2499 2824/2563/2563 2823/2562/2562
f 2762/2501/2501 2825/2564/2564 2824/2563/2563
f 2763/2502/2502 2826/2565/2565 2825/2564/2564
f 2764/2503/2503 2827/2566/2566 2826/2565/2565
f 2765/2504/2504 2828/2568/2568 2827/2566/2566
f 2765/2504/2504 2766/2505/2505 2829/2567/2567
f 2766/2505/2505 2767/2506/2506 2830/2569/2569
f 2767/2506/2506 2768/2507/2507 2831/2570/2570
f 2768/2507/2507 2769/2508/2508 2832/2571/2571
f 2770/2509/2509 2833/2572/2572 2832/2571/2571
f 2771/2510/2510 2834/2573/2573 2833/2572/2572
f 2772/2511/2511 2835/2574/2574 2834/2573/2573
f 2773/2512/2512 2836/2575/2575 2835/2574/2574
f 2774/2513/2513 2837/2576/2576 2836/2575/2575
f 2775/2515/2515 2838/2578/2578 2837/2576/2576
f 2776/2577/2577 2839/2640/2640 2838/2578/2578
f 2777/2517/2517 2778/2516/2516 2841/2579/2579
f 2778/2516/2516 2779/2518/2518 2842/2581/2581
f 2779/2518/2518 2780/2519/2519 2843/2582/2582
f 2780/2519/2519 2781/2520/2520 2844/2583/2583
f 2781/2520/2520 2782/2521/2521 2845/2584/2584
f 2782/2521/2521 2783/2522/2522 2846/2585/2585
f 2783/2522/2522 2784/2523/2523 2847/2586/2586
f 2784/2523/2523 2785/2524/2524 2848/2587/2587
f 2785/2524/2524 2786/2525/2525 2849/2588/2588
f 2786/2525/2525 2787/2526/2526 2850/2589/2589
f 2787/2526/2526 2788/2527/2527 2851/2590/2590
f 2788/2527/2527 2789/2528/2528 2852/2591/2591
f 2789/2528/2528 2790/2529/2529 2853/2592/2592
f 2790/2529/2529 2791/2530/2530 2854/2593/2593
f 2791/2530/2530 2792/2531/2531 2855/2594/2594
f 2792/2531/2531 2793/2532/2532 2856/2595/2595
f 2793/2532/2532 2794/2533/2533 2857/2596/2596
f 2794/2533/2533 2795/2534/2534 2858/2597/2597
f 2795/2534/2534 2796/2535/2535 2859/2598/2598
f 2796/2535/2535 2797/2536/2536 2860/2599/2599
f 2797/2536/2536 2798/2537/2537 2861/2600/2600
f 2798/2537/2537 2799/2538/2538 2862/2601/2601
f 2799/2538/2538 2800/2539/2539 2863/2602/2602
f 2800/2539/2539 2801/2540/2540 2864/2603/2603
f 2801/2540/2540 2802/2541/2541 2865/2604/2604
f 2802/2541/2541 2803/2542/2542 2866/2605/2605
f 2803/2542/2542 2804/2543/2543 2867/2606/2606
f 2805/2545/2545 2868/2608/2608 2867/2606/2606
f 2805/2545/2545 2806/2544/2544 2869/2607/2607
f 2806/2544/2544 2807/2546/2546 2870/2609/2609
f 2807/2546/2546 2808/2547/2547 2871/2610/2610
f 2808/2547/2547 2809/2548/2548 2872/2611/2611
f 2810/2549/2549 2873/2612/2612 2872/2611/2611
f 2811/2550/2550 2874/2613/2613 2873/2612/2612
f 2812/2551/2551 2875/2614/2614 2874/2613/2613
f 2813/2552/2552 2876/2615/2615 2875/2614/2614
f 2814/2553/2553 2877/2616/2616 2876/2615/2615
f 2815/2554/2554 2878/2617/2617 2877/2616/2616
f 2816/2555/2555 2879/2618/2618 2878/2617/2617
f 2817/2556/2556 2880/2619/2619 2879/2618/2618
f 2818/2557/2557 2881/2620/2620 2880/2619/2619
f 2819/2558/2558 2882/2621/2621 2881/2620/2620
f 2820/2559/2559 2883/2622/2622 2882/2621/2621
f 2821/2560/2560 2884/2623/2623 2883/2622/2622
f 2822/2561/2561 2885/2624/2624 2884/2623/2623
f 2823/2562/2562 2886/2625/2625 2885/2624/2624
f 2824/2563/2563 2887/2626/2626 2886/2625/2625
f 2825/2564/2564 2888/2627/2627 2887/2626/2626
f 2826/2565/2565 2889/2628/2628 2888/2627/2627
f 2827/2566/2566 2890/2629/2629 2889/2628/2628
f 2828/2568/2568 2891/2630/2630 2890/2629/2629
f 2829/2567/2567 2892/2631/2631 2891/2630/2630
f 2830/2569/2569 2893/2632/2632 2892/2631/2631
f 2831/2570/2570 2894/2633/2633 2893/2632/2632
f 2832/2571/2571 2895/2634/2634 2894/2633/2633
f 2833/2572/2572 2896/2636/2636 2895/2634/2634
f 2833/2572/2572 2834/2573/2573 2897/2635/2635
f 2835/2574/2574 2898/2637/2637 2897/2635/2635
f 2836/2575/2575 2899/2638/2638 2898/2637/2637
f 2837/2576/2576 2900/2639/2639 2899/2638/2638
f 2838/2578/2578 2901/2641/2641 2900/2639/2639
f 2839/2640/2640 2902/2703/2703 2901/2641/2641
f 2840/2580/2580 2841/2579/2579 2904/2642/2642
f 2841/2579/2579 2842/2581/2581 2905/2644/2644
f 2842/2581/2581 2843/2582/2582 2906/2645/2645
f 2843/2582/2582 2844/2583/2583 2907/2646/2646
f 2844/2583/2583 2845/2584/2584 2908/2647/2647
f 2845/2584/2584 2846/2585/2585 2909/2648/2648
f 2846/2585/2585 2847/2586/2586 2910/2649/2649
f 2847/2586/2586 2848/2587/2587 2911/2650/2650
f 2848/2587/2587 2849/2588/2588 2912/2651/2651
f 2849/2588/2588 2850/2589/2589 2913/2652/2652
f 2850/2589/2589 2851/2590/2590 2914/2653/2653
f 2851/2590/2590 2852/2591/2591 2915/2654/2654
f 2852/2591/2591 2853/2592/2592 2916/2655/2655
f 2853/2592/2592 2854/2593/2593 2917/2656/2656
f 2854/2593/2593 2855/2594/2594 2918/2657/2657
f 2855/2594/2594 2856/2595/2595 2919/2658/2658
f 2856/2595/2595 2857/2596/2596 2920/2659/2659
f 2857/2596/2596 2858/2597/2597 2921/2660/2660
f 2858/2597/2597 2859/2598/2598 2922/2661/2661
f 2859/2598/2598 2860/2599/2599 2923/2662/2662
f 2860/2599/2599 2861/2600/2600 2924/2663/2663
f 2861/2600/2600 2862/2601/2601 2925/2664/2664
f 2862/2601/2601 2863/2602/2602 2926/2665/2665
f 2863/2602/2602 2864/2603/2603 2927/2666/2666
f 2864/2603/2603 2865/2604/2604 2928/2667/2667
f 2865/2604/2604 2866/2605/2605 2929/2668/2668
f 2866/2605/2605 2867/2606/2606 2930/2669/2669
f 2867/2606/2606 2868/2608/2608 2931/2670/2670
f 2868/2608/2608 2869/2607/2607 2932/2671/2671
f 2869/2607/2607 2870/2609/2609 2933/2672/2672
f 2871/2610/2610 2934/2674/2674 2933/2672/2672
f 2871/2610/2610 2872/2611/2611 2935/2673/2673
f 2873/2612/2612 2936/2675/2675 2935/2673/2673
f 2874/2613/2613 2937/2676/2676 2936/2675/2675
f 2875/2614/2614 2938/2677/2677 2937/2676/2676
f 2876/2615/2615 2939/2678/2678 2938/2677/2677
f 2877/2616/2616 2940/2679/2679 2939/2678/2678
f 2878/2617/2617 2941/2680/2680 2940/2679/2679
f 2879/2618/2618 2942/2681/2681 2941/2680/2680
f 2880/2619/2619 2943/2682/2682 2942/2681/2681
f 2881/2620/2620 2944/2683/2683 2943/2682/2682
f 2882/2621/2621 2945/2684/2684 2944/2683/2683
f 2883/2622/2622 2946/2685/2685 2945/2684/2684
f 2884/2623/2623 2947/2686/2686 2946/2685/2685
f 2885/2624/2624 2948/2687/2687 2947/2686/2686
f 2886/2625/2625 2949/2688/2688 2948/2687/2687
f 2887/2626/2626 2950/2689/2689 2949/2688/2688
f 2888/2627/2627 2951/2690/2690 2950/2689/2689
f 2889/2628/2628 2952/2691/2691 2951/2690/2690
f 2890/2629/2629 2953/2692/2692 2952/2691/2691
f 2891/2630/2630 2954/2693/2693 2953/2692/2692
f 2892/2631/2631 2955/2694/2694 2954/2693/2693
f 2893/2632/2632 2956/2695/2695 2955/2694/2694
f 2894/2633/2633 2957/2696/2696 2956/2695/2695
f 2895/2634/2634 2958/2697/2697 2957/2696/2696
f 2896/2636/2636 2959/2698/2698 2958/2697/2697
f 2897/2635/2635 2960/2699/2699 2959/2698/2698
f 2898/2637/2637 2961/2700/2700 2960/2699/2699
f 2899/2638/2638 2962/2701/2701 2961/2700/2700
f 2900/2639/2639 2963/2702/2702 2962/2701/2701
f 2901/2641/2641 2964/2704/2704 2963/2702/2702
f 2902/2703/2703 2965/2766/2766 2964/2704/2704
f 2903/2643/2643 2904/2642/2642 2967/2705/2705
f 2904/2642/2642 2905/2644/2644 2968/2707/2707
f 2905/2644/2644 2906/2645/2645 2969/2708/2708
f 2906/2645/2645 2907/2646/2646 2970/2709/2709
f 2907/2646/2646 2908/2647/2647 2971/2710/2710
f 2908/2647/2647 2909/2648/2648 2972/2711/2711
f 2909/2648/2648 2910/2649/2649 2973/2712/2712
f 2910/2649/2649 2911/2650/2650 2974/2713/2713
f 2911/2650/2650 2912/2651/2651 2975/2714/2714
f 2912/2651/2651 2913/2652/2652 2976/2715/2715
f 2913/2652/2652 2914/2653/2653 2977/2716/2716
f 2914/2653/2653 2915/2654/2654 2978/2717/2717
f 2915/2654/2654 2916/2655/2655 2979/2718/2718
f 2916/2655/2655 2917/2656/2656 2980/2719/2719
f 2917/2656/2656 2918/2657/2657 2981/2720/2720
f 2918/2657/2657 2919/2658/2658 2982/2721/2721
f 2919/2658/2658 2920/2659/2659 2983/2722/2722
f 2920/2659/2659 2921/2660/2660 2984/2723/2723
f 2921/2660/2660 2922/2661/2661 2985/2724/2724
f 2922/2661/2661 2923/2662/2662 2986/2725/2725
f 2923/2662/2662 2924/2663/2663 2987/2726/2726
f 2924/2663/2663 2925/2664/2664 2988/2727/2727
f 2925/2664/2664 2926/2665/2665 2989/2728/2728
f 2926/2665/2665 2927/2666/2666 2990/2729/2729
f 2927/2666/2666 2928/2667/2667 2991/2730/2730
f 2928/2667/2667 2929/2668/2668 2992/2731/2731
f 2930/2669/2669 2993/2733/2733 2992/2731/2731
f 2930/2669/2669 2931/2670/2670 2994/2732/2732
f 2931/2670/2670 2932/2671/2671 2995/2734/2734
f 2932/2671/2671 2933/2672/2672 2996/2735/2735
f 2933/2672/2672 2934/2674/2674 2997/2736/2736
f 2934/2674/2674 2935/2673/2673 2998/2737/2737
f 2936/2675/2675 2999/2738/2738 2998/2737/2737
f 2937/2676/2676 3000/2739/2739 2999/2738/2738
f 2938/2677/2677 3001/2740/2740 3000/2739/2739
f 2939/2678/2678 3002/2741/2741 3001/2740/2740
f 2940/2679/2679 3003/2742/2742 3002/2741/2741
f 2941/2680/2680 3004/2743/2743 3003/2742/2742
f 2942/2681/2681 3005/2744/2744 3004/2743/2743
f 2943/2682/2682 3006/2745/2745 3005/2744/2744
f 2944/2683/2683 3007/2746/2746 3006/2745/2745
f 2945/2684/2684 3008/2747/2747 3007/2746/2746
f 2946/2685/2685 3009/2748/2748 3008/2747/2747
f 2947/2686/2686 3010/2749/2749 3009/2748/2748
f 2948/2687/2687 3011/2750/2750 3010/2749/2749
f 2949/2688/2688 3012/2751/2751 3011/2750/2750
f 2950/2689/2689 3013/2752/2752 3012/2751/2751
f 2951/2690/2690 3014/2753/2753 3013/2752/2752
f 2952/2691/2691 3015/2754/2754 3014/2753/2753
f 2953/2692/2692 3016/2755/2755 3015/2754/2754
f 2954/2693/2693 3017/2756/2756 3016/2755/2755
f 2955/2694/2694 3018/2757/2757 3017/2756/2756
f 2956/2695/2695 3019/2758/2758 3018/2757/2757
f 2957/2696/2696 3020/2759/2759 3019/2758/2758
f 2958/2697/2697 3021/2760/2760 3020/2759/2759
f 2959/2698/2698 3022/2761/2761 3021/2760/2760
f 2960/2699/2699 3023/2762/2762 3022/2761/2761
f 2961/2700/2700 3024/2763/2763 3023/2762/2762
f 2962/2701/2701 3025/2764/2764 3024/2763/2763
f 2963/2702/2702 3026/2765/2765 3025/2764/2764
f 2964/2704/2704 3027/2767/2767 3026/2765/2765
f 2965/2766/2766 3028/2829/2829 3027/2767/2767
f 2966/2706/2706 2967/2705/2705 3030/2768/2768
f 2967/2705/2705 2968/2707/2707 3031/2770/2770
f 2968/2707/2707 2969/2708/2708 3032/2771/2771
f 2969/2708/2708 2970/2709/2709 3033/2772/2772
f 2970/2709/2709 2971/2710/2710 3034/2773/2773
f 2971/2710/2710 2972/2711/2711 3035/2774/2774
f 2972/2711/2711 2973/2712/2712 3036/2775/2775
f 2973/2712/2712 2974/2713/2713 3037/2776/2776
f 2974/2713/2713 2975/2714/2714 3038/2777/2777
f 2975/2714/2714 2976/2715/2715 3039/2778/2778
f 2976/2715/2715 2977/2716/2716 3040/2779/2779
f 2977/2716/2716 2978/2717/2717 3041/2780/2780
f 2978/2717/2717 2979/2718/2718 3042/2781/2781
f 2979/2718/2718 2980/2719/2719 3043/2782/2782
f 2980/2719/2719 2981/2720/2720 3044/2783/2783
f 2981/2720/2720 2982/2721/2721 3045/2784/2784
f 2982/2721/2721 2983/2722/2722 3046/2785/2785
f 2983/2722/2722 2984/2723/2723 3047/2786/2786
f 2984/2723/2723 2985/2724/2724 3048/2787/2787
f 2985/2724/2724 2986/2725/2725 3049/2788/2788
f 2986/2725/2725 2987/2726/2726 3050/2789/2789
f 2987/2726/2726 2988/2727/2727 3051/2790/2790
f 2988/2727/2727 2989/2728/2728 3052/2791/2791
f 2989/2728/2728 2990/2729/2729 3053/2792/2792
f 2990/2729/2729 2991/2730/2730 3054/2793/2793
f 2991/2730/2730 2992/2731/2731 3055/2794/2794
f 2992/2731/2731 2993/2733/2733 3056/2795/2795
f 2993/2733/2733 2994/2732/2732 3057/2796/2796
f 2994/2732/2732 2995/2734/2734 3058/2797/2797
f 2995/2734/2734 2996/2735/2735 3059/2798/2798
f 2996/2735/2735 2997/2736/2736 3060/2799/2799
f 2998/2737/2737 3061/2800/2800 3060/2799/2799
f 2999/2738/2738 3062/2801/2801 3061/2800/2800
f 3000/2739/2739 3063/2802/2802 3062/2801/2801
f 3001/2740/2740 3064/2803/2803 3063/2802/2802
f 3002/2741/2741 3065/2804/2804 3064/2803/2803
f 3003/2742/2742 3066/2805/2805 3065/2804/2804
f 3004/2743/2743 3067/2806/2806 3066/2805/2805
f 3005/2744/2744 3068/2807/2807 3067/2806/2806
f 3006/2745/2745 3069/2808/2808 3068/2807/2807
f 3007/2746/2746 3070/2809/2809 3069/2808/2808
f 3008/2747/2747 3071/2810/2810 3070/2809/2809
f 3009/2748/2748 3072/2811/2811 3071/2810/2810
f 3010/2749/2749 3073/2812/2812 3072/2811/2811
f 3011/2750/2750 3074/2813/2813 3073/2812/2812
f 3012/2751/2751 3075/2814/2814 3074/2813/2813
f 3013/2752/2752 3076/2815/2815 3075/2814/2814
f 3014/2753/2753 3077/2816/2816 3076/2815/2815
f 3015/2754/2754 3078/2817/2817 3077/2816/2816
f 3016/2755/2755 3079/2818/2818 3078/2817/2817
f 3017/2756/2756 3080/2819/2819 3079/2818/2818
f 3018/2757/2757 3081/2820/2820 3080/2819/2819
f 3019/2758/2758 3082/2821/2821 3081/2820/2820
f 3020/2759/2759 3083/2822/2822 3082/2821/2821
f 3021/2760/2760 3084/2823/2823 3083/2822/2822
f 3022/2761/2761 3085/2824/2824 3084/2823/2823
f 3023/2762/2762 3086/2825/2825 3085/2824/2824
f 3024/2763/2763 3087/2826/2826 3086/2825/2825
f 3025/2764/2764 3088/2827/2827 3087/2826/2826
f 3026/2765/2765 3089/2828/2828 3088/2827/2827
f 3027/2767/2767 3090/2830/2830 3089/2828/2828
f 3028/2829/2829 3091/2892/2892 3090/2830/2830
f 3029/2769/2769 3030/2768/2768 3093/2831/2831
f 3030/2768/2768 3031/2770/2770 3094/2833/2833
f 3031/2770/2770 3032/2771/2771 3095/2834/2834
f 3032/2771/2771 3033/2772/2772 3096/2835/2835
f 3033/2772/2772 3034/2773/2773 3097/2836/2836
f 3034/2773/2773 3035/2774/2774 3098/2837/2837
f 3035/2774/2774 3036/2775/2775 3099/2838/2838
f 3036/2775/2775 3037/2776/2776 3100/2839/2839
f 3037/2776/2776 3038/2777/2777 3101/2840/2840
f 3038/2777/2777 3039/2778/2778 3102/2841/2841
f 3039/2778/2778 3040/2779/2779 3103/2842/2842
f 3040/2779/2779 3041/2780/2780 3104/2843/2843
f 3041/2780/2780 3042/2781/2781 3105/2844/2844
f 3042/2781/2781 3043/2782/2782 3106/2845/2845
f 3043/2782/2782 3044/2783/2783 3107/2846/2846
f 3044/2783/2783 3045/2784/2784 3108/2847/2847
f 3045/2784/2784 3046/2785/2785 3109/2848/2848
f 3046/2785/2785 3047/2786/2786 3110/2849/2849
f 3047/2786/2786 3048/2787/2787 3111/2850/2850
f 3048/2787/2787 3049/2788/2788 3112/2851/2851
f 3049/2788/2788 3050/2789/2789 3113/2852/2852
f 3050/2789/2789 3051/2790/2790 3114/2853/2853
f 3051/2790/2790 3052/2791/2791 3115/2854/2854
f 3052/2791/2791 3053/2792/2792 3116/2855/2855
f 3053/2792/2792 3054/2793/2793 3117/2856/2856
f 3054/2793/2793 3055/2794/2794 3118/2857/2857
f 3055/2794/2794 3056/2795/2795 3119/2858/2858
f 3056/2795/2795 3057/2796/2796 3120/2859/2859
f 3057/2796/2796 3058/2797/2797 3121/2860/2860
f 3059/2798/2798 3122/2862/2862 3121/2860/2860
f 3059/2798/2798 3060/2799/2799 3123/2861/2861
f 3061/2800/2800 3124/2864/2864 3123/2861/2861
f 3061/2800/2800 3062/2801/2801 3125/2863/2863
f 3063/2802/2802 3126/2865/2865 3125/2863/2863
f 3064/2803/2803 3127/2866/2866 3126/2865/2865
f 3065/2804/2804 3128/2867/2867 3127/2866/2866
f 3066/2805/2805 3129/2868/2868 3128/2867/2867
f 3067/2806/2806 3130/2869/2869 3129/2868/2868
f 3068/2807/2807 3131/2870/2870 3130/2869/2869
f 3069/2808/2808 3132/2871/2871 3131/2870/2870
f 3070/2809/2809 3133/2872/2872 3132/2871/2871
f 3071/2810/2810 3134/2873/2873 3133/2872/2872
f 3072/2811/2811 3135/2874/2874 3134/2873/2873
f 3073/2812/2812 3136/2875/2875 3135/2874/2874
f 3074/2813/2813 3137/2876/2876 3136/2875/2875
f 3075/2814/2814 3138/2877/2877 3137/2876/2876
f 3076/2815/2815 3139/2878/2878 3138/2877/2877
f 3077/2816/2816 3140/2879/2879 3139/2878/2878
f 3078/2817/2817 3141/2880/2880 3140/2879/2879
f 3079/2818/2818 3142/2881/2881 3141/2880/2880
f 3080/2819/2819 3143/2882/2882 3142/2881/2881
f 3081/2820/2820 3144/2883/2883 3143/2882/2882
f 3082/2821/2821 3145/2884/2884 3144/2883/2883
f 3083/2822/2822 3146/2885/2885 3145/2884/2884
f 3084/2823/2823 3147/2886/2886 3146/2885/2885
f 3085/2824/2824 3148/2887/2887 3147/2886/2886
f 3086/2825/2825 3149/2888/2888 3148/2887/2887
f 3087/2826/2826 3150/2889/2889 3149/2888/2888
f 3088/2827/2827 3151/2890/2890 3150/2889/2889
f 3089/2828/2828 3152/2891/2891 3151/2890/2890
f 3090/2830/2830 3153/2893/2893 3152/2891/2891
f 3091/2892/2892 3154/2955/2955 3153/2893/2893
f 3092/2832/2832 3093/2831/2831 3156/2894/2894
f 3093/2831/2831 3094/2833/2833 3157/2896/2896
f 3094/2833/2833 3095/2834/2834 3158/2897/2897
f 3095/2834/2834 3096/2835/2835 3159/2898/2898
f 3096/2835/2835 3097/2836/2836 3160/2899/2899
f 3097/2836/2836 3098/2837/2837 3161/2900/2900
f 3098/2837/2837 3099/2838/2838 3162/2901/2901
f 3099/2838/2838 3100/2839/2839 3163/2902/2902
f 3100/2839/2839 3101/2840/2840 3164/2903/2903
f 3101/2840/2840 3102/2841/2841 3165/2904/2904
f 3102/2841/2841 3103/2842/2842 3166/2905/2905
f 3103/2842/2842 3104/2843/2843 3167/2906/2906
f 3104/2843/2843 3105/2844/2844 3168/2907/2907
f 3105/2844/2844 3106/2845/2845 3169/2908/2908
f 3106/2845/2845 3107/2846/2846 3170/2909/2909
f 3107/2846/2846 3108/2847/2847 3171/2910/2910
f 3108/2847/2847 3109/2848/2848 3172/2911/2911
f 3109/2848/2848 3110/2849/2849 3173/2912/2912
f 3110/2849/2849 3111/2850/2850 3174/2913/2913
f 3111/2850/2850 3112/2851/2851 3175/2914/2914
f 3112/2851/2851 3113/2852/2852 3176/2915/2915
f 3113/2852/2852 3114/2853/2853 3177/2916/2916
f 3114/2853/2853 3115/2854/2854 3178/2917/2917
f 3115/2854/2854 3116/2855/2855 3179/2918/2918
f 3116/2855/2855 3117/2856/2856 3180/2919/2919
f 3117/2856/2856 3118/2857/2857 3181/2920/2920
f 3118/2857/2857 3119/2858/2858 3182/2921/2921
f 3119/2858/2858 3120/2859/2859 3183/2922/2922
f 3120/2859/2859 3121/2860/2860 3184/2923/2923
f 3122/2862/2862 3185/2925/2925 3184/2923/2923
f 3122/2862/2862 3123/2861/2861 3186/2924/2924
f 3124/2864/2864 3187/2927/2927 3186/2924/2924
f 3124/2864/2864 3125/2863/2863 3188/2926/2926
f 3126/2865/2865 3189/2928/2928 3188/2926/2926
f 3127/2866/2866 3190/2929/2929 3189/2928/2928
f 3128/2867/2867 3191/2930/2930 3190/2929/2929
f 3129/2868/2868 3192/2931/2931 3191/2930/2930
f 3130/2869/2869 3193/2932/2932 3192/2931/2931
f 3131/2870/2870 3194/2933/2933 3193/2932/2932
f 3132/2871/2871 3195/2934/2934 3194/2933/2933
f 3133/2872/2872 3196/2935/2935 3195/2934/2934
f 3134/2873/2873 3197/2936/2936 3196/2935/2935
f 3135/2874/2874 3198/2937/2937 3197/2936/2936
f 3136/2875/2875 3199/2938/2938 3198/2937/2937
f 3137/2876/2876 3200/2939/2939 3199/2938/2938
f 3138/2877/2877 3201/2940/2940 3200/2939/2939
f 3139/2878/2878 3202/2941/2941 3201/2940/2940
f 3140/2879/2879 3203/2942/2942 3202/2941/2941
f 3141/2880/2880 3204/2943/2943 3203/2942/2942
f 3142/2881/2881 3205/2944/2944 3204/2943/2943
f 3143/2882/2882 3206/2945/2945 3205/2944/2944
f 3144/2883/2883 3207/2946/2946 3206/2945/2945
f 3145/2884/2884 3208/2947/2947 3207/2946/2946
f 3146/2885/2885 3209/2948/2948 3208/2947/2947
f 3147/2886/2886 3210/2949/2949 3209/2948/2948
f 3148/2887/2887 3211/2950/2950 3210/2949/2949
f 3149/2888/2888 3212/2951/2951 3211/2950/2950
f 3150/2889/2889 3213/2952/2952 3212/2951/2951
f 3151/2890/2890 3214/2953/2953 3213/2952/2952
f 3152/2891/2891 3215/2954/2954 3214/2953/2953
f 3153/2893/2893 3216/2956/2956 3215/2954/2954
f 3154/2955/2955 3217/3018/3018 3216/2956/2956
f 3155/2895/2895 3156/2894/2894 3219/2957/2957
f 3156/2894/2894 3157/2896/2896 3220/2959/2959
f 3157/2896/2896 3158/2897/2897 3221/2960/2960
f 3158/2897/2897 3159/2898/2898 3222/2961/2961
f 3159/2898/2898 3160/2899/2899 3223/2962/2962
f 3160/2899/2899 3161/2900/2900 3224/2963/2963
f 3161/2900/2900 3162/2901/2901 3225/2964/2964
f 3162/2901/2901 3163/2902/2902 3226/2965/2965
f 3163/2902/2902 3164/2903/2903 3227/2966/2966
f 3164/2903/2903 3165/2904/2904 3228/2967/2967
f 3165/2904/2904 3166/2905/2905 3229/2968/2968
f 3166/2905/2905 3167/2906/2906 3230/2969/2969
f 3167/2906/2906 3168/2907/2907 3231/2970/2970
f 3168/2907/2907 3169/2908/2908 3232/2971/2971
f 3169/2908/2908 3170/2909/2909 3233/2972/2972
f 3170/2909/2909 3171/2910/2910 3234/2973/2973
f 3171/2910/2910 3172/2911/2911 3235/2974/2974
f 3172/2911/2911 3173/2912/2912 3236/2975/2975
f 3173/2912/2912 3174/2913/2913 3237/2976/2976
f 3174/2913/2913 3175/2914/2914 3238/2977/2977
f 3175/2914/2914 3176/2915/2915 3239/2978/2978
f 3176/2915/2915 3177/2916/2916 3240/2979/2979
f 3177/2916/2916 3178/2917/2917 3241/2980/2980
f 3178/2917/2917 3179/2918/2918 3242/2981/2981
f 3179/2918/2918 3180/2919/2919 3243/2982/2982
f 3180/2919/2919 3181/2920/2920 3244/2983/2983
f 3181/2920/2920 3182/2921/2921 3245/2984/2984
f 3182/2921/2921 3183/2922/2922 3246/2985/2985
f 3183/2922/2922 3184/2923/2923 3247/2986/2986
f 3185/2925/2925 3248/2987/2987 3247/2986/2986
f 3186/2924/2924 3249/2989/2989 3248/2987/2987
f 3186/2924/2924 3187/2927/2927 3250/2988/2988
f 3187/2927/2927 3188/2926/2926 3251/2990/2990
f 3189/2928/2928 3252/2991/2991 3251/2990/2990
f 3190/2929/2929 3253/2992/2992 3252/2991/2991
f 3191/2930/2930 3254/2993/2993 3253/2992/2992
f 3192/2931/2931 3255/2994/2994 3254/2993/2993
f 3193/2932/2932 3256/2995/2995 3255/2994/2994
f 3194/2933/2933 3257/2996/2996 3256/2995/2995
f 3195/2934/2934 3258/2997/2997 3257/2996/2996
f 3196/2935/2935 3259/2998/2998 3258/2997/2997
f 3197/2936/2936 3260/2999/2999 3259/2998/2998
f 3198/2937/2937 3261/3000/3000 3260/2999/2999
f 3199/2938/2938 3262/3001/3001 3261/3000/3000
f 3200/2939/2939 3263/3002/3002 3262/3001/3001
f 3201/2940/2940 3264/3003/3003 3263/3002/3002
f 3202/2941/2941 3265/3004/3004 3264/3003/3003
f 3203/2942/2942 3266/3005/3005 3265/3004/3004
f 3204/2943/2943 3267/3006/3006 3266/3005/3005
f 3205/2944/2944 3268/3007/3007 3267/3006/3006
f 3206/2945/2945 3269/3008/3008 3268/3007/3007
f 3207/2946/2946 3270/3009/3009 3269/3008/3008
f 3208/2947/2947 3271/3010/3010 3270/3009/3009
f 3209/2948/2948 3272/3011/3011 3271/3010/3010
f 3210/2949/2949 3273/3012/3012 3272/3011/3011
f 3211/2950/2950 3274/3013/3013 3273/3012/3012
f 3212/2951/2951 3275/3014/3014 3274/3013/3013
f 3213/2952/2952 3276/3015/3015 3275/3014/3014
f 3214/2953/2953 3277/3016/3016 3276/3015/3015
f 3215/2954/2954 3278/3017/3017 3277/3016/3016
f 3216/2956/2956 3279/3019/3019 3278/3017/3017
f 3217/3018/3018 3280/3081/3081 3279/3019/3019
f 3218/2958/2958 3219/2957/2957 3282/3020/3020
f 3219/2957/2957 3220/2959/2959 3283/3022/3022
f 3220/2959/2959 3221/2960/2960 3284/3023/3023
f 3221/2960/2960 3222/2961/2961 3285/3024/3024
f 3222/2961/2961 3223/2962/2962 3286/3025/3025
f 3223/2962/2962 3224/2963/2963 3287/3026/3026
f 3224/2963/2963 3225/2964/2964 3288/3027/3027
f 3225/2964/2964 3226/2965/2965 3289/3028/3028
f 3226/2965/2965 3227/2966/2966 3290/3029/3029
f 3227/2966/2966 3228/2967/2967 3291/3030/3030
f 3228/2967/2967 3229/2968/2968 3292/3031/3031
f 3229/2968/2968 3230/2969/2969 3293/3032/3032
f 3230/2969/2969 3231/2970/2970 3294/3033/3033
f 3231/2970/2970 3232/2971/2971 3295/3034/3034
f 3232/2971/2971 3233/2972/2972 3296/3035/3035
f 3233/2972/2972 3234/2973/2973 3297/3036/3036
f 3234/2973/2973 3235/2974/2974 3298/3037/3037
f 3235/2974/2974 3236/2975/2975 3299/3038/3038
f 3236/2975/2975 3237/2976/2976 3300/3039/3039
f 3237/2976/2976 3238/2977/2977 3301/3040/3040
f 3238/2977/2977 3239/2978/2978 3302/3041/3041
f 3239/2978/2978 3240/2979/2979 3303/3042/3042
f 3240/2979/2979 3241/2980/2980 3304/3043/3043
f 3241/2980/2980 3242/2981/2981 3305/3044/3044
f 3242/2981/2981 3243/2982/2982 3306/3045/3045
f 3243/2982/2982 3244/2983/2983 3307/3046/3046
f 3244/2983/2983 3245/2984/2984 3308/3047/3047
f 3245/2984/2984 3246/2985/2985 3309/3048/3048
f 3246/2985/2985 3247/2986/2986 3310/3049/3049
f 3248/2987/2987 3311/3050/3050 3310/3049/3049
f 3249/2989/2989 3312/3051/3051 3311/3050/3050
f 3250/2988/2988 3313/3053/3053 3312/3051/3051
f 3250/2988/2988 3251/2990/2990 3314/3052/3052
f 3252/2991/2991 3315/3054/3054 3314/3052/3052
f 3253/2992/2992 3316/3055/3055 3315/3054/3054
f 3254/2993/2993 3317/3056/3056 3316/3055/3055
f 3255/2994/2994 3318/3057/3057 3317/3056/3056
f 3256/2995/2995 3319/3058/3058 3318/3057/3057
f 3257/2996/2996 3320/3059/3059 3319/3058/3058
f 3258/2997/2997 3321/3060/3060 3320/3059/3059
f 3259/2998/2998 3322/3061/3061 3321/3060/3060
f 3260/2999/2999 3323/3062/3062 3322/3061/3061
f 3261/3000/3000 3324/3063/3063 3323/3062/3062
f 3262/3001/3001 3325/3064/3064 3324/3063/3063
f 3263/3002/3002 3326/3065/3065 3325/3064/3064
f 3264/3003/3003 3327/3066/3066 3326/3065/3065
f 3265/3004/3004 3328/3067/3067 3327/3066/3066
f 3266/3005/3005 3329/3068/3068 3328/3067/3067
f 3267/3006/3006 3330/3069/3069 3329/3068/3068
f 3268/3007/3007 3331/3070/3070 3330/3069/3069
f 3269/3008/3008 3332/3071/3071 3331/3070/3070
f 3270/3009/3009 3333/3072/3072 3332/3071/3071
f 3271/3010/3010 3334/3073/3073 3333/3072/3072
f 3272/3011/3011 3335/3074/3074 3334/3073/3073
f 3273/3012/3012 3336/3075/3075 3335/3074/3074
f 3274/3013/3013 3337/3076/3076 3336/3075/3075
f 3275/3014/3014 3338/3077/3077 3337/3076/3076
f 3276/3015/3015 3339/3078/3078 3338/3077/3077
f 3277/3016/3016 3340/3079/3079 3339/3078/3078
f 3278/3017/3017 3341/3080/3080 3340/3079/3079
f 3279/3019/3019 3342/3082/3082 3341/3080/3080
f 3280/3081/3081 3343/3144/3144 3342/3082/3082
f 3281/3021/3021 3282/3020/3020 3345/3083/3083
f 3282/3020/3020 3283/3022/3022 3346/3085/3085
f 3283/3022/3022 3284/3023/3023 3347/3086/3086
f 3284/3023/3023 3285/3024/3024 3348/3087/3087
f 3285/3024/3024 3286/3025/3025 3349/3088/3088
f 3286/3025/3025 3287/3026/3026 3350/3089/3089
f 3287/3026/3026 3288/3027/3027 3351/3090/3090
f 3288/3027/3027 3289/3028/3028 3352/3091/3091
f 3289/3028/3028 3290/3029/3029 3353/3092/3092
f 3290/3029/3029 3291/3030/3030 3354/3093/3093
f 3291/3030/3030 3292/3031/3031 3355/3094/3094
f 3292/3031/3031 3293/3032/3032 3356/3095/3095
f 3293/3032/3032 3294/3033/3033 3357/3096/3096
f 3294/3033/3033 3295/3034/3034 3358/3097/3097
f 3295/3034/3034 3296/3035/3035 3359/3098/3098
f 3296/3035/3035 3297/3036/3036 3360/3099/3099
f 3297/3036/3036 3298/3037/3037 3361/3100/3100
f 3298/3037/3037 3299/3038/3038 3362/3101/3101
f 3299/3038/3038 3300/3039/3039 3363/3102/3102
f 3300/3039/3039 3301/3040/3040 3364/3103/3103
f 3301/3040/3040 3302/3041/3041 3365/3104/3104
f 3302/3041/3041 3303/3042/3042 3366/3105/3105
f 3303/3042/3042 3304/3043/3043 3367/3106/3106
f 3304/3043/3043 3305/3044/3044 3368/3107/3107
f 3305/3044/3044 3306/3045/3045 3369/3108/3108
f 3306/3045/3045 3307/3046/3046 3370/3109/3109
f 3307/3046/3046 3308/3047/3047 3371/3110/3110
f 3308/3047/3047 3309/3048/3048 3372/3111/3111
f 3309/3048/3048 3310/3049/3049 3373/3112/3112
f 3311/3050/3050 3374/3113/3113 3373/3112/3112
f 3312/3051/3051 3375/3114/3114 3374/3113/3113
f 3313/3053/3053 3376/3116/3116 3375/3114/3114
f 3313/3053/3053 3314/3052/3052 3377/3115/3115
f 3314/3052/3052 3315/3054/3054 3378/3117/3117
f 3316/3055/3055 3379/3118/3118 3378/3117/3117
f 3317/3056/3056 3380/3119/3119 3379/3118/3118
f 3318/3057/3057 3381/3120/3120 3380/3119/3119
f 3319/3058/3058 3382/3121/3121 3381/3120/3120
f 3320/3059/3059 3383/3122/3122 3382/3121/3121
f 3321/3060/3060 3384/3123/3123 3383/3122/3122
f 3322/3061/3061 3385/3124/3124 3384/3123/3123
f 3323/3062/3062 3386/3125/3125 3385/3124/3124
f 3324/3063/3063 3387/3126/3126 3386/3125/3125
f 3325/3064/3064 3388/3127/3127 3387/3126/3126
f 3326/3065/3065 3389/3128/3128 3388/3127/3127
f 3327/3066/3066 3390/3129/3129 3389/3128/3128
f 3328/3067/3067 3391/3130/3130 3390/3129/3129
f 3329/3068/3068 3392/3131/3131 3391/3130/3130
f 3330/3069/3069 3393/3132/3132 3392/3131/3131
f 3331/3070/3070 3394/3133/3133 3393/3132/3132
f 3332/3071/3071 3395/3134/3134 3394/3133/3133
f 3333/3072/3072 3396/3135/3135 3395/3134/3134
f 3334/3073/3073 3397/3136/3136 3396/3135/3135
f 3335/3074/3074 3398/3137/3137 3397/3136/3136
f 3336/3075/3075 3399/3138/3138 3398/3137/3137
f 3337/3076/3076 3400/3139/3139 3399/3138/3138
f 3338/3077/3077 3401/3140/3140 3400/3139/3139
f 3339/3078/3078 3402/3141/3141 3401/3140/3140
f 3340/3079/3079 3403/3142/3142 3402/3141/3141
f 3341/3080/3080 3404/3143/3143 3403/3142/3142
f 3342/3082/3082 3405/3145/3145 3404/3143/3143
f 3343/3144/3144 3406/3207/3207 3405/3145/3145
f 3344/3084/3084 3345/3083/3083 3408/3146/3146
f 3345/3083/3083 3346/3085/3085 3409/3148/3148
f 3346/3085/3085 3347/3086/3086 3410/3149/3149
f 3347/3086/3086 3348/3087/3087 3411/3150/3150
f 3348/3087/3087 3349/3088/3088 3412/3151/3151
f 3349/3088/3088 3350/3089/3089 3413/3152/3152
f 3350/3089/3089 3351/3090/3090 3414/3153/3153
f 3351/3090/3090 3352/3091/3091 3415/3154/3154
f 3352/3091/3091 3353/3092/3092 3416/3155/3155
f 3353/3092/3092 3354/3093/3093 3417/3156/3156
f 3354/3093/3093 3355/3094/3094 3418/3157/3157
f 3355/3094/3094 3356/3095/3095 3419/3158/3158
f 3356/3095/3095 3357/3096/3096 3420/3159/3159
f 3357/3096/3096 3358/3097/3097 3421/3160/3160
f 3358/3097/3097 3359/3098/3098 3422/3161/3161
f 3359/3098/3098 3360/3099/3099 3423/3162/3162
f 3360/3099/3099 3361/3100/3100 3424/3163/3163
f 3361/3100/3100 3362/3101/3101 3425/3164/3164
f 3362/3101/3101 3363/3102/3102 3426/3165/3165
f 3363/3102/3102 3364/3103/3103 3427/3166/3166
f 3364/3103/3103 3365/3104/3104 3428/3167/3167
f 3365/3104/3104 3366/3105/3105 3429/3168/3168
f 3366/3105/3105 3367/3106/3106 3430/3169/3169
f 3367/3106/3106 3368/3107/3107 3431/3170/3170
f 3368/3107/3107 3369/3108/3108 3432/3171/3171
f 3369/3108/3108 3370/3109/3109 3433/3172/3172
f 3370/3109/3109 3371/3110/3110 3434/3173/3173
f 3371/3110/3110 3372/3111/3111 3435/3174/3174
f 3373/3112/3112 3436/3175/3175 3435/3174/3174
f 3374/3113/3113 3437/3176/3176 3436/3175/3175
f 3375/3114/3114 3438/3177/3177 3437/3176/3176
f 3376/3116/3116 3439/3179/3179 3438/3177/3177
f 3376/3116/3116 3377/3115/3115 3440/3178/3178
f 3377/3115/3115 3378/3117/3117 3441/3180/3180
f 3379/3118/3118 3442/3181/3181 3441/3180/3180
f 3380/3119/3119 3443/3182/3182 3442/3181/3181
f 3381/3120/3120 3444/3183/3183 3443/3182/3182
f 3382/3121/3121 3445/3184/3184 3444/3183/3183
f 3383/3122/3122 3446/3185/3185 3445/3184/3184
f 3384/3123/3123 3447/3186/3186 3446/3185/3185
f 3385/3124/3124 3448/3187/3187 3447/3186/3186
f 3386/3125/3125 3449/3188/3188 3448/3187/3187
f 3387/3126/3126 3450/3189/3189 3449/3188/3188
f 3388/3127/3127 3451/3190/3190 3450/3189/3189
f 3389/3128/3128 3452/3191/3191 3451/3190/3190
f 3390/3129/3129 3453/3192/3192 3452/3191/3191
f 3391/3130/3130 3454/3193/3193 3453/3192/3192
f 3392/3131/3131 3455/3194/3194 3454/3193/3193
f 3393/3132/3132 3456/3195/3195 3455/3194/3194
f 3394/3133/3133 3457/3196/3196 3456/3195/3195
f 3395/3134/3134 3458/3197/3197 3457/3196/3196
f 3396/3135/3135 3459/3198/3198 3458/3197/3197
f 3397/3136/3136 3460/3199/3199 3459/3198/3198
f 3398/3137/3137 3461/3200/3200 3460/3199/3199
f 3399/3138/3138 3462/3201/3201 3461/3200/3200
f 3400/3139/3139 3463/3202/3202 3462/3201/3201
f 3401/3140/3140 3464/3203/3203 3463/3202/3202
f 3402/3141/3141 3465/3204/3204 3464/3203/3203
f 3403/3142/3142 3466/3205/3205 3465/3204/3204
f 3404/3143/3143 3467/3206/3206 3466/3205/3205
f 3405/3145/3145 3468/3208/3208 3467/3206/3206
f 3406/3207/3207 3469/3270/3270 3468/3208/3208
f 3407/3147/3147 3408/3146/3146 3471/3209/3209
f 3408/3146/3146 3409/3148/3148 3472/3211/3211
f 3409/3148/3148 3410/3149/3149 3473/3212/3212
f 3410/3149/3149 3411/3150/3150 3474/3213/3213
f 3411/3150/3150 3412/3151/3151 3475/3214/3214
f 3412/3151/3151 3413/3152/3152 3476/3215/3215
f 3413/3152/3152 3414/3153/3153 3477/3216/3216
f 3414/3153/3153 3415/3154/3154 3478/3217/3217
f 3415/3154/3154 3416/3155/3155 3479/3218/3218
f 3416/3155/3155 3417/3156/3156 3480/3219/3219
f 3417/3156/3156 3418/3157/3157 3481/3220/3220
f 3418/3157/3157 3419/3158/3158 3482/3221/3221
f 3419/3158/3158 3420/3159/3159 3483/3222/3222
f 3420/3159/3159 3421/3160/3160 3484/3223/3223
f 3421/3160/3160 3422/3161/3161 3485/3224/3224
f 3422/3161/3161 3423/3162/3162 3486/3225/3225
f 3423/3162/3162 3424/3163/3163 3487/3226/3226
f 3424/3163/3163 3425/3164/3164 3488/3227/3227
f 3425/3164/3164 3426/3165/3165 3489/3228/3228
f 3426/3165/3165 3427/3166/3166 3490/3229/3229
f 3427/3166/3166 3428/3167/3167 3491/3230/3230
f 3428/3167/3167 3429/3168/3168 3492/3231/3231
f 3429/3168/3168 3430/3169/3169 3493/3232/3232
f 3430/3169/3169 3431/3170/3170 3494/3233/3233
f 3431/3170/3170 3432/3171/3171 3495/3234/3234
f 3432/3171/3171 3433/3172/3172 3496/3235/3235
f 3433/3172/3172 3434/3173/3173 3497/3236/3236
f 3434/3173/3173 3435/3174/3174 3498/3237/3237
f 3436/3175/3175 3499/3238/3238 3498/3237/3237
f 3437/3176/3176 3500/3239/3239 3499/3238/3238
f 3438/3177/3177 3501/3240/3240 3500/3239/3239
f 3439/3179/3179 3502/3242/3242 3501/3240/3240
f 3439/3179/3179 3440/3178/3178 3503/3241/3241
f 3440/3178/3178 3441/3180/3180 3504/3243/3243
f 3442/3181/3181 3505/3244/3244 3504/3243/3243
f 3443/3182/3182 3506/3245/3245 3505/3244/3244
f 3444/3183/3183 3507/3246/3246 3506/3245/3245
f 3445/3184/3184 3508/3248/3248 3507/3246/3246
f 3445/3184/3184 3446/3185/3185 3509/3247/3247
f 3447/3186/3186 3510/3249/3249 3509/3247/3247
f 3448/3187/3187 3511/3250/3250 3510/3249/3249
f 3449/3188/3188 3512/3251/3251 3511/3250/3250
f 3450/3189/3189 3513/3252/3252 3512/3251/3251
f 3451/3190/3190 3514/3253/3253 3513/3252/3252
f 3452/3191/3191 3515/3254/3254 3514/3253/3253
f 3453/3192/3192 3516/3255/3255 3515/3254/3254
f 3454/3193/3193 3517/3256/3256 3516/3255/3255
f 3455/3194/3194 3518/3257/3257 3517/3256/3256
f 3456/3195/3195 3519/3258/3258 3518/3257/3257
f 3457/3196/3196 3520/3259/3259 3519/3258/3258
f 3458/3197/3197 3521/3260/3260 3520/3259/3259
f 3459/3198/3198 3522/3261/3261 3521/3260/3260
f 3460/3199/3199 3523/3262/3262 3522/3261/3261
f 3461/3200/3200 3524/3263/3263 3523/3262/3262
f 3462/3201/3201 3525/3264/3264 3524/3263/3263
f 3463/3202/3202 3526/3265/3265 3525/3264/3264
f 3464/3203/3203 3527/3266/3266 3526/3265/3265
f 3465/3204/3204 3528/3267/3267 3527/3266/3266
f 3466/3205/3205 3529/3268/3268 3528/3267/3267
f 3467/3206/3206 3530/3269/3269 3529/3268/3268
f 3468/3208/3208 3531/3271/3271 3530/3269/3269
f 3469/3270/3270 3532/3333/3333 3531/3271/3271
f 3470/3210/3210 3471/3209/3209 3534/3272/3272
f 3471/3209/3209 3472/3211/3211 3535/3274/3274
f 3472/3211/3211 3473/3212/3212 3536/3275/3275
f 3473/3212/3212 3474/3213/3213 3537/3276/3276
f 3474/3213/3213 3475/3214/3214 3538/3277/3277
f 3475/3214/3214 3476/3215/3215 3539/3278/3278
f 3476/3215/3215 3477/3216/3216 3540/3279/3279
f 3477/3216/3216 3478/3217/3217 3541/3280/3280
f 3478/3217/3217 3479/3218/3218 3542/3281/3281
f 3479/3218/3218 3480/3219/3219 3543/3282/3282
f 3480/3219/3219 3481/3220/3220 3544/3283/3283
f 3481/3220/3220 3482/3221/3221 3545/3284/3284
f 3482/3221/3221 3483/3222/3222 3546/3285/3285
f 3483/3222/3222 3484/3223/3223 3547/3286/3286
f 3484/3223/3223 3485/3224/3224 3548/3287/3287
f 3485/3224/3224 3486/3225/3225 3549/3288/3288
f 3486/3225/3225 3487/3226/3226 3550/3289/3289
f 3487/3226/3226 3488/3227/3227 3551/3290/3290
f 3488/3227/3227 3489/3228/3228 3552/3291/3291
f 3489/3228/3228 3490/3229/3229 3553/3292/3292
f 3490/3229/3229 3491/3230/3230 3554/3293/3293
f 3491/3230/3230 3492/3231/3231 3555/3294/3294
f 3492/3231/3231 3493/3232/3232 3556/3295/3295
f 3493/3232/3232 3494/3233/3233 3557/3296/3296
f 3494/3233/3233 3495/3234/3234 3558/3297/3297
f 3495/3234/3234 3496/3235/3235 3559/3298/3298
f 3496/3235/3235 3497/3236/3236 3560/3299/3299
f 3497/3236/3236 3498/3237/3237 3561/3300/3300
f 3499/3238/3238 3562/3301/3301 3561/3300/3300
f 3500/3239/3239 3563/3302/3302 3562/3301/3301
f 3501/3240/3240 3564/3303/3303 3563/3302/3302
f 3502/3242/3242 3565/3305/3305 3564/3303/3303
f 3502/3242/3242 3503/3241/3241 3566/3304/3304
f 3503/3241/3241 3504/3243/3243 3567/3306/3306
f 3504/3243/3243 3505/3244/3244 3568/3307/3307
f 3506/3245/3245 3569/3308/3308 3568/3307/3307
f 3507/3246/3246 3570/3309/3309 3569/3308/3308
f 3508/3248/3248 3571/3310/3310 3570/3309/3309
f 3509/3247/3247 3572/3311/3311 3571/3310/3310
f 3510/3249/3249 3573/3312/3312 3572/3311/3311
f 3511/3250/3250 3574/3313/3313 3573/3312/3312
f 3512/3251/3251 3575/3314/3314 3574/3313/3313
f 3513/3252/3252 3576/3315/3315 3575/3314/3314
f 3514/3253/3253 3577/3316/3316 3576/3315/3315
f 3515/3254/3254 3578/3317/3317 3577/3316/3316
f 3516/3255/3255 3579/3318/3318 3578/3317/3317
f 3517/3256/3256 3580/3319/3319 3579/3318/3318
f 3518/3257/3257 3581/3320/3320 3580/3319/3319
f 3519/3258/3258 3582/3321/3321 3581/3320/3320
f 3520/3259/3259 3583/3322/3322 3582/3321/3321
f 3521/3260/3260 3584/3323/3323 3583/3322/3322
f 3522/3261/3261 3585/3324/3324 3584/3323/3323
f 3523/3262/3262 3586/3325/3325 3585/3324/3324
f 3524/3263/3263 3587/3326/3326 3586/3325/3325
f 3525/3264/3264 3588/3327/3327 3587/3326/3326
f 3526/3265/3265 3589/3328/3328 3588/3327/3327
f 3527/3266/3266 3590/3329/3329 3589/3328/3328
f 3528/3267/3267 3591/3330/3330 3590/3329/3329
f 3529/3268/3268 3592/3331/3331 3591/3330/3330
f 3530/3269/3269 3593/3332/3332 3592/3331/3331
f 3531/3271/3271 3594/3334/3334 3593/3332/3332
f 3532/3333/3333 3595/3396/3396 3594/3334/3334
f 3533/3273/3273 3534/3272/3272 3597/3335/3335
f 3534/3272/3272 3535/3274/3274 3598/3337/3337
f 3535/3274/3274 3536/3275/3275 3599/3338/3338
f 3536/3275/3275 3537/3276/3276 3600/3339/3339
f 3537/3276/3276 3538/3277/3277 3601/3340/3340
f 3538/3277/3277 3539/3278/3278 3602/3341/3341
f 3539/3278/3278 3540/3279/3279 3603/3342/3342
f 3540/3279/3279 3541/3280/3280 3604/3343/3343
f 3541/3280/3280 3542/3281/3281 3605/3344/3344
f 3542/3281/3281 3543/3282/3282 3606/3345/3345
f 3543/3282/3282 3544/3283/3283 3607/3346/3346
f 3544/3283/3283 3545/3284/3284 3608/3347/3347
f 3545/3284/3284 3546/3285/3285 3609/3348/3348
f 3546/3285/3285 3547/3286/3286 3610/3349/3349
f 3547/3286/3286 3548/3287/3287 3611/3350/3350
f 3548/3287/3287 3549/3288/3288 3612/3351/3351
f 3549/3288/3288 3550/3289/3289 3613/3352/3352
f 3550/3289/3289 3551/3290/3290 3614/3353/3353
f 3551/3290/3290 3552/3291/3291 3615/3354/3354
f 3552/3291/3291 3553/3292/3292 3616/3355/3355
f 3553/3292/3292 3554/3293/3293 3617/3356/3356
f 3554/3293/3293 3555/3294/3294 3618/3357/3357
f 3555/3294/3294 3556/3295/3295 3619/3358/3358
f 3556/3295/3295 3557/3296/3296 3620/3359/3359
f 3557/3296/3296 3558/3297/3297 3621/3360/3360
f 3558/3297/3297 3559/3298/3298 3622/3361/3361
f 3559/3298/3298 3560/3299/3299 3623/3362/3362
f 3560/3299/3299 3561/3300/3300 3624/3363/3363
f 3562/3301/3301 3625/3364/3364 3624/3363/3363
f 3563/3302/3302 3626/3365/3365 3625/3364/3364
f 3564/3303/3303 3627/3366/3366 3626/3365/3365
f 3565/3305/3305 3628/3368/3368 3627/3366/3366
f 3565/3305/3305 3566/3304/3304 3629/3367/3367
f 3566/3304/3304 3567/3306/3306 3630/3369/3369
f 3567/3306/3306 3568/3307/3307 3631/3370/3370
f 3569/3308/3308 3632/3371/3371 3631/3370/3370
f 3570/3309/3309 3633/3372/3372 3632/3371/3371
f 3571/3310/3310 3634/3373/3373 3633/3372/3372
f 3572/3311/3311 3635/3374/3374 3634/3373/3373
f 3573/3312/3312 3636/3375/3375 3635/3374/3374
f 3574/3313/3313 3637/3376/3376 3636/3375/3375
f 3575/3314/3314 3638/3377/3377 3637/3376/3376
f 3576/3315/3315 3639/3378/3378 3638/3377/3377
f 3577/3316/3316 3640/3379/3379 3639/3378/3378
f 3578/3317/3317 3641/3380/3380 3640/3379/3379
f 3579/3318/3318 3642/3381/3381 3641/3380/3380
f 3580/3319/3319 3643/3382/3382 3642/3381/3381
f 3581/3320/3320 3644/3383/3383 3643/3382/3382
f 3582/3321/3321 3645/3384/3384 3644/3383/3383
f 3583/3322/3322 3646/3385/3385 3645/3384/3384
f 3584/3323/3323 3647/3386/3386 3646/3385/3385
f 3585/3324/3324 3648/3387/3387 3647/3386/3386
f 3586/3325/3325 3649/3388/3388 3648/3387/3387
f 3587/3326/3326 3650/3389/3389 3649/3388/3388
f 3588/3327/3327 3651/3390/3390 3650/3389/3389
f 3589/3328/3328 3652/3391/3391 3651/3390/3390
f 3590/3329/3329 3653/3392/3392 3652/3391/3391
f 3591/3330/3330 3654/3393/3393 3653/3392/3392
f 3592/3331/3331 3655/3394/3394 3654/3393/3393
f 3593/3332/3332 3656/3395/3395 3655/3394/3394
f 3594/3334/3334 3657/3397/3397 3656/3395/3395
f 3595/3396/3396 3658/3459/3459 3657/3397/3397
f 3596/3336/3336 3597/3335/3335 3660/3398/3398
f 3597/3335/3335 3598/3337/3337 3661/3400/3400
f 3598/3337/3337 3599/3338/3338 3662/3401/3401
f 3599/3338/3338 3600/3339/3339 3663/3402/3402
f 3600/3339/3339 3601/3340/3340 3664/3403/3403
f 3601/3340/3340 3602/3341/3341 3665/3404/3404
f 3602/3341/3341 3603/3342/3342 3666/3405/3405
f 3603/3342/3342 3604/3343/3343 3667/3406/3406
f 3604/3343/3343 3605/3344/3344 3668/3407/3407
f 3605/3344/3344 3606/3345/3345 3669/3408/3408
f 3606/3345/3345 3607/3346/3346 3670/3409/3409
f 3607/3346/3346 3608/3347/3347 3671/3410/3410
f 3608/3347/3347 3609/3348/3348 3672/3411/3411
f 3609/3348/3348 3610/3349/3349 3673/3412/3412
f 3610/3349/3349 3611/3350/3350 3674/3413/3413
f 3611/3350/3350 3612/3351/3351 3675/3414/3414
f 3612/3351/3351 3613/3352/3352 3676/3415/3415
f 3613/3352/3352 3614/3353/3353 3677/3416/3416
f 3614/3353/3353 3615/3354/3354 3678/3417/3417
f 3615/3354/3354 3616/3355/3355 3679/3418/3418
f 3616/3355/3355 3617/3356/3356 3680/3419/3419
f 3617/3356/3356 3618/3357/3357 3681/3420/3420
f 3618/3357/3357 3619/3358/3358 3682/3421/3421
f 3619/3358/3358 3620/3359/3359 3683/3422/3422
f 3620/3359/3359 3621/3360/3360 3684/3423/3423
f 3621/3360/3360 3622/3361/3361 3685/3424/3424
f 3622/3361/3361 3623/3362/3362 3686/3425/3425
f 3623/3362/3362 3624/3363/3363 3687/3426/3426
f 3625/3364/3364 3688/3427/3427 3687/3426/3426
f 3626/3365/3365 3689/3428/3428 3688/3427/3427
f 3627/3366/3366 3690/3429/3429 3689/3428/3428
f 3628/3368/3368 3691/3431/3431 3690/3429/3429
f 3628/3368/3368 3629/3367/3367 3692/3430/3430
f 3629/3367/3367 3630/3369/3369 3693/3432/3432
f 3630/3369/3369 3631/3370/3370 3694/3433/3433
f 3632/3371/3371 3695/3434/3434 3694/3433/3433
f 3633/3372/3372 3696/3435/3435 3695/3434/3434
f 3634/3373/3373 3697/3436/3436 3696/3435/3435
f 3635/3374/3374 3698/3438/3438 3697/3436/3436
f 3635/3374/3374 3636/3375/3375 3699/3437/3437
f 3637/3376/3376 3700/3439/3439 3699/3437/3437
f 3638/3377/3377 3701/3440/3440 3700/3439/3439
f 3639/3378/3378 3702/3441/3441 3701/3440/3440
f 3640/3379/3379 3703/3442/3442 3702/3441/3441
f 3641/3380/3380 3704/3443/3443 3703/3442/3442
f 3642/3381/3381 3705/3444/3444 3704/3443/3443
f 3643/3382/3382 3706/3445/3445 3705/3444/3444
f 3644/3383/3383 3707/3446/3446 3706/3445/3445
f 3645/3384/3384 3708/3447/3447 3707/3446/3446
f 3646/3385/3385 3709/3448/3448 3708/3447/3447
f 3647/3386/3386 3710/3449/3449 3709/3448/3448
f 3648/3387/3387 3711/3450/3450 3710/3449/3449
f 3649/3388/3388 3712/3451/3451 3711/3450/3450
f 3650/3389/3389 3713/3452/3452 3712/3451/3451
f 3651/3390/3390 3714/3453/3453 3713/3452/3452
f 3652/3391/3391 3715/3454/3454 3714/3453/3453
f 3653/3392/3392 3716/3455/3455 3715/3454/3454
f 3654/3393/3393 3717/3456/3456 3716/3455/3455
f 3655/3394/3394 3718/3457/3457 3717/3456/3456
f 3656/3395/3395 3719/3458/3458 3718/3457/3457
f 3657/3397/3397 3720/3460/3460 3719/3458/3458
f 3658/3459/3459 3721/3522/3522 3720/3460/3460
f 3659/3399/3399 3660/3398/3398 3723/3461/3461
f 3660/3398/3398 3661/3400/3400 3724/3463/3463
f 3661/3400/3400 3662/3401/3401 3725/3464/3464
f 3662/3401/3401 3663/3402/3402 3726/3465/3465
f 3663/3402/3402 3664/3403/3403 3727/3466/3466
f 3664/3403/3403 3665/3404/3404 3728/3467/3467
f 3665/3404/3404 3666/3405/3405 3729/3468/3468
f 3666/3405/3405 3667/3406/3406 3730/3469/3469
f 3667/3406/3406 3668/3407/3407 3731/3470/3470
f 3668/3407/3407 3669/3408/3408 3732/3471/3471
f 3669/3408/3408 3670/3409/3409 3733/3472/3472
f 3670/3409/3409 3671/3410/3410 3734/3473/3473
f 3671/3410/3410 3672/3411/3411 3735/3474/3474
f 3672/3411/3411 3673/3412/3412 3736/3475/3475
f 3673/3412/3412 3674/3413/3413 3737/3476/3476
f 3674/3413/3413 3675/3414/3414 3738/3477/3477
f 3675/3414/3414 3676/3415/3415 3739/3478/3478
f 3676/3415/3415 3677/3416/3416 3740/3479/3479
f 3677/3416/3416 3678/3417/3417 3741/3480/3480
f 3678/3417/3417 3679/3418/3418 3742/3481/3481
f 3679/3418/3418 3680/3419/3419 3743/3482/3482
f 3680/3419/3419 3681/3420/3420 3744/3483/3483
f 3681/3420/3420 3682/3421/3421 3745/3484/3484
f 3682/3421/3421 3683/3422/3422 3746/3485/3485
f 3683/3422/3422 3684/3423/3423 3747/3486/3486
f 3684/3423/3423 3685/3424/3424 3748/3487/3487
f 3685/3424/3424 3686/3425/3425 3749/3488/3488
f 3687/3426/3426 3750/3489/3489 3749/3488/3488
f 3688/3427/3427 3751/3490/3490 3750/3489/3489
f 3689/3428/3428 3752/3491/3491 3751/3490/3490
f 3690/3429/3429 3753/3492/3492 3752/3491/3491
f 3691/3431/3431 3754/3493/3493 3753/3492/3492
f 3692/3430/3430 3755/3495/3495 3754/3493/3493
f 3692/3430/3430 3693/3432/3432 3756/3494/3494
f 3693/3432/3432 3694/3433/3433 3757/3496/3496
f 3695/3434/3434 3758/3497/3497 3757/3496/3496
f 3696/3435/3435 3759/3498/3498 3758/3497/3497
f 3697/3436/3436 3760/3499/3499 3759/3498/3498
f 3698/3438/3438 3761/3500/3500 3760/3499/3499
f 3699/3437/3437 3762/3501/3501 3761/3500/3500
f 3700/3439/3439 3763/3502/3502 3762/3501/3501
f 3701/3440/3440 3764/3503/3503 3763/3502/3502
f 3702/3441/3441 3765/3504/3504 3764/3503/3503
f 3703/3442/3442 3766/3505/3505 3765/3504/3504
f 3704/3443/3443 3767/3506/3506 3766/3505/3505
f 3705/3444/3444 3768/3507/3507 3767/3506/3506
f 3706/3445/3445 3769/3508/3508 3768/3507/3507
f 3707/3446/3446 3770/3509/3509 3769/3508/3508
f 3708/3447/3447 3771/3510/3510 3770/3509/3509
f 3709/3448/3448 3772/3511/3511 3771/3510/3510
f 3710/3449/3449 3773/3512/3512 3772/3511/3511
f 3711/3450/3450 3774/3513/3513 3773/3512/3512
f 3712/3451/3451 3775/3514/3514 3774/3513/3513
f 3713/3452/3452 3776/3515/3515 3775/3514/3514
f 3714/3453/3453 3777/3516/3516 3776/3515/3515
f 3715/3454/3454 3778/3517/3517 3777/3516/3516
f 3716/3455/3455 3779/3518/3518 3778/3517/3517
f 3717/3456/3456 3780/3519/3519 3779/3518/3518
f 3718/3457/3457 3781/3520/3520 3780/3519/3519
f 3719/3458/3458 3782/3521/3521 3781/3520/3520
f 3720/3460/3460 3783/3523/3523 3782/3521/3521
f 3721/3522/3522 3784/3585/3585 3783/3523/3523
f 3722/3462/3462 3723/3461/3461 3786/3524/3524
f 3723/3461/3461 3724/3463/3463 3787/3526/3526
f 3724/3463/3463 3725/3464/3464 3788/3527/3527
f 3725/3464/3464 3726/3465/3465 3789/3528/3528
f 3726/3465/3465 3727/3466/3466 3790/3529/3529
f 3727/3466/3466 3728/3467/3467 3791/3530/3530
f 3728/3467/3467 3729/3468/3468 3792/3531/3531
f 3729/3468/3468 3730/3469/3469 3793/3532/3532
f 3730/3469/3469 3731/3470/3470 3794/3533/3533
f 3731/3470/3470 3732/3471/3471 3795/3534/3534
f 3732/3471/3471 3733/3472/3472 3796/3535/3535
f 3733/3472/3472 3734/3473/3473 3797/3536/3536
f 3734/3473/3473 3735/3474/3474 3798/3537/3537
f 3735/3474/3474 3736/3475/3475 3799/3538/3538
f 3736/3475/3475 3737/3476/3476 3800/3539/3539
f 3737/3476/3476 3738/3477/3477 3801/3540/3540
f 3738/3477/3477 3739/3478/3478 3802/3541/3541
f 3739/3478/3478 3740/3479/3479 3803/3542/3542
f 3740/3479/3479 3741/3480/3480 3804/3543/3543
f 3741/3480/3480 3742/3481/3481 3805/3544/3544
f 3742/3481/3481 3743/3482/3482 3806/3545/3545
f 3743/3482/3482 3744/3483/3483 3807/3546/3546
f 3744/3483/3483 3745/3484/3484 3808/3547/3547
f 3745/3484/3484 3746/3485/3485 3809/3548/3548
f 3746/3485/3485 3747/3486/3486 3810/3549/3549
f 3747/3486/3486 3748/3487/3487 3811/3550/3550
f 3748/3487/3487 3749/3488/3488 3812/3551/3551
f 3750/3489/3489 3813/3552/3552 3812/3551/3551
f 3751/3490/3490 3814/3553/3553 3813/3552/3552
f 3752/3491/3491 3815/3554/3554 3814/3553/3553
f 3753/3492/3492 3816/3555/3555 3815/3554/3554
f 3754/3493/3493 3817/3556/3556 3816/3555/3555
f 3755/3495/3495 3818/3558/3558 3817/3556/3556
f 3755/3495/3495 3756/3494/3494 3819/3557/3557
f 3756/3494/3494 3757/3496/3496 3820/3559/3559
f 3758/3497/3497 3821/3560/3560 3820/3559/3559
f 3759/3498/3498 3822/3561/3561 3821/3560/3560
f 3760/3499/3499 3823/3562/3562 3822/3561/3561
f 3761/3500/3500 3824/3563/3563 3823/3562/3562
f 3762/3501/3501 3825/3564/3564 3824/3563/3563
f 3763/3502/3502 3826/3565/3565 3825/3564/3564
f 3764/3503/3503 3827/3566/3566 3826/3565/3565
f 3765/3504/3504 3828/3567/3567 3827/3566/3566
f 3766/3505/3505 3829/3568/3568 3828/3567/3567
f 3767/3506/3506 3830/3569/3569 3829/3568/3568
f 3768/3507/3507 3831/3570/3570 3830/3569/3569
f 3769/3508/3508 3832/3571/3571 3831/3570/3570
f 3770/3509/3509 3833/3572/3572 3832/3571/3571
f 3771/3510/3510 3834/3573/3573 3833/3572/3572
f 3772/3511/3511 3835/3574/3574 3834/3573/3573
f 3773/3512/3512 3836/3575/3575 3835/3574/3574
f 3774/3513/3513 3837/3576/3576 3836/3575/3575
f 3775/3514/3514 3838/3577/3577 3837/3576/3576
f 3776/3515/3515 3839/3578/3578 3838/3577/3577
f 3777/3516/3516 3840/3579/3579 3839/3578/3578
f 3778/3517/3517 3841/3580/3580 3840/3579/3579
f 3779/3518/3518 3842/3581/3581 3841/3580/3580
f 3780/3519/3519 3843/3582/3582 3842/3581/3581
f 3781/3520/3520 3844/3583/3583 3843/3582/3582
f 3782/3521/3521 3845/3584/3584 3844/3583/3583
f 3783/3523/3523 3846/3586/3586 3845/3584/3584
f 3784/3585/3585 3847/3648/3648 3846/3586/3586
f 3785/3525/3525 3786/3524/3524 3849/3587/3587
f 3786/3524/3524 3787/3526/3526 3850/3589/3589
f 3787/3526/3526 3788/3527/3527 3851/3590/3590
f 3788/3527/3527 3789/3528/3528 3852/3591/3591
f 3789/3528/3528 3790/3529/3529 3853/3592/3592
f 3790/3529/3529 3791/3530/3530 3854/3593/3593
f 3791/3530/3530 3792/3531/3531 3855/3594/3594
f 3792/3531/3531 3793/3532/3532 3856/3595/3595
f 3793/3532/3532 3794/3533/3533 3857/3596/3596
f 3794/3533/3533 3795/3534/3534 3858/3597/3597
f 3795/3534/3534 3796/3535/3535 3859/3598/3598
f 3796/3535/3535 3797/3536/3536 3860/3599/3599
f 3797/3536/3536 3798/3537/3537 3861/3600/3600
f 3798/3537/3537 3799/3538/3538 3862/3601/3601
f 3799/3538/3538 3800/3539/3539 3863/3602/3602
f 3800/3539/3539 3801/3540/3540 3864/3603/3603
f 3801/3540/3540 3802/3541/3541 3865/3604/3604
f 3802/3541/3541 3803/3542/3542 3866/3605/3605
f 3803/3542/3542 3804/3543/3543 3867/3606/3606
f 3804/3543/3543 3805/3544/3544 3868/3607/3607
f 3805/3544/3544 3806/3545/3545 3869/3608/3608
f 3806/3545/3545 3807/3546/3546 3870/3609/3609
f 3807/3546/3546 3808/3547/3547 3871/3610/3610
f 3808/3547/3547 3809/3548/3548 3872/3611/3611
f 3809/3548/3548 3810/3549/3549 3873/3612/3612
f 3810/3549/3549 3811/3550/3550 3874/3613/3613
f 3811/3550/3550 3812/3551/3551 3875/3614/3614
f 3813/3552/3552 3876/3615/3615 3875/3614/3614
f 3814/3553/3553 3877/3616/3616 3876/3615/3615
f 3815/3554/3554 3878/3617/3617 3877/3616/3616
f 3816/3555/3555 3879/3618/3618 3878/3617/3617
f 3817/3556/3556 3880/3619/3619 3879/3618/3618
f 3818/3558/3558 3881/3621/3621 3880/3619/3619
f 3818/3558/3558 3819/3557/3557 3882/3620/3620
f 3819/3557/3557 3820/3559/3559 3883/3622/3622
f 3820/3559/3559 3821/3560/3560 3884/3623/3623
f 3822/3561/3561 3885/3624/3624 3884/3623/3623
f 3823/3562/3562 3886/3625/3625 3885/3624/3624
f 3824/3563/3563 3887/3626/3626 3886/3625/3625
f 3825/3564/3564 3888/3628/3628 3887/3626/3626
f 3825/3564/3564 3826/3565/3565 3889/3627/3627
f 3827/3566/3566 3890/3629/3629 3889/3627/3627
f 3828/3567/3567 3891/3630/3630 3890/3629/3629
f 3829/3568/3568 3892/3631/3631 3891/3630/3630
f 3830/3569/3569 3893/3632/3632 3892/3631/3631
f 3831/3570/3570 3894/3633/3633 3893/3632/3632
f 3832/3571/3571 3895/3634/3634 3894/3633/3633
f 3833/3572/3572 3896/3635/3635 3895/3634/3634
f 3834/3573/3573 3897/3636/3636 3896/3635/3635
f 3835/3574/3574 3898/3637/3637 3897/3636/3636
f 3836/3575/3575 3899/3638/3638 3898/3637/3637
f 3837/3576/3576 3900/3639/3639 3899/3638/3638
f 3838/3577/3577 3901/3640/3640 3900/3639/3639
f 3839/3578/3578 3902/3641/3641 3901/3640/3640
f 3840/3579/3579 3903/3642/3642 3902/3641/3641
f 3841/3580/3580 3904/3643/3643 3903/3642/3642
f 3842/3581/3581 3905/3644/3644 3904/3643/3643
f 3843/3582/3582 3906/3645/3645 3905/3644/3644
f 3844/3583/3583 3907/3646/3646 3906/3645/3645
f 3845/3584/3584 3908/3647/3647 3907/3646/3646
f 3846/3586/3586 3909/3649/3649 3908/3647/3647
f 3847/3648/3648 3910/3711/3711 3909/3649/3649
f 3848/3588/3588 3849/3587/3587 3912/3650/3650
f 3849/3587/3587 3850/3589/3589 3913/3652/3652
f 3850/3589/3589 3851/3590/3590 3914/3653/3653
f 3851/3590/3590 3852/3591/3591 3915/3654/3654
f 3852/3591/3591 3853/3592/3592 3916/3655/3655
f 3853/3592/3592 3854/3593/3593 3917/3656/3656
f 3854/3593/3593 3855/3594/3594 3918/3657/3657
f 3855/3594/3594 3856/3595/3595 3919/3658/3658
f 3856/3595/3595 3857/3596/3596 3920/3659/3659
f 3857/3596/3596 3858/3597/3597 3921/3660/3660
f 3858/3597/3597 3859/3598/3598 3922/3661/3661
f 3859/3598/3598 3860/3599/3599 3923/3662/3662
f 3860/3599/3599 3861/3600/3600 3924/3663/3663
f 3861/3600/3600 3862/3601/3601 3925/3664/3664
f 3862/3601/3601 3863/3602/3602 3926/3665/3665
f 3863/3602/3602 3864/3603/3603 3927/3666/3666
f 3864/3603/3603 3865/3604/3604 3928/3667/3667
f 3865/3604/3604 3866/3605/3605 3929/3668/3668
f 3866/3605/3605 3867/3606/3606 3930/3669/3669
f 3867/3606/3606 3868/3607/3607 3931/3670/3670
f 3868/3607/3607 3869/3608/3608 3932/3671/3671
f 3869/3608/3608 3870/3609/3609 3933/3672/3672
f 3870/3609/3609 3871/3610/3610 3934/3673/3673
f 3871/3610/3610 3872/3611/3611 3935/3674/3674
f 3872/3611/3611 3873/3612/3612 3936/3675/3675
f 3873/3612/3612 3874/3613/3613 3937/3676/3676
f 3874/3613/3613 3875/3614/3614 3938/3677/3677
f 3876/3615/3615 3939/3678/3678 3938/3677/3677
f 3877/3616/3616 3940/3679/3679 3939/3678/3678
f 3878/3617/3617 3941/3681/3681 3940/3679/3679
f 3878/3617/3617 3879/3618/3618 3942/3680/3680
f 3880/3619/3619 3943/3682/3682 3942/3680/3680
f 3881/3621/3621 3944/3683/3683 3943/3682/3682
f 3882/3620/3620 3945/3685/3685 3944/3683/3683
f 3882/3620/3620 3883/3622/3622 3946/3684/3684
f 3883/3622/3622 3884/3623/3623 3947/3686/3686
f 3885/3624/3624 3948/3687/3687 3947/3686/3686
f 3886/3625/3625 3949/3688/3688 3948/3687/3687
f 3887/3626/3626 3950/3689/3689 3949/3688/3688
f 3888/3628/3628 3951/3690/3690 3950/3689/3689
f 3889/3627/3627 3952/3691/3691 3951/3690/3690
f 3890/3629/3629 3953/3692/3692 3952/3691/3691
f 3891/3630/3630 3954/3693/3693 3953/3692/3692
f 3892/3631/3631 3955/3694/3694 3954/3693/3693
f 3893/3632/3632 3956/3695/3695 3955/3694/3694
f 3894/3633/3633 3957/3696/3696 3956/3695/3695
f 3895/3634/3634 3958/3697/3697 3957/3696/3696
f 3896/3635/3635 3959/3698/3698 3958/3697/3697
f 3897/3636/3636 3960/3699/3699 3959/3698/3698
f 3898/3637/3637 3961/3700/3700 3960/3699/3699
f 3899/3638/3638 3962/3701/3701 3961/3700/3700
f 3900/3639/3639 3963/3702/3702 3962/3701/3701
f 3901/3640/3640 3964/3703/3703 3963/3702/3702
f 3902/3641/3641 3965/3704/3704 3964/3703/3703
f 3903/3642/3642 3966/3705/3705 3965/3704/3704
f 3904/3643/3643 3967/3706/3706 3966/3705/3705
f 3905/3644/3644 3968/3707/3707 3967/3706/3706
f 3906/3645/3645 3969/3708/3708 3968/3707/3707
f 3907/3646/3646 3970/3709/3709 3969/3708/3708
f 3908/3647/3647 3971/3710/3710 3970/3709/3709
f 3909/3649/3649 3972/3712/3712 3971/3710/3710
f 3910/3711/3711 3973/3774/3774 3972/3712/3712
f 3911/3651/3651 3912/3650/3650 3975/3713/3713
f 3912/3650/3650 3913/3652/3652 3976/3715/3715
f 3913/3652/3652 3914/3653/3653 3977/3716/3716
f 3914/3653/3653 3915/3654/3654 3978/3717/3717
f 3915/3654/3654 3916/3655/3655 3979/3718/3718
f 3916/3655/3655 3917/3656/3656 3980/3719/3719
f 3917/3656/3656 3918/3657/3657 3981/3720/3720
f 3918/3657/3657 3919/3658/3658 3982/3721/3721
f 3919/3658/3658 3920/3659/3659 3983/3722/3722
f 3920/3659/3659 3921/3660/3660 3984/3723/3723
f 3921/3660/3660 3922/3661/3661 3985/3724/3724
f 3922/3661/3661 3923/3662/3662 3986/3725/3725
f 3923/3662/3662 3924/3663/3663 3987/3726/3726
f 3924/3663/3663 3925/3664/3664 3988/3727/3727
f 3925/3664/3664 3926/3665/3665 3989/3728/3728
f 3926/3665/3665 3927/3666/3666 3990/3729/3729
f 3927/3666/3666 3928/3667/3667 3991/3730/3730
f 3928/3667/3667 3929/3668/3668 3992/3731/3731
f 3929/3668/3668 3930/3669/3669 3993/3732/3732
f 3930/3669/3669 3931/3670/3670 3994/3733/3733
f 3931/3670/3670 3932/3671/3671 3995/3734/3734
f 3932/3671/3671 3933/3672/3672 3996/3735/3735
f 3933/3672/3672 3934/3673/3673 3997/3736/3736
f 3934/3673/3673 3935/3674/3674 3998/3737/3737
f 3935/3674/3674 3936/3675/3675 3999/3738/3738
f 3936/3675/3675 3937/3676/3676 4000/3739/3739
f 3938/3677/3677 4001/3740/3740 4000/3739/3739
f 3939/3678/3678 4002/3741/3741 4001/3740/3740
f 3940/3679/3679 4003/3742/3742 4002/3741/3741
f 3941/3681/3681 4004/3744/3744 4003/3742/3742
f 3941/3681/3681 3942/3680/3680 4005/3743/3743
f 3943/3682/3682 4006/3745/3745 4005/3743/3743
f 3944/3683/3683 4007/3746/3746 4006/3745/3745
f 3945/3685/3685 4008/3748/3748 4007/3746/3746
f 3945/3685/3685 3946/3684/3684 4009/3747/3747
f 3946/3684/3684 3947/3686/3686 4010/3749/3749
f 3948/3687/3687 4011/3750/3750 4010/3749/3749
f 3949/3688/3688 4012/3751/3751 4011/3750/3750
f 3950/3689/3689 4013/3752/3752 4012/3751/3751
f 3951/3690/3690 4014/3753/3753 4013/3752/3752
f 3952/3691/3691 4015/3755/3755 4014/3753/3753
f 3952/3691/3691 3953/3692/3692 4016/3754/3754
f 3954/3693/3693 4017/3756/3756 4016/3754/3754
f 3955/3694/3694 4018/3757/3757 4017/3756/3756
f 3956/3695/3695 4019/3758/3758 4018/3757/3757
f 3957/3696/3696 4020/3759/3759 4019/3758/3758
f 3958/3697/3697 4021/3760/3760 4020/3759/3759
f 3959/3698/3698 4022/3761/3761 4021/3760/3760
f 3960/3699/3699 4023/3762/3762 4022/3761/3761
f 3961/3700/3700 4024/3763/3763 4023/3762/3762
f 3962/3701/3701 4025/3764/3764 4024/3763/3763
f 3963/3702/3702 4026/3765/3765 4025/3764/3764
f 3964/3703/3703 4027/3766/3766 4026/3765/3765
f 3965/3704/3704 4028/3767/3767 4027/3766/3766
f 3966/3705/3705 4029/3768/3768 4028/3767/3767
f 3967/3706/3706 4030/3769/3769 4029/3768/3768
f 3968/3707/3707 4031/3770/3770 4030/3769/3769
f 3969/3708/3708 4032/3771/3771 4031/3770/3770
f 3970/3709/3709 4033/3772/3772 4032/3771/3771
f 3971/3710/3710 4034/3773/3773 4033/3772/3772
f 3972/3712/3712 4035/3775/3775 4034/3773/3773
f 3973/3774/3774 4036/3837/3837 4035/3775/3775
f 3974/3714/3714 3975/3713/3713 4038/3776/3776
f 3975/3713/3713 3976/3715/3715 4039/3778/3778
f 3976/3715/3715 3977/3716/3716 4040/3779/3779
f 3977/3716/3716 3978/3717/3717 4041/3780/3780
f 3978/3717/3717 3979/3718/3718 4042/3781/3781
f 3979/3718/3718 3980/3719/3719 4043/3782/3782
f 3980/3719/3719 3981/3720/3720 4044/3783/3783
f 3981/3720/3720 3982/3721/3721 4045/3784/3784
f 3982/3721/3721 3983/3722/3722 4046/3785/3785
f 3983/3722/3722 3984/3723/3723 4047/3786/3786
f 3984/3723/3723 3985/3724/3724 4048/3787/3787
f 3985/3724/3724 3986/3725/3725 4049/3788/3788
f 3986/3725/3725 3987/3726/3726 4050/3789/3789
f 3987/3726/3726 3988/3727/3727 4051/3790/3790
f 3988/3727/3727 3989/3728/3728 4052/3791/3791
f 3989/3728/3728 3990/3729/3729 4053/3792/3792
f 3990/3729/3729 3991/3730/3730 4054/3793/3793
f 3991/3730/3730 3992/3731/3731 4055/3794/3794
f 3992/3731/3731 3993/3732/3732 4056/3795/3795
f 3993/3732/3732 3994/3733/3733 4057/3796/3796
f 3994/3733/3733 3995/3734/3734 4058/3797/3797
f 3995/3734/3734 3996/3735/3735 4059/3798/3798
f 3996/3735/3735 3997/3736/3736 4060/3799/3799
f 3997/3736/3736 3998/3737/3737 4061/3800/3800
f 3998/3737/3737 3999/3738/3738 4062/3801/3801
f 3999/3738/3738 4000/3739/3739 4063/3802/3802
f 4001/3740/3740 4064/3803/3803 4063/3802/3802
f 4002/3741/3741 4065/3804/3804 4064/3803/3803
f 4003/3742/3742 4066/3805/3805 4065/3804/3804
f 4004/3744/3744 4067/3807/3807 4066/3805/3805
f 4004/3744/3744 4005/3743/3743 4068/3806/3806
f 4006/3745/3745 4069/3808/3808 4068/3806/3806
f 4007/3746/3746 4070/3809/3809 4069/3808/3808
f 4008/3748/3748 4071/3811/3811 4070/3809/3809
f 4008/3748/3748 4009/3747/3747 4072/3810/3810
f 4009/3747/3747 4010/3749/3749 4073/3812/3812
f 4010/3749/3749 4011/3750/3750 4074/3813/3813
f 4012/3751/3751 4075/3814/3814 4074/3813/3813
f 4013/3752/3752 4076/3815/3815 4075/3814/3814
f 4014/3753/3753 4077/3816/3816 4076/3815/3815
f 4015/3755/3755 4078/3818/3818 4077/3816/3816
f 4015/3755/3755 4016/3754/3754 4079/3817/3817
f 4017/3756/3756 4080/3819/3819 4079/3817/3817
f 4018/3757/3757 4081/3820/3820 4080/3819/3819
f 4019/3758/3758 4082/3821/3821 4081/3820/3820
f 4020/3759/3759 4083/3822/3822 4082/3821/3821
f 4021/3760/3760 4084/3823/3823 4083/3822/3822
f 4022/3761/3761 4085/3824/3824 4084/3823/3823
f 4023/3762/3762 4086/3825/3825 4085/3824/3824
f 4024/3763/3763 4087/3826/3826 4086/3825/3825
f 4025/3764/3764 4088/3827/3827 4087/3826/3826
f 4026/3765/3765 4089/3828/3828 4088/3827/3827
f 4027/3766/3766 4090/3829/3829 4089/3828/3828
f 4028/3767/3767 4091/3830/3830 4090/3829/3829
f 4029/3768/3768 4092/3831/3831 4091/3830/3830
f 4030/3769/3769 4093/3832/3832 4092/3831/3831
f 4031/3770/3770 4094/3833/3833 4093/3832/3832
f 4032/3771/3771 4095/3834/3834 4094/3833/3833
f 4033/3772/3772 4096/3835/3835 4095/3834/3834
f 4034/3773/3773 4097/3836/3836 4096/3835/3835
f 4035/3775/3775 4098/3838/3838 4097/3836/3836
f 4036/3837/3837 4099/3900/3900 4098/3838/3838
f 4037/3777/3777 4038/3776/3776 4101/3839/3839
f 4038/3776/3776 4039/3778/3778 4102/3841/3841
f 4039/3778/3778 4040/3779/3779 4103/3842/3842
f 4040/3779/3779 4041/3780/3780 4104/3843/3843
f 4041/3780/3780 4042/3781/3781 4105/3844/3844
f 4042/3781/3781 4043/3782/3782 4106/3845/3845
f 4043/3782/3782 4044/3783/3783 4107/3846/3846
f 4044/3783/3783 4045/3784/3784 4108/3847/3847
f 4045/3784/3784 4046/3785/3785 4109/3848/3848
f 4046/3785/3785 4047/3786/3786 4110/3849/3849
f 4047/3786/3786 4048/3787/3787 4111/3850/3850
f 4048/3787/3787 4049/3788/3788 4112/3851/3851
f 4049/3788/3788 4050/3789/3789 4113/3852/3852
f 4050/3789/3789 4051/3790/3790 4114/3853/3853
f 4051/3790/3790 4052/3791/3791 4115/3854/3854
f 4052/3791/3791 4053/3792/3792 4116/3855/3855
f 4053/3792/3792 4054/3793/3793 4117/3856/3856
f 4054/3793/3793 4055/3794/3794 4118/3857/3857
f 4055/3794/3794 4056/3795/3795 4119/3858/3858
f 4056/3795/3795 4057/3796/3796 4120/3859/3859
f 4057/3796/3796 4058/3797/3797 4121/3860/3860
f 4058/3797/3797 4059/3798/3798 4122/3861/3861
f 4059/3798/3798 4060/3799/3799 4123/3862/3862
f 4060/3799/3799 4061/3800/3800 4124/3863/3863
f 4061/3800/3800 4062/3801/3801 4125/3864/3864
f 4062/3801/3801 4063/3802/3802 4126/3865/3865
f 4064/3803/3803 4127/3866/3866 4126/3865/3865
f 4065/3804/3804 4128/3867/3867 4127/3866/3866
f 4066/3805/3805 4129/3868/3868 4128/3867/3867
f 4067/3807/3807 4130/3869/3869 4129/3868/3868
f 4068/3806/3806 4131/3870/3870 4130/3869/3869
f 4069/3808/3808 4132/3871/3871 4131/3870/3870
f 4070/3809/3809 4133/3872/3872 4132/3871/3871
f 4071/3811/3811 4134/3873/3873 4133/3872/3872
f 4072/3810/3810 4135/3875/3875 4134/3873/3873
f 4072/3810/3810 4073/3812/3812 4136/3874/3874
f 4073/3812/3812 4074/3813/3813 4137/3876/3876
f 4075/3814/3814 4138/3877/3877 4137/3876/3876
f 4076/3815/3815 4139/3878/3878 4138/3877/3877
f 4077/3816/3816 4140/3879/3879 4139/3878/3878
f 4078/3818/3818 4141/3880/3880 4140/3879/3879
f 4079/3817/3817 4142/3882/3882 4141/3880/3880
f 4079/3817/3817 4080/3819/3819 4143/3881/3881
f 4081/3820/3820 4144/3883/3883 4143/3881/3881
f 4082/3821/3821 4145/3884/3884 4144/3883/3883
f 4083/3822/3822 4146/3885/3885 4145/3884/3884
f 4084/3823/3823 4147/3886/3886 4146/3885/3885
f 4085/3824/3824 4148/3887/3887 4147/3886/3886
f 4086/3825/3825 4149/3888/3888 4148/3887/3887
f 4087/3826/3826 4150/3889/3889 4149/3888/3888
f 4088/3827/3827 4151/3890/3890 4150/3889/3889
f 4089/3828/3828 4152/3891/3891 4151/3890/3890
f 4090/3829/3829 4153/3892/3892 4152/3891/3891
f 4091/3830/3830 4154/3893/3893 4153/3892/3892
f 4092/3831/3831 4155/3894/3894 4154/3893/3893
f 4093/3832/3832 4156/3895/3895 4155/3894/3894
f 4094/3833/3833 4157/3896/3896 4156/3895/3895
f 4095/3834/3834 4158/3897/3897 4157/3896/3896
f 4096/3835/3835 4159/3898/3898 4158/3897/3897
f 4097/3836/3836 4160/3899/3899 4159/3898/3898
f 4098/3838/3838 4161/3901/3901 4160/3899/3899
f 4099/3900/3900 4162/3963/3963 4161/3901/3901
f 4100/3840/3840 4101/3839/3839 4164/3902/3902
f 4101/3839/3839 4102/3841/3841 4165/3904/3904
f 4102/3841/3841 4103/3842/3842 4166/3905/3905
f 4103/3842/3842 4104/3843/3843 4167/3906/3906
f 4104/3843/3843 4105/3844/3844 4168/3907/3907
f 4105/3844/3844 4106/3845/3845 4169/3908/3908
f 4106/3845/3845 4107/3846/3846 4170/3909/3909
f 4107/3846/3846 4108/3847/3847 4171/3910/3910
f 4108/3847/3847 4109/3848/3848 4172/3911/3911
f 4109/3848/3848 4110/3849/3849 4173/3912/3912
f 4110/3849/3849 4111/3850/3850 4174/3913/3913
f 4111/3850/3850 4112/3851/3851 4175/3914/3914
f 4112/3851/3851 4113/3852/3852 4176/3915/3915
f 4113/3852/3852 4114/3853/3853 4177/3916/3916
f 4114/3853/3853 4115/3854/3854 4178/3917/3917
f 4115/3854/3854 4116/3855/3855 4179/3918/3918
f 4116/3855/3855 4117/3856/3856 4180/3919/3919
f 4117/3856/3856 4118/3857/3857 4181/3920/3920
f 4118/3857/3857 4119/3858/3858 4182/3921/3921
f 4119/3858/3858 4120/3859/3859 4183/3922/3922
f 4120/3859/3859 4121/3860/3860 4184/3923/3923
f 4121/3860/3860 4122/3861/3861 4185/3924/3924
f 4122/3861/3861 4123/3862/3862 4186/3925/3925
f 4123/3862/3862 4124/3863/3863 4187/3926/3926
f 4124/3863/3863 4125/3864/3864 4188/3927/3927
f 4125/3864/3864 4126/3865/3865 4189/3928/3928
f 4127/3866/3866 4190/3929/3929 4189/3928/3928
f 4128/3867/3867 4191/3931/3931 4190/3929/3929
f 4128/3867/3867 4129/3868/3868 4192/3930/3930
f 4129/3868/3868 4130/3869/3869 4193/3932/3932
f 4131/3870/3870 4194/3933/3933 4193/3932/3932
f 4132/3871/3871 4195/3934/3934 4194/3933/3933
f 4133/3872/3872 4196/3935/3935 4195/3934/3934
f 4134/3873/3873 4197/3936/3936 4196/3935/3935
f 4135/3875/3875 4198/3938/3938 4197/3936/3936
f 4135/3875/3875 4136/3874/3874 4199/3937/3937
f 4136/3874/3874 4137/3876/3876 4200/3939/3939
f 4138/3877/3877 4201/3940/3940 4200/3939/3939
f 4139/3878/3878 4202/3941/3941 4201/3940/3940
f 4140/3879/3879 4203/3942/3942 4202/3941/3941
f 4141/3880/3880 4204/3943/3943 4203/3942/3942
f 4142/3882/3882 4205/3945/3945 4204/3943/3943
f 4142/3882/3882 4143/3881/3881 4206/3944/3944
f 4144/3883/3883 4207/3946/3946 4206/3944/3944
f 4145/3884/3884 4208/3947/3947 4207/3946/3946
f 4146/3885/3885 4209/3948/3948 4208/3947/3947
f 4147/3886/3886 4210/3949/3949 4209/3948/3948
f 4148/3887/3887 4211/3950/3950 4210/3949/3949
f 4149/3888/3888 4212/3951/3951 4211/3950/3950
f 4150/3889/3889 4213/3952/3952 4212/3951/3951
f 4151/3890/3890 4214/3953/3953 4213/3952/3952
f 4152/3891/3891 4215/3954/3954 4214/3953/3953
f 4153/3892/3892 4216/3955/3955 4215/3954/3954
f 4154/3893/3893 4217/3956/3956 4216/3955/3955
f 4155/3894/3894 4218/3957/3957 4217/3956/3956
f 4156/3895/3895 4219/3958/3958 4218/3957/3957
f 4157/3896/3896 4220/3959/3959 4219/3958/3958
f 4158/3897/3897 4221/3960/3960 4220/3959/3959
f 4159/3898/3898 4222/3961/3961 4221/3960/3960
f 4160/3899/3899 4223/3962/3962 4222/3961/3961
f 4161/3901/3901 4224/3964/3964 4223/3962/3962
f 4162/3963/3963 4225/4092/4092 4224/3964/3964
f 68/3965/3965 257/3/3 67/3966/3966
f 69/3968/3968 258/1/1 257/3/3
f 70/3969/3969 259/4/4 258/1/1
f 71/3970/3970 260/6/6 259/4/4
f 72/3971/3971 261/8/8 260/6/6
f 73/3972/3972 262/10/10 261/8/8
f 74/3973/3973 263/12/12 262/10/10
f 75/3974/3974 264/14/14 263/12/12
f 76/3975/3975 265/16/16 264/14/14
f 77/3976/3976 266/18/18 265/16/16
f 78/3977/3977 267/20/20 266/18/18
f 79/3978/3978 268/22/22 267/20/20
f 80/3979/3979 269/24/24 268/22/22
f 81/3980/3980 270/26/26 269/24/24
f 82/3981/3981 271/28/28 270/26/26
f 83/3982/3982 272/30/30 271/28/28
f 84/3983/3983 273/32/32 272/30/30
f 84/3983/3983 85/3984/3984 274/34/34
f 85/3984/3984 86/3986/3986 275/36/36
f 87/3985/3985 276/41/41 275/36/36
f 88/3987/3987 277/40/40 276/41/41
f 89/3988/3988 278/42/42 277/40/40
f 90/3989/3989 279/44/44 278/42/42
f 91/3990/3990 280/46/46 279/44/44
f 92/3991/3991 281/48/48 280/46/46
f 93/3992/3992 282/50/50 281/48/48
f 93/3992/3992 94/3993/3993 283/52/52
f 94/3993/3993 95/3995/3995 284/56/56
f 96/3994/3994 285/59/59 284/56/56
f 97/3996/3996 286/58/58 285/59/59
f 97/3996/3996 98/3997/3997 287/60/60
f 98/3997/3997 99/3999/3999 288/64/64
f 100/3998/3998 289/66/66 288/64/64
f 100/3998/3998 101/4000/4000 290/68/68
f 101/4000/4000 102/4001/4001 291/71/71
f 102/4001/4001 103/4003/4003 292/70/70
f 104/4002/4002 293/72/72 292/70/70
f 105/4004/4004 294/74/74 293/72/72
f 105/4004/4004 106/4005/4005 295/78/78
f 106/4005/4005 107/4006/4006 296/80/80
f 107/4006/4006 108/4007/4007 297/82/82
f 108/4007/4007 109/4008/4008 298/84/84
f 109/4008/4008 110/4009/4009 299/86/86
f 110/4009/4009 111/4010/4010 300/88/88
f 111/4010/4010 112/4011/4011 301/90/90
f 112/4011/4011 113/4012/4012 302/92/92
f 113/4012/4012 114/4013/4013 303/94/94
f 114/4013/4013 115/4014/4014 304/96/96
f 115/4014/4014 116/4015/4015 305/98/98
f 116/4015/4015 117/4016/4016 306/100/100
f 117/4016/4016 118/4017/4017 307/102/102
f 118/4017/4017 119/4018/4018 308/104/104
f 119/4018/4018 120/4019/4019 309/106/106
f 120/4019/4019 121/4020/4020 310/108/108
f 121/4020/4020 122/4021/4021 311/110/110
f 122/4021/4021 123/4022/4022 312/112/112
f 123/4022/4022 124/4023/4023 313/114/114
f 124/4023/4023 125/4024/4024 314/116/116
f 125/4024/4024 126/4025/4025 315/118/118
f 126/4025/4025 127/4026/4026 316/120/120
f 127/4026/4026 128/4027/4027 317/122/122
f 128/4027/4027 129/4028/4028 318/124/124
f 129/4028/4028 130/4030/4030 319/4029/4029
f 130/4030/4030 2/4220/4220 131/4031/4031
f 319/4029/4029 131/4031/4031 132/4032/4032
f 382/125/125 132/4032/4032 133/4033/4033
f 445/188/188 133/4033/4033 134/4034/4034
f 508/251/251 134/4034/4034 135/4035/4035
f 571/314/314 135/4035/4035 136/4036/4036
f 634/377/377 136/4036/4036 137/4037/4037
f 697/440/440 137/4037/4037 138/4038/4038
f 760/503/503 138/4038/4038 139/4039/4039
f 823/566/566 139/4039/4039 140/4040/4040
f 886/629/629 140/4040/4040 141/4041/4041
f 949/692/692 141/4041/4041 142/4042/4042
f 1012/755/755 142/4042/4042 143/4043/4043
f 1075/818/818 143/4043/4043 144/4044/4044
f 1138/881/881 144/4044/4044 145/4045/4045
f 1201/944/944 145/4045/4045 146/4046/4046
f 1264/1007/1007 146/4046/4046 147/4047/4047
f 147/4047/4047 148/4048/4048 1390/1133/1133
f 148/4048/4048 149/4221/4221 1453/4049/4049
f 1453/4049/4049 149/4221/4221 150/4050/4050
f 1516/1258/1258 150/4050/4050 151/4051/4051
f 1579/1321/1321 151/4051/4051 152/4052/4052
f 1642/1384/1384 152/4052/4052 153/4053/4053
f 1705/1447/1447 153/4053/4053 154/4054/4054
f 1768/1510/1510 154/4054/4054 155/4055/4055
f 1831/1573/1573 155/4055/4055 156/4056/4056
f 1894/1636/1636 156/4056/4056 157/4057/4057
f 157/4057/4057 158/4058/4058 2020/1823/1823
f 158/4058/4058 159/4059/4059 2083/1886/1886
f 159/4059/4059 160/4222/4222 2146/4060/4060
f 2146/4060/4060 160/4222/4222 161/4061/4061
f 2209/1950/1950 161/4061/4061 162/4062/4062
f 162/4062/4062 163/4063/4063 2335/2075/2075
f 163/4063/4063 164/4064/4064 2398/2200/2200
f 164/4064/4064 165/4065/4065 2461/2263/2263
f 165/4065/4065 166/4067/4067 2524/4066/4066
f 166/4067/4067 167/4223/4223 2587/2327/2327
f 2587/2327/2327 167/4223/4223 168/4068/4068
f 168/4068/4068 169/4069/4069 2713/2514/2514
f 169/4069/4069 170/4070/4070 2776/2577/2577
f 170/4070/4070 171/4071/4071 2839/2640/2640
f 171/4071/4071 172/4072/4072 2902/2703/2703
f 172/4072/4072 173/4073/4073 2965/2766/2766
f 173/4073/4073 174/4224/4224 3028/2829/2829
f 3028/2829/2829 174/4224/4224 175/4074/4074
f 175/4074/4074 176/4075/4075 3154/2955/2955
f 176/4075/4075 177/4076/4076 3217/3018/3018
f 177/4076/4076 178/4077/4077 3280/3081/3081
f 178/4077/4077 179/4078/4078 3343/3144/3144
f 179/4078/4078 180/4079/4079 3406/3207/3207
f 180/4079/4079 181/4080/4080 3469/3270/3270
f 181/4080/4080 182/4081/4081 3532/3333/3333
f 182/4081/4081 183/4082/4082 3595/3396/3396
f 183/4082/4082 184/4083/4083 3658/3459/3459
f 184/4083/4083 185/4084/4084 3721/3522/3522
f 185/4084/4084 186/4085/4085 3784/3585/3585
f 186/4085/4085 187/4086/4086 3847/3648/3648
f 187/4086/4086 188/4087/4087 3910/3711/3711
f 188/4087/4087 189/4088/4088 3973/3774/3774
f 189/4088/4088 190/4089/4089 4036/3837/3837
f 190/4089/4089 191/4090/4090 4099/3900/3900
f 191/4090/4090 192/4091/4091 4162/3963/3963
f 192/4091/4091 193/4093/4093 4225/4092/4092
f 193/4093/4093 4/4225/4225 194/4094/4094
f 4225/4092/4092 194/4094/4094 195/4095/4095
f 4224/3964/3964 195/4095/4095 196/4096/4096
f 4223/3962/3962 196/4096/4096 197/4097/4097
f 4222/3961/3961 197/4097/4097 198/4098/4098
f 4221/3960/3960 198/4098/4098 199/4099/4099
f 4220/3959/3959 199/4099/4099 200/4100/4100
f 4219/3958/3958 200/4100/4100 201/4101/4101
f 4218/3957/3957 201/4101/4101 202/4102/4102
f 4217/3956/3956 202/4102/4102 203/4103/4103
f 4216/3955/3955 203/4103/4103 204/4104/4104
f 4215/3954/3954 204/4104/4104 205/4105/4105
f 4214/3953/3953 205/4105/4105 206/4106/4106
f 4213/3952/3952 206/4106/4106 207/4107/4107
f 4212/3951/3951 207/4107/4107 208/4108/4108
f 4211/3950/3950 208/4108/4108 209/4109/4109
f 4210/3949/3949 209/4109/4109 210/4110/4110
f 4209/3948/3948 210/4110/4110 211/4111/4111
f 4208/3947/3947 211/4111/4111 212/4112/4112
f 4206/3944/3944 4207/3946/3946 212/4112/4112
f 4206/3944/3944 213/4113/4113 214/4114/4114
f 4205/3945/3945 214/4114/4114 215/4115/4115
f 4204/3943/3943 215/4115/4115 216/4116/4116
f 4203/3942/3942 216/4116/4116 217/4117/4117
f 4202/3941/3941 217/4117/4117 218/4118/4118
f 4201/3940/3940 218/4118/4118 219/4119/4119
f 4199/3937/3937 4200/3939/3939 219/4119/4119
f 4198/3938/3938 4199/3937/3937 220/4120/4120
f 4198/3938/3938 221/4121/4121 222/4122/4122
f 4197/3936/3936 222/4122/4122 223/4123/4123
f 4196/3935/3935 223/4123/4123 224/4124/4124
f 4195/3934/3934 224/4124/4124 225/4125/4125
f 4194/3933/3933 225/4125/4125 226/4126/4126
f 4192/3930/3930 4193/3932/3932 226/4126/4126
f 4191/3931/3931 4192/3930/3930 227/4127/4127
f 4191/3931/3931 228/4128/4128 229/4129/4129
f 4190/3929/3929 229/4129/4129 230/4130/4130
f 4188/3927/3927 4189/3928/3928 230/4130/4130
f 4187/3926/3926 4188/3927/3927 231/4131/4131
f 4186/3925/3925 4187/3926/3926 232/4132/4132
f 4185/3924/3924 4186/3925/3925 233/4133/4133
f 4184/3923/3923 4185/3924/3924 234/4134/4134
f 4183/3922/3922 4184/3923/3923 235/4135/4135
f 4182/3921/3921 4183/3922/3922 236/4136/4136
f 4181/3920/3920 4182/3921/3921 237/4137/4137
f 4180/3919/3919 4181/3920/3920 238/4138/4138
f 4179/3918/3918 4180/3919/3919 239/4139/4139
f 4178/3917/3917 4179/3918/3918 240/4140/4140
f 4177/3916/3916 4178/3917/3917 241/4141/4141
f 4176/3915/3915 4177/3916/3916 242/4142/4142
f 4175/3914/3914 4176/3915/3915 243/4143/4143
f 4174/3913/3913 4175/3914/3914 244/4144/4144
f 4173/3912/3912 4174/3913/3913 245/4145/4145
f 4172/3911/3911 4173/3912/3912 246/4146/4146
f 4171/3910/3910 4172/3911/3911 247/4147/4147
f 4170/3909/3909 4171/3910/3910 248/4148/4148
f 4169/3908/3908 4170/3909/3909 249/4149/4149
f 4168/3907/3907 4169/3908/3908 250/4150/4150
f 4167/3906/3906 4168/3907/3907 251/4151/4151
f 4166/3905/3905 4167/3906/3906 252/4152/4152
f 4165/3904/3904 4166/3905/3905 253/4153/4153
f 4164/3902/3902 4165/3904/3904 254/4154/4154
f 4163/3903/3903 4164/3902/3902 255/4155/4155
f 5/4157/4157 4163/3903/3903 256/4156/4156
f 6/4159/4159 4100/3840/3840 4163/3903/3903
f 7/4160/4160 4037/3777/3777 4100/3840/3840
f 8/4161/4161 3974/3714/3714 4037/3777/3777
f 9/4162/4162 3911/3651/3651 3974/3714/3714
f 10/4163/4163 3848/3588/3588 3911/3651/3651
f 11/4164/4164 3785/3525/3525 3848/3588/3588
f 12/4165/4165 3722/3462/3462 3785/3525/3525
f 13/4166/4166 3659/3399/3399 3722/3462/3462
f 14/4167/4167 3596/3336/3336 3659/3399/3399
f 15/4168/4168 3533/3273/3273 3596/3336/3336
f 16/4169/4169 3470/3210/3210 3533/3273/3273
f 17/4170/4170 3407/3147/3147 3470/3210/3210
f 18/4171/4171 3344/3084/3084 3407/3147/3147
f 19/4172/4172 3281/3021/3021 3344/3084/3084
f 20/4173/4173 3218/2958/2958 3281/3021/3021
f 21/4174/4174 3155/2895/2895 3218/2958/2958
f 22/4175/4175 3092/2832/2832 3155/2895/2895
f 23/4176/4176 3029/2769/2769 3092/2832/2832
f 24/4177/4177 2966/2706/2706 3029/2769/2769
f 25/4178/4178 2903/2643/2643 2966/2706/2706
f 26/4179/4179 2840/2580/2580 2903/2643/2643
f 27/4180/4180 2777/2517/2517 2840/2580/2580
f 28/4181/4181 2714/2454/2454 2777/2517/2517
f 29/4182/4182 2651/2392/2392 2714/2454/2454
f 30/4183/4183 2588/2329/2329 2651/2392/2392
f 31/4184/4184 2525/2265/2265 2588/2329/2329
f 2462/2202/2202 2525/2265/2265 31/4184/4184
f 2399/2140/2140 2462/2202/2202 32/4185/4185
f 34/4187/4187 2336/2078/2078 2399/2140/2140
f 35/4188/4188 2273/2014/2014 2336/2078/2078
f 2210/1951/1951 2273/2014/2014 35/4188/4188
f 2147/1888/1888 2210/1951/1951 36/4189/4189
f 2084/1825/1825 2147/1888/1888 37/4190/4190
f 2021/1763/1763 2084/1825/1825 38/4191/4191
f 40/4193/4193 1958/1701/1701 2021/1763/1763
f 41/4194/4194 1895/1637/1637 1958/1701/1701
f 1832/1574/1574 1895/1637/1637 41/4194/4194
f 1769/1511/1511 1832/1574/1574 42/4195/4195
f 1706/1448/1448 1769/1511/1511 43/4196/4196
f 1643/1385/1385 1706/1448/1448 44/4197/4197
f 1580/1323/1323 1643/1385/1385 45/4198/4198
f 1517/1260/1260 1580/1323/1323 46/4199/4199
f 48/4201/4201 1454/1197/1197 1517/1260/1260
f 49/4202/4202 1391/1134/1134 1454/1197/1197
f 1328/1071/1071 1391/1134/1134 49/4202/4202
f 1265/1008/1008 1328/1071/1071 50/4203/4203
f 1202/945/945 1265/1008/1008 51/4204/4204
f 1139/882/882 1202/945/945 52/4205/4205
f 1076/819/819 1139/882/882 53/4206/4206
f 1013/756/756 1076/819/819 54/4207/4207
f 950/693/693 1013/756/756 55/4208/4208
f 887/630/630 950/693/693 56/4209/4209
f 824/567/567 887/630/630 57/4210/4210
f 761/504/504 824/567/567 58/4211/4211
f 698/441/441 761/504/504 59/4212/4212
f 635/378/378 698/441/441 60/4213/4213
f 572/315/315 635/378/378 61/4214/4214
f 509/252/252 572/315/315 62/4215/4215
f 446/189/189 509/252/252 63/4216/4216
f 383/126/126 446/189/189 64/4217/4217
f 320/2/2 383/126/126 65/4218/4218
f 257/3/3 320/2/2 66/4219/4219
